Group,N,Model_Variant,TF,rs,Global_Score,Specificity_Score,Mean_MSE,Mean_WMSE,Mean_Pearson,Mean_Pearson_Pert,Mean_Pearson_TopK_DEGs,Mean_Rank_L1,Mean_Rank_Cosine,Matrix_Dist
test_seen,809,DNN_KP,0.1,1,0.1253728540769070,0.2737651812874190,0.0243961291240323,0.1551006004147170,0.275876601631878,0.3527882019851670,0.6692722712208830,0.6070427522481220,0.6174347613482630,348.5371511596700
test_unseen,145,DNN_KP,0.1,1,0.1396303491130850,0.2715763733670830,0.0245441500097513,0.1384101082172220,0.2736786353337610,0.3626024462113330,0.7286458717828450,0.6370445417375260,0.5916126931287770,66.60588584187440
Combined,954,DNN_KP,0.1,1,0.1273541651845120,0.273304045044819,0.0244186270573963,0.1525637855628960,0.2755425291861470,0.3542798848078030,0.6784709980685110,0.6116027726631780,0.613510023516161,415.4447903315790
test_seen,809,Ridge_Concat_KP,0.1,1,0.1405492676283830,0.2301104387793100,0.0238954793214015,0.1614847260117610,0.3374308922984740,0.3012601614286500,0.7275940947141500,0.615568298405789,0.5695747084543380,376.93724759759600
test_unseen,145,Ridge_Concat_KP,0.1,1,0.1327177890669510,0.2162302431276390,0.0240633360399254,0.1480440552723500,0.3371023077646210,0.294718049203,0.7525559016249400,0.641639830661794,0.5465137315917070,73.81538502370580
Combined,954,Ridge_Concat_KP,0.1,1,0.1394422526693900,0.2279698221048350,0.0239209921350136,0.1594418567693980,0.3373809502047540,0.3002658152308310,0.7314614169115960,0.6195309526795010,0.5660696333546720,450.92697696005400
test_seen,809,KNN_KP,0.1,1,0.0921944239846621,0.1545277738545260,0.0262874093058831,0.1841302083805140,0.372832813995878,0.2494068895376970,0.7346140328229380,0.6114203147435010,0.5506908766409370,488.07572412359000
test_unseen,145,KNN_KP,0.1,1,0.0925056239430305,0.1440017047751460,0.026366295536814,0.1659853027994840,0.3582048775599230,0.2341297653933560,0.7739288401491520,0.6229330245685130,0.5397546767015230,91.28428463529360
Combined,954,KNN_KP,0.1,1,0.0922069611688323,0.1529109752809880,0.0262993993514649,0.1813723348907350,0.3706094903237470,0.247084894777813,0.740705059310098,0.6131701500942630,0.549028665958322,579.6783475925760
test_seen,809,KRR_KP,0.1,1,0.1634096277484960,0.2130319530453460,0.0219642348507667,0.1612078844363480,0.3746391657617130,0.3423572630515280,0.762816618227312,0.6161143587941020,0.5621763035732580,465.22145995544300
test_unseen,145,KRR_KP,0.1,1,0.1707850873425650,0.2188897651221740,0.0218457244450958,0.1421531799598730,0.3588630233540210,0.3620316326076120,0.7925054335610650,0.6365741578318920,0.5462315012483270,86.06477209137100
Combined,954,KRR_KP,0.1,1,0.1644950668578290,0.2138291507012680,0.0219462222629027,0.1583117291438020,0.3722413244104390,0.3453476022398220,0.7674162938424000,0.6192240766772040,0.5597528273289030,551.5392958848780
test_seen,809,RIDGE_LatentReg_KP,0.1,1,0.1507862168011670,0.1951920336782410,0.0218568764058563,0.1643645293093760,0.3807727690721090,0.3529986210200990,0.7559995411345330,0.6099857713005710,0.5573655245227810,511.6688502248060
test_unseen,145,RIDGE_LatentReg_KP,0.1,1,0.1843420276210990,0.2168598282541460,0.0214242098141408,0.1422163224441310,0.3669774597481750,0.3826485110167900,0.8132058472889890,0.6389260773600610,0.550609689908456,92.60890695324910
Combined,954,RIDGE_LatentReg_KP,0.1,1,0.1556337797511470,0.198364381955784,0.0217911147121469,0.1609981875950570,0.3786759977388070,0.3575051556632020,0.7648624899753640,0.6143844551356080,0.5563386943141050,604.5242216190690
test_seen,809,LLM_KNN_KP,0.1,1,0.1204145471508350,0.2122777248996790,0.0272421853717989,0.1735612077596910,0.3507304901874640,0.2685292874058730,0.7371537095333900,0.6076225360808430,0.5861601578257200,383.1577620598380
test_unseen,145,LLM_KNN_KP,0.1,1,0.1405468809313930,0.2288367161262440,0.0265588184711476,0.1480288185751610,0.3406659154659620,0.2899811255918590,0.7727484450701900,0.641466150450483,0.5698881933639690,70.83294267934180
Combined,954,LLM_KNN_KP,0.1,1,0.1233979744608180,0.2146396603337290,0.02713831933344,0.1696804987117280,0.3492007592287460,0.2717897869205150,0.7426683868700770,0.6127664816611340,0.5836869556800660,454.12859898426100
test_seen,809,DNN_MultiCtx,0.1,1,0.338518160169483,0.3659684787169700,0.017886786019989,0.1119824344770300,0.4251741407473940,0.5024470854714880,0.8675167284657560,0.6962373715428610,0.6293598901134530,443.0994505992900
test_unseen,145,DNN_MultiCtx,0.1,1,0.2211810064281450,0.2455830113717770,0.0202029292953425,0.1305744354809930,0.384800518573872,0.4458484935237660,0.8309673620218580,0.650967905344285,0.558787133191012,97.84946691262260
Combined,954,DNN_MultiCtx,0.1,1,0.321290886745788,0.3480560183213720,0.0182388203752576,0.1148082627218670,0.4190376887398880,0.4938445741167510,0.861854150565997,0.6893567922988420,0.6186334228663320,540.8673789653490
test_seen,809,MLP_Concat_KDP,0.1,1,0.2019414116601590,0.2533475141852360,0.0203450723550925,0.1493299014343720,0.3829401602790280,0.4204045901408240,0.7708887340749300,0.6338918022197810,0.5847320996605610,491.09756992536500
test_unseen,145,MLP_Concat_KDP,0.1,1,0.1468640620420900,0.1941575978159670,0.0216603357344865,0.1440897888361460,0.3569969331749300,0.3883974667295310,0.7760103980417960,0.6245902232514380,0.542584216810797,101.02982037092400
Combined,954,MLP_Concat_KDP,0.1,1,0.193805329357407,0.2444544751206600,0.0205449813592981,0.1485334482616860,0.3789970073124720,0.4155397757858580,0.7716822313092330,0.632478040217255,0.5783259749087620,592.2509263734580
test_seen,809,Ridge_Concat_KDP,0.1,1,0.2720468061854910,0.3464221781722320,0.0202287725692129,0.1342843661360280,0.3754519236226790,0.4139593534072440,0.7980773240762450,0.6894836032722120,0.6158718094054690,331.04581172081700
test_unseen,145,Ridge_Concat_KDP,0.1,1,0.0950089059534501,0.1379516019799570,0.02446311229583,0.1637017390875310,0.3466016436497490,0.2701876246449760,0.773216072639281,0.5844773311140860,0.5276115352607010,89.58222456022350
Combined,954,Ridge_Concat_KDP,0.1,1,0.2457842053185380,0.3152554747269620,0.0208723566995687,0.1387555601380910,0.3710669229978630,0.3921072562683250,0.7942255808958710,0.6735235304599180,0.6024569878635490,421.02982065139200
test_seen,809,KNN_KDP,0.1,1,0.0960546299952118,0.1146947783332710,0.0243749382530774,0.1869843180155240,0.3922026235573970,0.2301343285396540,0.7675317925484670,0.6104267701889940,0.5399668213189240,583.1271675446470
test_unseen,145,KNN_KDP,0.1,1,0.0805865709599538,0.1050415679734660,0.0247775117566113,0.1690048749912470,0.3653870802781630,0.2315428885017130,0.7804727891377700,0.6016644353583960,0.5280674458153920,105.10354171453100
Combined,954,KNN_KDP,0.1,1,0.0938736438596888,0.1132897809008610,0.0244361260497361,0.1842515934468450,0.3881268858472410,0.2303484178420630,0.7695367356820210,0.6090949687734420,0.5381582160275070,688.4147412593950
test_seen,809,KRR_KDP,0.1,1,0.2169377284092510,0.263526006727086,0.0205379071984603,0.1503596715172430,0.3913317710788020,0.3934124920461390,0.7875151194886210,0.6428648325436430,0.5841743657722610,439.4601579197060
test_unseen,145,KRR_KDP,0.1,1,0.1684208034061790,0.2747816856124500,0.0223062618261739,0.1379372099637550,0.321128675023773,0.3785694864006890,0.7414820697363870,0.6362485074356840,0.5764012012881280,63.605787315142300
Combined,954,KRR_KDP,0.1,1,0.2105098191666730,0.2659353035716040,0.0208066822729031,0.148471561532698,0.3806614891836460,0.3911564796576800,0.7803832385410920,0.641859206610043,0.5829929099544420,500.96044032810200
test_seen,809,RIDGE_LatentReg_KDP,0.1,1,0.1917913094027180,0.2343630489088000,0.0206669691275494,0.1562746010656630,0.3953640994222160,0.3910566134851270,0.772511672356391,0.6334650709424540,0.576018480447536,495.29840529958000
test_unseen,145,RIDGE_LatentReg_KDP,0.1,1,0.1972331240334480,0.2475609082360630,0.0214666048071427,0.1390706037430850,0.3534931457656080,0.3984224376399340,0.8068469348342800,0.6389260773600610,0.569794116582842,82.65333381667710
Combined,954,RIDGE_LatentReg_KDP,0.1,1,0.1927125946698800,0.2366159966901540,0.0207885070453073,0.1536597377409520,0.3890000655855200,0.3921761569887400,0.777831220064233,0.6342950981233270,0.5750724293360260,577.231263678711
test_seen,809,BalancedKRR_lambda0.5_KDP,0.1,1,0.2976828854999510,0.3362666130821130,0.0186507410566644,0.1331270659332450,0.4186080089156860,0.462478206515137,0.831103665719977,0.6904395332156470,0.6222027375654530,424.8642697415870
test_unseen,145,BalancedKRR_lambda0.5_KDP,0.1,1,-0.0008552229545923,0.2604282247473140,0.026739347871208,0.1563646643523450,0.211882989033444,0.3287401627678420,0.5243220314832480,0.551738611281977,0.6529073343705900,49.44863645917220
Combined,954,BalancedKRR_lambda0.5_KDP,0.1,1,0.2567642233852380,0.3282360681627070,0.0198801414634871,0.1366589860283910,0.3871875394367290,0.4421511453585780,0.783574116753723,0.6693581561921860,0.626869578798938,464.0456974332190
test_seen,597,DNN_KP,0.3,1,0.2314132464910200,0.2977090386902340,0.0202079079425121,0.1409786628445490,0.3822258064329120,0.3821156206576870,0.7686438937009920,0.6385684608377020,0.6199938061879350,307.9924985617920
test_unseen,145,DNN_KP,0.3,1,0.2247618565242950,0.3096663079493680,0.0202658671179208,0.1284659118950180,0.386045288145221,0.389530194066872,0.7714729357849470,0.6716087300479310,0.6209874819675180,75.10762739387070
Combined,742,DNN_KP,0.3,1,0.230682959121207,0.2999291026744180,0.0202192341964666,0.1385334487102070,0.3829722011071500,0.3835645602053040,0.7691956572280040,0.6450251172197550,0.6201879881125160,383.4880474045340
test_seen,597,Ridge_Concat_KP,0.3,1,0.2003211707402050,0.313828313245149,0.0236551040226602,0.1397523559439790,0.3304114226194000,0.2886554274833310,0.7387675632300090,0.6511075394968550,0.6116547650533370,215.9566337981040
test_unseen,145,Ridge_Concat_KP,0.3,1,0.1668343394701800,0.3021866773085020,0.0241521834138909,0.1308460838916710,0.3359219470976630,0.2811759053218370,0.726516967876391,0.6802829354553490,0.5932058262366790,56.67208893432510
Combined,742,Ridge_Concat_KP,0.3,1,0.1947290661871900,0.311538194566007,0.0237522421786285,0.138011911944539,0.3314882771333460,0.2871937957940900,0.7363782627177790,0.6568089308903610,0.6080495142064160,272.7101434992920
test_seen,597,KNN_KP,0.3,1,0.1715415387347600,0.2016333921301290,0.021955535859883,0.15757890769409,0.4030172815172440,0.2944219735755490,0.7793079442985030,0.6213320312764910,0.569136731792114,389.13398258471000
test_unseen,145,KNN_KP,0.3,1,0.1936599083983030,0.2136638888501760,0.0214346123153049,0.1394807353629950,0.3909202242597300,0.3105674226942470,0.8330154063205960,0.6543068546698310,0.5594583275164040,96.31521503103380
Combined,742,KNN_KP,0.3,1,0.1755773960057450,0.2038361021934980,0.0218537381321689,0.1540422028584990,0.4006533013254120,0.2975770815569660,0.7897828039127410,0.6277758983816580,0.567245399420176,485.77076901459600
test_seen,597,KRR_KP,0.3,1,0.2147637102456720,0.2553333730685540,0.0204223437910486,0.1456046948320040,0.3943071772951390,0.3440112412913240,0.7875397716183040,0.6339321438501550,0.5842980082599230,339.9215860378200
test_unseen,145,KRR_KP,0.3,1,0.2171476723238970,0.2610094484587920,0.0204615610321369,0.1324832088663570,0.3821702150957360,0.3632971423708190,0.8163480048850910,0.6601982409604910,0.5722834938805900,83.89424493567010
Combined,742,KRR_KP,0.3,1,0.2153373345718020,0.2563534367576390,0.0204300075376224,0.1430405230462640,0.391935398967762,0.3477800494537590,0.7931583986738830,0.6390650064930110,0.5819501584149050,424.1086831777630
test_seen,597,RIDGE_LatentReg_KP,0.3,1,0.2005509921092290,0.2389691447492300,0.0204030881254013,0.1492806264235380,0.4008673869656610,0.3531555369933890,0.7755176281667850,0.6273585652056960,0.5809479245078290,368.3608797016160
test_unseen,145,RIDGE_LatentReg_KP,0.3,1,0.2227245390950030,0.2550540736251020,0.0200896798728194,0.1329489873415370,0.3881472355772780,0.3854970527409340,0.8279213550627000,0.6585043510633350,0.5734375727116200,90.67885255303860
Combined,742,RIDGE_LatentReg_KP,0.3,1,0.2046117554859160,0.2419487688203250,0.02034184257739,0.1460891336110170,0.3983816430959630,0.3594756445181790,0.7857382131996760,0.6334450058382530,0.5794802681595130,459.4150804948690
test_seen,597,LLM_KNN_KP,0.3,1,0.1953694408912060,0.3004614687109560,0.0239325041495838,0.1415627556385740,0.3518368319909040,0.2960410991938120,0.7398675511216860,0.634329994552158,0.6117248410292580,233.24016021810900
test_unseen,145,LLM_KNN_KP,0.3,1,0.2378091609951500,0.3322985337329690,0.0226276645348029,0.1210452781839390,0.3495167376418390,0.3294954803720580,0.8035854836966110,0.696477267439155,0.5945739680766900,56.183069746095100
Combined,742,LLM_KNN_KP,0.3,1,0.2033310669979090,0.3064887009321540,0.0236775152760754,0.1375532755429910,0.3513834442811810,0.3025786804213670,0.7522948074749520,0.6464746772591860,0.608373255344457,289.24679838329200
test_seen,597,DNN_MultiCtx,0.3,1,0.3651888419950150,0.3914670091684250,0.0167633856459906,0.108223535264447,0.4468601015957040,0.4900419300925890,0.8685384401107940,0.7242826819658350,0.6392714811122640,322.4650963733780
test_unseen,145,DNN_MultiCtx,0.3,1,0.2884370995326470,0.3135552702882060,0.0187107387849868,0.1183561710913510,0.4222835835262110,0.4216215606558180,0.856763315234672,0.6947461491926100,0.603136488435944,85.92330703184540
Combined,742,DNN_MultiCtx,0.3,1,0.351018714918536,0.3767424730192820,0.0171439330922904,0.1102036325621570,0.4420574127546310,0.4766713727228690,0.8662418732023300,0.7185107180141940,0.6322100607105570,408.174940425671
test_seen,597,MLP_Concat_KDP,0.3,1,0.3060178631069470,0.3748982359964250,0.0186228097921121,0.128780046807672,0.3974259878437380,0.4383660731709130,0.8027861961840530,0.6675573097154690,0.6741105437217580,260.7070844515270
test_unseen,145,MLP_Concat_KDP,0.3,1,0.1926850036045970,0.2756793982975740,0.0212301035925489,0.138571910064162,0.3748555986226760,0.3740537978514340,0.7642237326299600,0.6368746800688720,0.6111312764670300,75.86978706163630
Combined,742,MLP_Concat_KDP,0.3,1,0.2852522663477390,0.3559347961630900,0.0191323213838417,0.1306935510828620,0.3930153322681930,0.4257983104737100,0.7952651483277590,0.6615613780459860,0.6618032745142970,336.45678149768100
test_seen,597,Ridge_Concat_KDP,0.3,1,0.3432033052302960,0.4301551109159720,0.0199463059127305,0.1126865110160640,0.3799179740188390,0.3937250280799510,0.8313382020392480,0.7254084186112750,0.6730729671750570,189.0141567953440
test_unseen,145,Ridge_Concat_KDP,0.3,1,0.0760950884677768,0.1467804677762480,0.0258463695838019,0.1653300012389150,0.333740167086944,0.1802139182364200,0.7540478891439060,0.5846433058774260,0.5328679789659830,76.15390530202080
Combined,742,Ridge_Concat_KDP,0.3,1,0.2931810590323150,0.3757848037592230,0.0210992833147593,0.1229739855205290,0.3708940090523640,0.3520011589056760,0.8162638502334190,0.6979004114058730,0.6456744182662750,265.7667691151140
test_seen,597,KNN_KDP,0.3,1,0.1851232407584480,0.212631843719688,0.0217269478633628,0.1542857039042570,0.4143490813552240,0.2958351422661720,0.7866142085435540,0.6388849329870220,0.5760086984630760,395.0838365334280
test_unseen,145,KNN_KDP,0.3,1,0.1936599083983030,0.2136638888501760,0.0214346123153049,0.1394807353629950,0.3909202242597300,0.3105674226942470,0.8330154063205960,0.6543068546698310,0.5594583275164040,96.31521503103380
Combined,742,KNN_KDP,0.3,1,0.1866694496759160,0.2128178996590250,0.0216698202966938,0.1513925496744960,0.4097706658850810,0.2987140919455130,0.7956640875426230,0.6418986508360890,0.5727744615530120,491.5902976483770
test_seen,597,KRR_KDP,0.3,1,0.2734557269121170,0.3089660871390200,0.0188936300484205,0.1337537389733310,0.4168097230602590,0.4039019556387390,0.8163986331520780,0.6669130628400660,0.6064533192277180,325.27377460502800
test_unseen,145,KRR_KDP,0.3,1,0.2015467190998890,0.3112371762946020,0.0215070272239209,0.1340903898950270,0.3415600988992990,0.3716641884644010,0.7542007244789690,0.6385778770533760,0.6177765368327980,57.984761782478200
Combined,742,KRR_KDP,0.3,1,0.2617290559941120,0.3108604618490960,0.0194043343482151,0.1338195265523680,0.402104607826648,0.3976021224308160,0.8042678353612230,0.6613758634612660,0.6086660773850450,380.18156316618700
test_seen,597,RIDGE_LatentReg_KDP,0.3,1,0.2547735083522710,0.2970677455624670,0.0190653661123843,0.1384950443962170,0.4175228892647650,0.4031104923845170,0.7929649570143120,0.6596409849517490,0.61439224914496,344.5682933161060
test_unseen,145,RIDGE_LatentReg_KDP,0.3,1,0.224667296153214,0.3021358943781120,0.0206098657545742,0.1319347432001770,0.3608491189113860,0.4013804060580410,0.7920421231366110,0.6465540509097680,0.612052678114384,70.50097866164980
Combined,742,RIDGE_LatentReg_KDP,0.3,1,0.2500735960197070,0.2990729928013550,0.0193671888187421,0.1372130448363440,0.4064478263250880,0.4027724027385070,0.7927849716835540,0.6570835652265640,0.6139350553451840,412.7511875450230
test_seen,597,BalancedKRR_lambda0.5_KDP,0.3,1,0.3500532247004500,0.3871638702126970,0.0173630104935941,0.1170483857766280,0.4386587788771950,0.4665451122345290,0.8512109899614060,0.7122183115306630,0.6543875472730270,300.74587248020400
test_unseen,145,BalancedKRR_lambda0.5_KDP,0.3,1,0.0061594514825815,0.2817611661767240,0.0271039831308702,0.1640844562442870,0.2170050594653570,0.2716775706253160,0.5246992179691630,0.5535483270510490,0.7277397738377770,46.516587160026500
Combined,742,BalancedKRR_lambda0.5_KDP,0.3,1,0.2909745151946280,0.3711763554669870,0.019266569836458,0.1262400707062910,0.3953436989382240,0.4284645279577960,0.7875296159912880,0.6812113738628140,0.6687218772620960,337.9612720931670
test_seen,359,DNN_KP,0.5,1,0.2609909849229830,0.307033110499402,0.0196245561216369,0.134755190838837,0.3995841764624450,0.4062430840662900,0.8063983869221480,0.6421692685114940,0.6038587417002170,186.9099336799660
test_unseen,145,DNN_KP,0.5,1,0.2772218940631590,0.3288573072820780,0.0190241097552894,0.1187275209000930,0.4045131433177100,0.4085635408458160,0.8356214878234000,0.6907246178103790,0.6173716322753140,76.03161602282990
Combined,504,DNN_KP,0.5,1,0.2657885450069520,0.313138175608146,0.0194518086551282,0.1301440556382060,0.4010022324029470,0.406910675798495,0.814857705604089,0.6561385654328,0.6077463788696390,262.9875915235380
test_seen,359,Ridge_Concat_KP,0.5,1,0.2307231801550850,0.3311140737285380,0.0242118332638796,0.1334426167410400,0.3288696717754950,0.2881162670247750,0.7881722913020190,0.656772457178932,0.6191098534143330,126.22739158440400
test_unseen,145,Ridge_Concat_KP,0.5,1,0.2076447745017880,0.3356741532227330,0.0244793337352316,0.1241326138036690,0.3403726298960150,0.2847006626573490,0.7746332515369760,0.7014464934530750,0.6170699938301230,52.00554110413930
Combined,504,Ridge_Concat_KP,0.5,1,0.2253413790628950,0.3323670460521310,0.0242887927248837,0.1307641436737410,0.332179054568105,0.2871336030698610,0.784253095580559,0.6696251065038340,0.618522989049828,178.22155638539300
test_seen,359,KNN_KP,0.5,1,0.2101027332236510,0.2282469663299930,0.0217341181659059,0.1498369276665630,0.4053059529633980,0.31485183027864,0.8233855077005300,0.6249743876573430,0.5801735547716490,227.67112468127300
test_unseen,145,KNN_KP,0.5,1,0.2202297048924690,0.2381395912317450,0.0212718168466073,0.1336552538374210,0.4014902864481630,0.3234612797282140,0.8553835203404320,0.6656474943442790,0.5771988757112500,93.7234495506399
Combined,504,KNN_KP,0.5,1,0.2129877218192900,0.2309036159504120,0.0216011148101553,0.1451814857911150,0.4042081917635790,0.3173287552194900,0.8326480903068170,0.6366759758906880,0.5793177443276850,321.63331521025900
test_seen,359,KRR_KP,0.5,1,0.2374988865916830,0.2710672103347660,0.0204055155674146,0.1429015942138400,0.3910119897841440,0.3569286958758090,0.816447798732466,0.627388870121887,0.5945053910520170,197.4637523283340
test_unseen,145,KRR_KP,0.5,1,0.2415215481424180,0.2803231186040510,0.0199964480904535,0.1293547386064250,0.3891898330671340,0.3765428919510410,0.8398122940890000,0.6636594227737030,0.5893878110646470,80.49771657791360
Combined,504,KRR_KP,0.5,1,0.2389091738410560,0.2736226246698790,0.0202878275036064,0.1390041853585320,0.3904877581889720,0.3625716689530090,0.8232112052830420,0.6378238505475090,0.593033071412793,278.10326257913800
test_seen,359,RIDGE_LatentReg_KP,0.5,1,0.2363721965020380,0.254205206431057,0.0203317334759072,0.1464638998010730,0.4009941564844930,0.3686806095675070,0.8318906136484340,0.624088339046501,0.5891724859755120,217.36816583889800
test_unseen,145,RIDGE_LatentReg_KP,0.5,1,0.2430467926520500,0.2731423687181460,0.0195995648513846,0.1289566858812210,0.3978890465155100,0.3955308537839330,0.8439793425097270,0.6633029409748410,0.5894152327414820,88.13463849159580
Combined,504,RIDGE_LatentReg_KP,0.5,1,0.2386488075696720,0.2593906694605280,0.0201210897248045,0.1414271021455600,0.4001008212751620,0.3764053822091370,0.8353899825293340,0.6353703177758840,0.589242323834769,305.83966415522900
test_seen,359,LLM_KNN_KP,0.5,1,0.2477175960693500,0.3165148111911880,0.0232848696756623,0.1334005584528660,0.3703844530522410,0.3044932344068440,0.8171266253074720,0.6473969553154610,0.618085359708047,148.65446055290000
test_unseen,145,LLM_KNN_KP,0.5,1,0.251571644423342,0.3311642168605860,0.023556963651093,0.1230770479793770,0.3748140076688370,0.3143674502092110,0.8370380351158820,0.7088229245218350,0.6164118735860700,61.92981491902030
Combined,504,LLM_KNN_KP,0.5,1,0.2490724316565130,0.3205110459655100,0.0233631506804985,0.1304305008761680,0.3716588288843970,0.3073340306198260,0.822890454462538,0.665069109154596,0.6176039004070810,210.66671811442200
test_seen,359,DNN_MultiCtx,0.5,1,0.3919504063476320,0.4182079629732950,0.0165825162224295,0.0983319493244622,0.4394758703293470,0.4992408597212200,0.8902536095706400,0.7336150229541970,0.6558088793146410,191.8084180325900
test_unseen,145,DNN_MultiCtx,0.5,1,0.2718742241330480,0.3330900515458270,0.0188681382734071,0.1140179843372260,0.4055137116494110,0.424901866850091,0.8198781155642460,0.7018852402824430,0.6174813189826560,81.96771025337620
Combined,504,DNN_MultiCtx,0.5,1,0.3599424715476860,0.3944612611007250,0.0172400860585242,0.102844796699166,0.4297050111853180,0.4778536494705980,0.8698817560424730,0.7244864148442680,0.6447821010445270,273.83125241449500
test_seen,359,MLP_Concat_KDP,0.5,1,0.3311253938714670,0.3686625648008040,0.0176702522553378,0.1189554094458060,0.4236272837743580,0.4589735530089340,0.8437281564429950,0.6967000227049960,0.6352359381316560,187.5308308962010
test_unseen,145,MLP_Concat_KDP,0.5,1,0.2374442830770470,0.2736720343251380,0.0196103573279005,0.1292246695954900,0.409907171676128,0.3875589071084450,0.8294660727747460,0.667210529923905,0.595118941523274,88.91679095147980
Combined,504,MLP_Concat_KDP,0.5,1,0.3056822677752320,0.3421500096225550,0.0182284174051823,0.1219098592904570,0.4196800293016530,0.4384276727399440,0.8395996585390290,0.6882159424405950,0.6236943418851970,276.1562346446360
test_seen,359,Ridge_Concat_KDP,0.5,1,0.3826575938242560,0.466102122036698,0.0202474834833263,0.1015207300351130,0.3796725742208240,0.399236819851627,0.8705232467916280,0.7442476062843000,0.6963732922797480,107.6141675351840
test_unseen,145,Ridge_Concat_KDP,0.5,1,0.0831128810587176,0.1576922422840000,0.0266348215109058,0.1657825217189730,0.3291942695444770,0.1609683691100030,0.7735642931678080,0.5897168711866730,0.5492424761774180,71.20087278001320
Combined,504,Ridge_Concat_KDP,0.5,1,0.3003977912947360,0.3793794423336440,0.0220851104952291,0.1200087454997160,0.3651500460897320,0.3306873647771520,0.842456181268943,0.6997893590835940,0.6540439900280850,179.31561083368600
test_seen,359,KNN_KDP,0.5,1,0.2280549931625570,0.2403351535222420,0.021493243505383,0.1456781360404420,0.4163474731218000,0.3229020278292360,0.8386950275172470,0.6409620272792220,0.5856670561588690,231.37184050668900
test_unseen,145,KNN_KDP,0.5,1,0.2202297048924690,0.2381395912317450,0.0212718168466073,0.1336552538374210,0.4014902864481630,0.3234612797282140,0.8553835203404320,0.6656474943442790,0.5771988757112500,93.7234495506399
Combined,504,KNN_KDP,0.5,1,0.2261746664328110,0.2397120752881970,0.0214295394071241,0.1422191719145730,0.4120730840986300,0.3230629237128700,0.8435259070186960,0.6480639969705580,0.5832307740856450,325.24693750439400
test_seen,359,KRR_KDP,0.5,1,0.3177296908813280,0.3529782065582630,0.018867833590463,0.1251107540494890,0.4065888397083470,0.4151663719578640,0.8563702906193090,0.6722783078686660,0.6363213476799370,172.14727227776700
test_unseen,145,KRR_KDP,0.5,1,0.2026593576779940,0.34478242616999,0.0220977213457364,0.1316277145177000,0.3188651847459040,0.3616831882362560,0.7429286305225790,0.628751628162062,0.6661822170425720,46.07247802634680
Combined,504,KRR_KDP,0.5,1,0.289401162931219,0.3531629883753980,0.0197970671708492,0.1269856732318120,0.381350883419549,0.3997793448950990,0.8235319153281500,0.6597557512070430,0.6449122723973620,214.4682970950780
test_seen,359,RIDGE_LatentReg_KDP,0.5,1,0.2938566556732550,0.3196036876390560,0.0188846328008616,0.1346072028127770,0.4159777024428960,0.4225530003483940,0.8458834854752970,0.6592700067007430,0.6342003688177340,203.34845931918300
test_unseen,145,RIDGE_LatentReg_KDP,0.5,1,0.2484324050344340,0.328061251345061,0.0204328179121648,0.1294284746790510,0.3658983674656340,0.4068832117579150,0.8112893994054400,0.647768561047508,0.6410776718996370,63.75990118791730
Combined,504,RIDGE_LatentReg_KDP,0.5,1,0.2831559369891910,0.3234860493257520,0.0193300431999469,0.1331172909489070,0.4015699572609460,0.4180448270435940,0.8358694079287600,0.65596105904257,0.6361789579980440,264.88440767694100
test_seen,359,BalancedKRR_lambda0.5_KDP,0.5,1,0.3989479300458480,0.430437507243586,0.0171350857444311,0.1076696829402610,0.4338105103473440,0.4847738042763580,0.897345883883778,0.7207839315084420,0.6831933191934740,162.8885696654550
test_unseen,145,BalancedKRR_lambda0.5_KDP,0.5,1,0.0256850222654637,0.2835106134574910,0.0272826175359008,0.1641984096913180,0.211690767624561,0.2598141989798170,0.5804745531400830,0.5493110303695070,0.7400425035990950,45.504328796937100
Combined,504,BalancedKRR_lambda0.5_KDP,0.5,1,0.3018854683974150,0.3926994621361270,0.0200545145336436,0.1239329078984020,0.3699070129370200,0.4200532829112810,0.8056199723527080,0.6714514500299790,0.6995487393101710,203.86317804383800
test_seen,808,DNN_KP,0.1,2,0.1486299672361830,0.2400567048985410,0.0227992987305751,0.1664997858041690,0.3251789289511230,0.3394370466807570,0.7102984407041160,0.5974219553102850,0.5954633987988960,402.8317551132010
test_unseen,108,DNN_KP,0.1,2,0.1041645737942180,0.2552947194413430,0.0236717900175049,0.1361847914254830,0.3337383409185960,0.3427314041138810,0.7307258375534200,0.5792956891317550,0.5955272212102820,52.75820382485560
Combined,916,DNN_KP,0.1,2,0.1453997438583660,0.24179905946326,0.0229021688823092,0.1629255288250230,0.3261881172616980,0.3398254643693780,0.7126378911812710,0.5952847972892360,0.595470923712029,455.6623384108570
test_seen,808,Ridge_Concat_KP,0.1,2,0.1755895761183210,0.2564683232416890,0.0235706576120827,0.1611573878606980,0.3422994866654300,0.2841983542087380,0.7484917612761050,0.6389019639668890,0.5815167992209060,352.5852488586260
test_unseen,108,Ridge_Concat_KP,0.1,2,0.0909311359609862,0.2805469256951290,0.0235467660327062,0.1286506787507600,0.363424147386535,0.2997954983691980,0.6775796532733140,0.6139243068204820,0.6008601497672540,47.11217736262630
Combined,916,Ridge_Concat_KP,0.1,2,0.1696601813864900,0.2592014949606690,0.0235678407009772,0.157324719101011,0.3447901671871320,0.2860373188040760,0.7403705422031600,0.6359570000238620,0.5837974562722220,399.7450382753030
test_seen,808,KNN_KP,0.1,2,0.1658326355152440,0.2040747675743030,0.0229939930833776,0.1688878039360970,0.3855607208584010,0.287719073079662,0.7741961444618600,0.633759400530217,0.560414975923822,477.05264149879100
test_unseen,108,KNN_KP,0.1,2,0.1832982940401040,0.2422793370382350,0.0233437442184293,0.1333267395678900,0.4033011062228830,0.3101360233714310,0.8366410523205610,0.6376745598057070,0.5710686095932000,62.19011136508560
Combined,916,KNN_KP,0.1,2,0.1682176289782690,0.2084945629084710,0.023035230116768,0.1646950146874440,0.387652382014912,0.290362119620613,0.7813476562557330,0.6342210131958860,0.5616710812036180,539.4151829737850
test_seen,808,KRR_KP,0.1,2,0.1721423172140750,0.1844295118365970,0.0210805875819087,0.169568740569199,0.3993033910726520,0.3408911739371620,0.7887397124069780,0.6164340204512250,0.554542011578207,557.5624358577830
test_unseen,108,KRR_KP,0.1,2,0.1789754323919260,0.2123411389019110,0.0212477875106292,0.1362625229536700,0.4171680177312890,0.3662781006763370,0.8391683728412530,0.6063651082776770,0.5621432908318150,73.50495837911850
Combined,916,KRR_KP,0.1,2,0.1734665405315620,0.1876429970660620,0.0211003011106225,0.1656418066145300,0.4014097007660290,0.3438843923736590,0.7945150617863220,0.6152468561338200,0.5554382322762310,631.2939236038880
test_seen,808,RIDGE_LatentReg_KP,0.1,2,0.1718694281921450,0.1937062743476130,0.0212559073898575,0.1688568496249650,0.3940552479665800,0.3367123956387480,0.7794082794757760,0.6217929989720280,0.5585781528972570,537.0647893234650
test_unseen,108,RIDGE_LatentReg_KP,0.1,2,0.1699117212324240,0.2329386303174390,0.0211436634837401,0.1324636834421340,0.4144305784169100,0.3707633093589520,0.8066940195369740,0.6234061930783240,0.5664642784861370,70.19857933347170
Combined,916,RIDGE_LatentReg_KP,0.1,2,0.1728281324486820,0.1982151991479610,0.021242673392193,0.1645659523020990,0.3964575795043920,0.3407271321909120,0.7825331826671420,0.6219832008972250,0.5595079580976930,607.5868921829930
test_seen,808,LLM_KNN_KP,0.1,2,0.166668398329464,0.2476623154289440,0.0250200646998317,0.1624796070870150,0.3526936150456040,0.2769643557904280,0.7519933607085320,0.6308283287345130,0.5840461505166910,364.8310773270400
test_unseen,108,LLM_KNN_KP,0.1,2,0.1260433230733080,0.2875323828264760,0.0253183494663662,0.1297393125164960,0.3748262451520240,0.3048113504361010,0.7320610943881900,0.6449504148957700,0.5874418133980980,46.94838476148620
Combined,916,LLM_KNN_KP,0.1,2,0.1645754282877360,0.2522920950335910,0.0250552336461043,0.1586193976835040,0.3553031391192870,0.28024762590149,0.7497106151243580,0.6324933781945740,0.5844465125158090,412.0829558657810
test_seen,808,DNN_MultiCtx,0.1,2,0.3129942240917320,0.3465704569926640,0.0176605300238415,0.1209718961712200,0.4245692751627410,0.4817399818781490,0.8285356406827550,0.7033936590380350,0.6156643943082830,478.2100087459730
test_unseen,108,DNN_MultiCtx,0.1,2,0.191652767961786,0.2875814821762780,0.0194558469337169,0.1111885208509240,0.4225780734796660,0.4273032700538880,0.7740044378471080,0.6570835863185590,0.5880793361667680,71.48307595842250
Combined,916,DNN_MultiCtx,0.1,2,0.3018716711670980,0.3399952887007020,0.0178722049433465,0.1198183977710110,0.4243345046586230,0.4753216796106600,0.8222904470619130,0.6979335194597560,0.6124120075405060,548.5518378010680
test_seen,808,MLP_Concat_KDP,0.1,2,0.2412598295041690,0.2956729234931540,0.0202054720738496,0.152559788124337,0.3786602050872220,0.4209846872279580,0.7875782129937220,0.6285776118595470,0.6359695395769090,425.9364444147080
test_unseen,108,MLP_Concat_KDP,0.1,2,0.0847825092557317,0.2245076233973570,0.0230148524192541,0.1409609578554760,0.3704435477481670,0.3812917408811930,0.7146204430155640,0.5655737704918030,0.5791337785873310,63.36606830580710
Combined,916,MLP_Concat_KDP,0.1,2,0.2267022716769380,0.2874598851717740,0.0205367090578056,0.1511922404507160,0.3776914288944080,0.4163047328551950,0.7792227141973410,0.6211492113489390,0.6292683799842510,489.12826582785500
test_seen,808,Ridge_Concat_KDP,0.1,2,0.3033674720932530,0.3801447335802120,0.0198371396777519,0.1334192401320250,0.3776749366778600,0.3986130411807170,0.8048943706291610,0.7098874641562520,0.6409322079748960,293.858576939525
test_unseen,108,Ridge_Concat_KDP,0.1,2,0.0215421509234611,0.1704707877624860,0.0251287408862952,0.1562259368361300,0.36008316025288,0.2466268966206130,0.688730445304295,0.5475409836065570,0.5513863590366320,57.53983493519510
Combined,916,Ridge_Concat_KDP,0.1,2,0.2751262994816370,0.3558568912505110,0.0204610402569252,0.1361082393067450,0.3756007970993690,0.3806932774116220,0.7915906808573190,0.690746176056506,0.6303744004581570,350.8427243833940
test_seen,808,KNN_KDP,0.1,2,0.1798198061290820,0.2113271004593500,0.0229384851111461,0.1661472530081450,0.3977383368518150,0.2892050650782210,0.7892987053075150,0.6503557322945410,0.5666923659579070,494.0009592884830
test_unseen,108,KNN_KDP,0.1,2,0.1832982940401040,0.2422793370382350,0.0233437442184293,0.1333267395678900,0.4033011062228830,0.3101360233714310,0.8366410523205610,0.6376745598057070,0.5710686095932000,62.19011136508560
Combined,916,KNN_KDP,0.1,2,0.1808590986250590,0.2149469495417770,0.0229862667526162,0.1622775854846220,0.3983942092230760,0.2916729073223990,0.7947205942112430,0.6488605722194380,0.567208342281719,556.1352124312590
test_seen,808,KRR_KDP,0.1,2,0.2138114340446570,0.2248367569491020,0.0198803505058281,0.1598185746947070,0.413818543734638,0.3936273095313220,0.8058675909533280,0.6424579343180220,0.5677216902018070,549.3541816650400
test_unseen,108,KRR_KDP,0.1,2,0.1774091207457750,0.2267720809834850,0.021783796754393,0.1373690592801100,0.4045673300960410,0.3791171004848790,0.8310556007178920,0.5847298117789920,0.5711090872293060,65.65358277787940
Combined,916,KRR_KDP,0.1,2,0.2106528749975310,0.2251859982420230,0.020104774299327,0.1571716885977890,0.4127277892881660,0.3919164988577240,0.8087522512894930,0.635651561791586,0.5681210776242630,614.3099330945560
test_seen,808,RIDGE_LatentReg_KDP,0.1,2,0.2160212156218550,0.240530470268557,0.0200664968468995,0.1590267310041620,0.4077604943789700,0.3832131575853380,0.7935915241889740,0.6496388573283560,0.5766975058161550,510.78415792686500
test_unseen,108,RIDGE_LatentReg_KDP,0.1,2,0.1659867313633750,0.2612896766997930,0.0213581521225395,0.1306586363079030,0.4014152113262120,0.3905472788252070,0.780042262883265,0.6098664238008500,0.5854887674559810,61.45253202863960
Combined,916,RIDGE_LatentReg_KDP,0.1,2,0.2123404872309940,0.2430142388165610,0.0202187880802719,0.1556820211491440,0.4070123605692560,0.3840778793035750,0.7920397931455830,0.6449495311045890,0.5777340301143010,571.7687813517300
test_seen,808,BalancedKRR_lambda0.5_KDP,0.1,2,0.3263533888205910,0.3614239868625710,0.0180718253664311,0.1308752127048600,0.4267314084004420,0.4530050147596840,0.8412117535850190,0.7158145322729000,0.630062760374398,408.1835771662870
test_unseen,108,BalancedKRR_lambda0.5_KDP,0.1,2,-0.0091942683652118,0.2500135185792520,0.0284387496657381,0.1660833621804840,0.2601086498158370,0.2537352338158110,0.6230640064930550,0.5058793766444040,0.6798320178101600,34.24188552862380
Combined,916,BalancedKRR_lambda0.5_KDP,0.1,2,0.294741546418324,0.3497134143422440,0.01929412648469,0.1350263919006760,0.4070859303140480,0.4295103244300570,0.8162283523817500,0.6910623523516360,0.6359307514257760,436.94183882378
test_seen,793,DNN_KP,0.1,3,0.1330079819421450,0.229393299404515,0.0235462111728042,0.1748780082842970,0.3182185501443980,0.2617025054782540,0.7162181703020740,0.6012115454084730,0.5796006240332180,398.0414397165970
test_unseen,161,DNN_KP,0.1,3,0.1332695965084980,0.2279316587170570,0.0242174652763729,0.1585702685396110,0.3241040522145160,0.2529175942669440,0.7109286935506940,0.5954977090977820,0.594858993827925,78.48814015074640
Combined,954,DNN_KP,0.1,3,0.1333496777352460,0.2291734500492780,0.0236594940980396,0.172125863526546,0.3192118057348480,0.2602199366050670,0.7152564472563680,0.600247260664216,0.582175673862304,476.8239671435060
test_seen,793,Ridge_Concat_KP,0.1,3,0.153875843459827,0.2412800635952860,0.0234308451082919,0.1686974131222080,0.3463604640918680,0.2281555150744740,0.7315360483754540,0.6203678831962250,0.5731419596178000,368.11917919074500
test_unseen,161,Ridge_Concat_KP,0.1,3,0.1359715660819500,0.2333972434518200,0.0247150059928249,0.156459421236784,0.3416561529543600,0.2046354789229840,0.7062548342133490,0.5964753345108290,0.5906747570600850,68.25175438534770
Combined,954,Ridge_Concat_KP,0.1,3,0.1509206618920920,0.2399858534042350,0.0236475640835642,0.1666320916404960,0.3455665499481170,0.2241862007973360,0.7269394639823440,0.6163357025480610,0.5761008489136150,436.6404117113690
test_seen,793,KNN_KP,0.1,3,0.1127331401070230,0.1390075495074380,0.0229787902835306,0.1870842582481380,0.3867532240701780,0.2354197300389010,0.7579699935836750,0.5713251707953510,0.541186060082384,555.3709581723710
test_unseen,161,KNN_KP,0.1,3,0.1270159733998800,0.1472462192713870,0.023471849306205,0.1714144582242400,0.4112389842388110,0.2290303529733960,0.762437098946796,0.577053176304967,0.5662862617559460,107.55885445416500
Combined,954,KNN_KP,0.1,3,0.1154654905305850,0.1404035947045170,0.0230620004540238,0.1844397741770190,0.390885516928826,0.2343414389408440,0.7587821945587880,0.5722918467775820,0.5454220479958470,663.3511076635550
test_seen,793,KRR_KP,0.1,3,0.1664332868973710,0.2176471135093320,0.0216497916837452,0.1688525871101010,0.3795860651371980,0.2742985285589210,0.7569685132383300,0.6179119763830690,0.5633434736525930,467.31058603913200
test_unseen,161,KRR_KP,0.1,3,0.1891122498304100,0.2180135313706210,0.0223166376494558,0.1541541817337530,0.3995017116646010,0.2621597154411480,0.7967080299709140,0.6039900151857810,0.5926430428916860,91.1735211568918
Combined,954,KRR_KP,0.1,3,0.1709996582910790,0.2177191267833560,0.0217623306779584,0.1663720386136730,0.3829470914379440,0.2722499447937630,0.7641938799169810,0.6155624630153920,0.5682881598658980,558.7937960656340
test_seen,793,RIDGE_LatentReg_KP,0.1,3,0.1610266862984560,0.2002632092686380,0.0214567113493498,0.1717075932579780,0.3912206433055590,0.2875480178949220,0.7615934086013440,0.6146700735316500,0.5609828390864980,520.5395120083360
test_unseen,161,RIDGE_LatentReg_KP,0.1,3,0.1726613839493920,0.1954169942903760,0.0221507630252225,0.159045839076032,0.4131707840165110,0.2656889281749710,0.7827429089768280,0.6064014912046300,0.5866599753638400,102.60434638779400
Combined,954,RIDGE_LatentReg_KP,0.1,3,0.1635217504252930,0.199480858078323,0.0215738416636218,0.1695707563362870,0.3949250171571980,0.283859010091031,0.7654387723059780,0.6132746419230020,0.5653161922737640,623.5055471720120
test_seen,793,LLM_KNN_KP,0.1,3,0.1548327459812020,0.2526715012300010,0.0254242530076275,0.1656470721478440,0.3446386485022580,0.2210141744881270,0.7397695047194110,0.63063082136586,0.578552629315535,354.67633861141000
test_unseen,161,LLM_KNN_KP,0.1,3,0.1573171089568660,0.246285168983141,0.0262471546647077,0.1570984391361870,0.3589550900760260,0.210361352542488,0.7458358370735280,0.6155585825735010,0.6036771750536060,68.93098649262980
Combined,954,LLM_KNN_KP,0.1,3,0.1556978103949620,0.2517114500075490,0.0255631284445142,0.1642043783167360,0.3470547356022340,0.2192163712038000,0.7408724742383410,0.6280871835822440,0.5827927256088570,423.75762623302300
test_seen,793,DNN_MultiCtx,0.1,3,0.3509428525967790,0.3962102052930300,0.0176667638889644,0.1164612894579440,0.4214377175866240,0.4386900287739540,0.8527305664531160,0.7327269431237920,0.631738361237957,397.55233776205100
test_unseen,161,DNN_MultiCtx,0.1,3,0.2604459122457710,0.2812343073016220,0.0205989220231678,0.1334042019234020,0.4309439143460240,0.3335566355503500,0.8359085571239980,0.6337684852671850,0.6228907731713520,89.66941801941340
Combined,954,DNN_MultiCtx,0.1,3,0.3360515789527930,0.3774513659218800,0.018161603993374,0.1193206279348190,0.4230420128468580,0.4209473911334920,0.8496720193023670,0.7160264067349930,0.6302452148242010,486.80894141142200
test_seen,793,MLP_Concat_KDP,0.1,3,0.185894159850751,0.2273246582897490,0.0201900812270516,0.1602889044875480,0.3867674533239290,0.3366768009244570,0.7673014505809890,0.6366157709972760,0.5589119909385510,528.5251456077840
test_unseen,161,MLP_Concat_KDP,0.1,3,0.1377049392615230,0.1643459459538250,0.022336063770612,0.1599164403807630,0.4008850689907990,0.2582073698990370,0.7547660717631090,0.5968468321677870,0.5669705995450780,113.63312583449200
Combined,954,MLP_Concat_KDP,0.1,3,0.1780967890067470,0.217041232181427,0.0205522438994973,0.160226046289233,0.389149985946954,0.3234340562755130,0.7650222907959200,0.6299042414883160,0.5602719867306380,642.1259652864570
test_seen,793,Ridge_Concat_KDP,0.1,3,0.279330454661338,0.3608745175786530,0.0197508105829658,0.1394962256134880,0.3800476206401630,0.3488170499802080,0.7867923910650460,0.708182430474416,0.61567704825407,321.93384857628300
test_unseen,161,Ridge_Concat_KDP,0.1,3,0.0991433045733587,0.1509356893744390,0.0253527927333893,0.1731911087359380,0.3645091278027300,0.1551775135515790,0.7363723404705520,0.5489692569395110,0.5693429705474050,86.2281930255763
Combined,954,Ridge_Concat_KDP,0.1,3,0.2493045285248900,0.3265557770736220,0.0206962184720834,0.1451826786352010,0.3774252963772420,0.3161378410022110,0.777625109138774,0.6813131213139130,0.607857565538375,407.289204080069
test_seen,793,KNN_KDP,0.1,3,0.1775700714181870,0.2274166120757420,0.0223408971218876,0.1657924207463390,0.392732530936022,0.2567524285962460,0.7691684614771470,0.6401911267134120,0.5677617241100980,466.6907042197280
test_unseen,161,KNN_KDP,0.1,3,0.1667227423495700,0.2176366521376270,0.0230157829889262,0.1594778539604930,0.4005551928329260,0.2395232107813850,0.7525982572262290,0.6191562440935130,0.5904401269609540,88.12715063370260
Combined,954,KNN_KDP,0.1,3,0.1758854821264960,0.2258628841612930,0.0224547929547946,0.1647267548631930,0.3940527076293150,0.2538447723402790,0.7661556970678890,0.6366412146570140,0.5715890017400640,555.1793035427490
test_seen,793,KRR_KDP,0.1,3,0.2164666101856960,0.2705773642867700,0.0203464382430206,0.1579569874490400,0.3934003218684730,0.3313751983948830,0.7735964591758080,0.6492896263078430,0.5826321340057080,433.7104673261200
test_unseen,161,KRR_KDP,0.1,3,0.1736072988664150,0.2434408933022640,0.0236542610858188,0.1564418670920870,0.3561652938874370,0.2577424653530860,0.7600530142566260,0.5770792463159820,0.6100838802604390,69.40783283252560
Combined,954,KRR_KDP,0.1,3,0.2096931556728250,0.2664651742270400,0.0209046766892371,0.1577012910365980,0.3871164230163270,0.3189487099046010,0.7711340146450480,0.6371031785314390,0.5872649758788860,501.6339738179190
test_seen,793,RIDGE_LatentReg_KDP,0.1,3,0.1994863140711720,0.2421026801852550,0.0203966086227323,0.1628468626611110,0.4017282126369680,0.3319832364447140,0.7722915996188510,0.6409810924286350,0.5756997548062860,495.57631624426000
test_unseen,161,RIDGE_LatentReg_KDP,0.1,3,0.1767004495832980,0.2151556234173920,0.0225795380910312,0.1589440342793430,0.398489769449013,0.2798981377546860,0.7754823380905780,0.5951001414298100,0.6009854464163510,92.40317543682140
Combined,954,RIDGE_LatentReg_KDP,0.1,3,0.1960492338556510,0.2376984007640400,0.020765006572833,0.1621882092339990,0.4011816829165690,0.3231931935840280,0.7728717338864380,0.6332380807820830,0.5799670465769580,588.1160169038200
test_seen,793,BalancedKRR_lambda0.5_KDP,0.1,3,0.296603679394182,0.3508021785699420,0.018574135458503,0.1396131916600370,0.4165569141134010,0.393759981187217,0.809082288173089,0.7009774667903440,0.6349921731202590,407.4757893202170
test_unseen,161,BalancedKRR_lambda0.5_KDP,0.1,3,0.0405151241106439,0.2039467001862380,0.0286468636198841,0.1817489085267100,0.2417819742263450,0.1590367176972870,0.6204162031178970,0.5037703753429840,0.6493453168483960,55.5978038301047
Combined,954,BalancedKRR_lambda0.5_KDP,0.1,3,0.2542510227130710,0.3301713668026850,0.0202740403159268,0.1467241459740140,0.3870613529794220,0.3541473549588330,0.7747793636176000,0.6676961861582420,0.6374144541896820,448.1508164780760
test_seen,631,DNN_KP,0.3,2,0.2395590900672180,0.2956947918451380,0.0202762189051121,0.1549497849163220,0.3937344285899970,0.3799329649818230,0.7816522083880880,0.6561679959113380,0.6160716203041590,342.3323755696720
test_unseen,108,DNN_KP,0.3,2,0.2121066407875190,0.3296844397433530,0.0202506612986326,0.1211881997743920,0.3965194266002750,0.4137004587068200,0.7784782528150370,0.6472824450466730,0.62890193716752,55.92389099989610
Combined,739,DNN_KP,0.3,2,0.2378597525732790,0.3005061437197870,0.0202724838286577,0.1500157508225080,0.3941414377714720,0.3848678625762750,0.7812080712601190,0.654869430967652,0.6179466869093590,398.3230613395860
test_seen,631,Ridge_Concat_KP,0.3,2,0.214149721907205,0.3141266265095600,0.0239821379715001,0.1539952140265670,0.3433355863450360,0.2766773374798860,0.7625856224395750,0.656591035007022,0.6167158422772820,230.33166989627200
test_unseen,108,Ridge_Concat_KP,0.3,2,0.1432507529823060,0.3443610163614540,0.0232746640599712,0.1192004859663470,0.3586065312071390,0.3002934450705840,0.6945770330181940,0.6422764227642280,0.6299432901736430,37.678126077715400
Combined,739,Ridge_Concat_KP,0.3,2,0.2083321978427500,0.3183251805320620,0.0238787453024268,0.1489101928756820,0.3455673347145990,0.2801286766135740,0.7530690621451150,0.6544990483734340,0.6186489469766150,268.1178946897930
test_seen,631,KNN_KP,0.3,2,0.1856486182096420,0.2139129961522730,0.0217149206834711,0.1669619643652530,0.4125884001461650,0.2987213520076510,0.7825748434389470,0.6355636298042850,0.5691808502871080,409.5238874746
test_unseen,108,KNN_KP,0.3,2,0.2136950948615760,0.2547104755293930,0.0215313895087423,0.1293808295305690,0.4266751600576470,0.3346780728724280,0.8509429374605410,0.6466049382716050,0.5819155876743950,69.23922555010270
Combined,739,KNN_KP,0.3,2,0.1897655672993280,0.2197063567991290,0.0216880988067855,0.1614697281512530,0.4146470876569100,0.3039761907808520,0.7921417098378730,0.6371772445735280,0.571041948579161,478.9425113560750
test_seen,631,KRR_KP,0.3,2,0.2190655649862490,0.2505068604173770,0.0207288961671181,0.1594596322239670,0.4036814008354390,0.3280865169368120,0.799448974145453,0.6380288525547700,0.5834611040246690,365.3683450767750
test_unseen,108,KRR_KP,0.3,2,0.2099971446796140,0.2812036971102480,0.0205256427296472,0.1239552163049150,0.4172737289727590,0.3606644882061380,0.8162982992993900,0.6366430793937570,0.5847510789922710,61.09315463367530
Combined,739,KRR_KP,0.3,2,0.219207910653175,0.2548055221339710,0.0206991920111684,0.1542708948501410,0.4056678303873070,0.3328475736311120,0.8018067295424200,0.6378263309020100,0.5836496254001780,426.67638664690100
test_seen,631,RIDGE_LatentReg_KP,0.3,2,0.2034483206928100,0.2336690211033530,0.0207085582179363,0.1636998024817060,0.4073805599350070,0.3360749773345200,0.7861212928402720,0.634238679946229,0.5780346076043960,395.7296578329500
test_unseen,108,RIDGE_LatentReg_KP,0.3,2,0.2044110891539180,0.270967847542557,0.0202744822454783,0.1251538219710520,0.4243563918810790,0.374121259875727,0.8135140543786250,0.6419376693766940,0.5806734919201040,66.79528137687090
Combined,739,RIDGE_LatentReg_KP,0.3,2,0.2048340017743180,0.2388847206943570,0.0206451208633687,0.1580665604043710,0.40986146636285,0.3416351918331000,0.7899544096425680,0.6353638367236180,0.5784202632283430,462.8434434745650
test_seen,631,LLM_KNN_KP,0.3,2,0.2102800290313820,0.2960066066524410,0.0242760984360972,0.1544608363695620,0.367482142030828,0.2756353074962300,0.7714996126056670,0.6544608076825620,0.6080403197058910,265.85056034011500
test_unseen,108,LLM_KNN_KP,0.3,2,0.1956563771715510,0.330737502551741,0.0237197412957115,0.1221905317599070,0.3791712432403950,0.3242130199787430,0.7828534702790820,0.6613846231054900,0.6029182977014950,43.33154792414810
Combined,739,LLM_KNN_KP,0.3,2,0.2101142363479500,0.3009340183423560,0.0241947904913588,0.1497447431383810,0.3691904274579370,0.2827346213637690,0.7730883776725960,0.6554726778661560,0.6072917698053840,309.461822274106
test_seen,631,DNN_MultiCtx,0.3,2,0.3978545038711840,0.4311845998810450,0.016635076463497,0.1043322642003420,0.456786645458282,0.4785535188702330,0.8778722011853780,0.7580624379936350,0.6563612625032750,316.38271015714300
test_unseen,108,DNN_MultiCtx,0.3,2,0.2086110384148150,0.3377023708900000,0.0189193227345606,0.1022666671181120,0.4119588540974700,0.4187742210703950,0.7513959216090240,0.6854235671986350,0.6017138412124860,63.39500594812870
Combined,739,DNN_MultiCtx,0.3,2,0.3756944837350150,0.4178407693779360,0.0169689040646808,0.1040303907431280,0.4502353579522360,0.4698171668237080,0.8601741552378330,0.7474467437502520,0.6483749005284370,379.3664373467320
test_seen,631,MLP_Concat_KDP,0.3,2,0.3040878914887000,0.3420259856171790,0.0182032220736411,0.1372982316894340,0.4290017318617950,0.4201566605268520,0.8225140209708900,0.7078968729465430,0.6176907648632750,343.7163986208510
test_unseen,108,MLP_Concat_KDP,0.3,2,0.1763445505206630,0.2484070492992090,0.0209224630336932,0.1331147204891280,0.4122312013189210,0.3661411750790230,0.8009280048129040,0.6224781692261370,0.5722548429188000,67.47612722405470
Combined,739,MLP_Concat_KDP,0.3,2,0.2880665826787970,0.3285499756351900,0.018600621293784,0.1366868389835700,0.4265508288866530,0.4122626518281160,0.8194934521569730,0.6954134899941690,0.6110506030635410,411.19730046565100
test_seen,631,Ridge_Concat_KDP,0.3,2,0.3617969226033870,0.4497746195615820,0.019970209586468,0.1212333442807470,0.3864440675059940,0.3863469404323420,0.8397520348902730,0.7439904826940500,0.6930733253449810,191.32457257769700
test_unseen,108,Ridge_Concat_KDP,0.3,2,0.0268374504975724,0.1773970751171650,0.0266265904668856,0.1601487867709410,0.3488537675908040,0.1779227131963680,0.703326225189901,0.5419552343671590,0.5615903844223630,51.305022923777500
Combined,739,Ridge_Concat_KDP,0.3,2,0.319172310804847,0.4106206488824430,0.0209429959668267,0.1269205808016410,0.3809504918756280,0.3558871074939320,0.8206617338741800,0.7144643570928270,0.67385795644154,242.6148071929840
test_seen,631,KNN_KDP,0.3,2,0.2006740937549940,0.2222319988813370,0.0215869469891861,0.1623572862151670,0.4225229042187460,0.2931542442393520,0.7986568432144480,0.6506942565463690,0.5748414140242830,417.4872801186900
test_unseen,108,KNN_KDP,0.3,2,0.2136950948615760,0.2547104755293930,0.0215313895087423,0.1293808295305690,0.4266751600576470,0.3346780728724280,0.8509429374605410,0.6466049382716050,0.5819155876743950,69.23922555010270
Combined,739,KNN_KDP,0.3,2,0.2029849453347830,0.2268799668123790,0.0215788276280387,0.1575379934926550,0.4231297291586660,0.2992226792763910,0.805973327392229,0.6500966295183930,0.5758752580759910,486.8282944536620
test_seen,631,KRR_KDP,0.3,2,0.2751397923020320,0.3022022200431700,0.0191800062804922,0.1467692473960930,0.4257803596046300,0.3857894454526070,0.8256147269282850,0.6715434270032080,0.6040933864172240,352.01614136043000
test_unseen,108,KRR_KDP,0.3,2,0.1894617659906590,0.3126634120282040,0.0221699398643397,0.1310478313828170,0.3790980311256490,0.3579082763976060,0.779530214124623,0.5946627521830780,0.6276723878349890,43.61579417797250
Combined,739,KRR_KDP,0.3,2,0.2661032009401880,0.3040615509330860,0.019616965451068,0.1444716656241930,0.4189580436699480,0.3817147955771810,0.8191660408363050,0.660307820940185,0.6075393027272630,394.30117274732900
test_seen,631,RIDGE_LatentReg_KDP,0.3,2,0.2538335648341350,0.2867919937875130,0.0194079898713108,0.1529095529255740,0.4246575716560340,0.3815686779186430,0.8024650457599390,0.6665550015246590,0.60320006528116,369.8167925081240
test_unseen,108,RIDGE_LatentReg_KDP,0.3,2,0.1998750398567860,0.3072935001454700,0.0210948108478003,0.1275714414095880,0.4018137813919750,0.3854363681380020,0.7854676934300550,0.6179112717053100,0.616041854862993,52.546892943629200
Combined,739,RIDGE_LatentReg_KDP,0.3,2,0.2486814669277190,0.2899866611709450,0.0196545076865487,0.149206554219584,0.4213191016309750,0.3821339154608500,0.8000865766625830,0.6594460396566080,0.6050768085488700,421.3435582700000
test_seen,631,BalancedKRR_lambda0.5_KDP,0.3,2,0.3548490298062840,0.381922202604722,0.0175117950163601,0.1282721829776540,0.4486822819424760,0.4499971383966290,0.8638189967426320,0.7197655890980460,0.6479799346329440,322.5480188310770
test_unseen,108,BalancedKRR_lambda0.5_KDP,0.3,2,-0.0023503821132272,0.2562817469024940,0.0289315965042617,0.1733752742543370,0.2678135682761590,0.2035323600402680,0.6271316490269740,0.5087574023888390,0.710742246311352,33.77268020298580
Combined,739,BalancedKRR_lambda0.5_KDP,0.3,2,0.3128291130778020,0.3657137745334710,0.0191807240565406,0.1348637037596320,0.4222495064675610,0.4139779285691770,0.8306989241953900,0.6889281274409500,0.6571522345805330,350.7708381806450
test_seen,529,DNN_KP,0.3,3,0.2696305039090360,0.3475294914360040,0.0198411861784925,0.1368090194853420,0.4040526687722150,0.395231080904377,0.7799553320875540,0.6562207632222260,0.6420334667650710,242.90373138398700
test_unseen,161,DNN_KP,0.3,3,0.2635168896675400,0.316686606549198,0.02087108816616,0.1382895914720130,0.4025301102950870,0.3657781545066880,0.8241829666144710,0.6293485021950980,0.6416807146913790,73.13718759127560
Combined,690,DNN_KP,0.3,3,0.2689483383056090,0.3404663035025840,0.0200814966422816,0.1371544862822320,0.403697405127552,0.3883587314115830,0.791012240719283,0.6499505689825620,0.6419511579478770,316.3152131436420
test_seen,529,Ridge_Concat_KP,0.3,3,0.206288532881788,0.3325895744281500,0.0238010426666341,0.1384204222088910,0.3396380384296280,0.2691702769845340,0.7346438677141480,0.6696316131705080,0.609258095758078,191.91921743176200
test_unseen,161,Ridge_Concat_KP,0.3,3,0.2324724805405220,0.3212086116023090,0.024382350746519,0.139667682909978,0.351557016716865,0.2451161052175060,0.8112253032843860,0.6505242091788440,0.6329183531808630,55.168792090203900
Combined,690,Ridge_Concat_KP,0.3,3,0.2134073092829350,0.3299029289818460,0.0239366812186072,0.1387114497058110,0.3424191333633170,0.2635576369055610,0.7537892266067070,0.6651732189057870,0.6147788224900610,247.51250034968700
test_seen,529,KNN_KP,0.3,3,0.2029135609120510,0.2426318690817390,0.0211354774632309,0.146860684827615,0.4134453009140080,0.3011604173192480,0.7866612903915100,0.6445960146070720,0.5704933864865380,336.9455759951540
test_unseen,161,KNN_KP,0.3,3,0.2255765690855740,0.2356348550372230,0.0216535757724011,0.1504830195285650,0.4407415819173660,0.2805944177174500,0.8424239076734310,0.6440696301237730,0.6006995465568070,99.84016523914100
Combined,690,KNN_KP,0.3,3,0.2089569312597500,0.2410330483895680,0.0212563670687039,0.1477058962578370,0.4198144331481250,0.2963616840788290,0.8006019447119900,0.6444731915609690,0.5775414905029340,437.1679823348600
test_seen,529,KRR_KP,0.3,3,0.2212110167310900,0.2725194274293630,0.0204433935834473,0.1423072385983770,0.3967042304464810,0.322082698958202,0.7859364726684590,0.6443271391375680,0.5786886010519070,296.3312162492950
test_unseen,161,KRR_KP,0.3,3,0.239151825047536,0.2640743395819850,0.0211504478529081,0.1446614621975500,0.4199641037942920,0.3037353688031620,0.8375826606193920,0.6312416049905800,0.6103994446898470,87.08571514679930
Combined,690,KRR_KP,0.3,3,0.2261024143959260,0.2705618611568780,0.0206083729129882,0.1428565574381840,0.4021315342276370,0.3178016552553590,0.7988480196561920,0.6412738478366040,0.5860877979007590,383.8116293751490
test_seen,529,RIDGE_LatentReg_KP,0.3,3,0.2139517946872650,0.2536707732653140,0.0204016877510773,0.1460637714535610,0.4073050931310330,0.3317591312664690,0.7904603847135150,0.6382088503927500,0.5770396810807700,329.04835455153200
test_unseen,161,RIDGE_LatentReg_KP,0.3,3,0.2287019234984390,0.2453998987749200,0.0208933110650791,0.1481804151864720,0.4311889443455820,0.3100292598864030,0.8323398224082220,0.6339640671059870,0.6050446682111980,97.46994493841600
Combined,690,RIDGE_LatentReg_KP,0.3,3,0.218000101901033,0.2517801245602280,0.0205163998576777,0.1465576549912400,0.4128779917477610,0.3266888279444540,0.8009302441371920,0.637218400959172,0.5835741780778700,426.8703741311690
test_seen,529,LLM_KNN_KP,0.3,3,0.2102487390648360,0.3012847232913400,0.0239207881409924,0.140105704530994,0.369135836363696,0.2586621651004120,0.7724156169267450,0.6536527281257460,0.596107890397579,227.7547478614100
test_unseen,161,LLM_KNN_KP,0.3,3,0.2248848585780420,0.3112871704587950,0.0246249707465216,0.1368934170617430,0.3949842136052870,0.2643174887265950,0.7907305489846290,0.653940808985928,0.6288436747829690,66.25796011598270
Combined,690,LLM_KNN_KP,0.3,3,0.2139893765664440,0.3036201837705890,0.0240850974156159,0.1393561707881690,0.3751671243867340,0.2599817406131880,0.7769943499412160,0.6537199469931220,0.6037462400875030,294.2632681864850
test_seen,529,DNN_MultiCtx,0.3,3,0.3527218955413290,0.3843009348098410,0.0167275141899972,0.1077162958892560,0.4468436905461060,0.4686277461007250,0.8556586755987480,0.7387408397145530,0.6185781974917760,313.79772320493100
test_unseen,161,DNN_MultiCtx,0.3,3,0.2769525368480390,0.2870527493144970,0.0194020428498107,0.1325955004290640,0.4553081922533910,0.384338861908514,0.8537120564895520,0.6499112044641170,0.6215777659584060,99.5749927335495
Combined,690,DNN_MultiCtx,0.3,3,0.3353659483549040,0.3619923746675940,0.017351570877287,0.1135214436152110,0.4488187409444730,0.4489603397892090,0.8551720208214490,0.7180139248227850,0.6192780968006560,413.6018260556220
test_seen,529,MLP_Concat_KDP,0.3,3,0.3502928411595330,0.4295708494897410,0.0178520556526973,0.1161118212945080,0.4131911723198460,0.432011540847581,0.817219409041618,0.6984698790883480,0.7062425750587820,216.83389838868700
test_unseen,161,MLP_Concat_KDP,0.3,3,0.213583590846086,0.2858411777741630,0.0218014736364809,0.145448967299791,0.3940548893772970,0.3159194930674060,0.7713453281013410,0.6097503808742530,0.6430509605242990,76.91252772709100
Combined,690,MLP_Concat_KDP,0.3,3,0.3185443202585080,0.3968157605531790,0.0187735865155801,0.1229571553624080,0.4087260396332510,0.4049233963655400,0.8057508888065490,0.6777686628383920,0.6914978650007360,293.37908653089600
test_seen,529,Ridge_Concat_KDP,0.3,3,0.3571476246018900,0.4602087623167680,0.0197715561085209,0.1066809152477700,0.3870557547341820,0.3733302053288550,0.8220315894075470,0.7550050619922580,0.6799915496281010,165.47729399861100
test_unseen,161,Ridge_Concat_KDP,0.3,3,0.1167868967441570,0.1923398975075790,0.0261113481040789,0.1701225474735470,0.3539844568510050,0.1510086133372120,0.7520408517516710,0.5644511354109390,0.5873757087867010,71.46023890742690
Combined,690,Ridge_Concat_KDP,0.3,3,0.3012121389278530,0.398873490693743,0.0212508409074845,0.1214839627671180,0.3793391185614410,0.3214551671974710,0.8045339049935780,0.710542479123283,0.658381186765108,236.6117701432710
test_seen,529,KNN_KDP,0.3,3,0.2172718766376080,0.2477986891326030,0.0210073212737434,0.1430295074700870,0.4233800181296280,0.2960340515235230,0.8043584185772380,0.6562646612580630,0.5742658739413030,345.09440908085900
test_unseen,161,KNN_KDP,0.3,3,0.2255765690855740,0.2356348550372230,0.0216535757724011,0.1504830195285650,0.4407415819173660,0.2805944177174500,0.8424239076734310,0.6440696301237730,0.6006995465568070,99.84016523914100
Combined,690,KNN_KDP,0.3,3,0.2197788141697300,0.2450022577501970,0.0211581139900969,0.1447686602837320,0.4274310496801000,0.2924314703021060,0.813874790851286,0.6534191539933950,0.5804337308849200,445.4081247208460
test_seen,529,KRR_KDP,0.3,3,0.2870111648865030,0.332159056297609,0.0188068128354907,0.1288854689127480,0.418810427962534,0.38371241656693,0.8194967788246410,0.6819642176135380,0.6104241373350050,284.16827447349300
test_unseen,161,KRR_KDP,0.3,3,0.221794153260995,0.2970282797357070,0.0231107328414707,0.1497850460352980,0.3661317300837470,0.2923338337097500,0.8007028545872800,0.5840131976309170,0.6585834182224670,60.35023943449190
Combined,690,KRR_KDP,0.3,3,0.2721249337026040,0.3244476962134580,0.0198110608368861,0.1337620369080100,0.4065187317908170,0.3623907472335880,0.8147982977653010,0.6591089796175930,0.6216613028754130,343.13611584561700
test_seen,529,RIDGE_LatentReg_KDP,0.3,3,0.2706548461296480,0.3133419214532720,0.0189987830757279,0.1338429762162860,0.4222226818757930,0.3835952839874650,0.8104229065376020,0.6724163948189340,0.6127260405892210,309.7064447612170
test_unseen,161,RIDGE_LatentReg_KDP,0.3,3,0.2385537377538120,0.2866442882206910,0.0219023640527193,0.1491337227103510,0.4034179757169220,0.3223171416674590,0.821225459693296,0.6056847172515750,0.6493162292998230,75.48425071202670
Combined,690,RIDGE_LatentReg_KDP,0.3,3,0.2636755645894670,0.3074468525268750,0.0196762853036926,0.1374108170649010,0.4178349171053900,0.3692970507794640,0.8131235448265250,0.6568456700532170,0.6212637512883620,384.4687063847880
test_seen,529,BalancedKRR_lambda0.5_KDP,0.3,3,0.363357719467191,0.4054532171680700,0.0171789164400375,0.1113507817382430,0.4429377490503320,0.4446878097486830,0.8564840718973560,0.7288857306690880,0.6548791295019500,269.6353733625320
test_unseen,161,BalancedKRR_lambda0.5_KDP,0.3,3,0.084002414649362,0.2321514837150510,0.0286253831161505,0.1810379466889460,0.2566101271326490,0.1605668037642180,0.6982953364183140,0.5065852932957120,0.6853032119644100,50.33967467322080
Combined,690,BalancedKRR_lambda0.5_KDP,0.3,3,0.2983629478120560,0.3674163334068720,0.0198497586644639,0.1276111202267400,0.3994613039362060,0.3783929083523070,0.8169368880275960,0.6770156286153010,0.6619780820765230,313.6271478792040
test_seen,329,DNN_KP,0.5,2,0.2756209197756360,0.3214890106770730,0.0197510555780019,0.150399416804086,0.3847988449489070,0.4020269440138340,0.784111452460289,0.6708123030590340,0.6150832380580570,172.04748804882100
test_unseen,108,DNN_KP,0.5,2,0.2738597058942270,0.3610431330418400,0.0193470946030208,0.1117712264893250,0.4242266472946440,0.4308662690040930,0.827350893580332,0.6786654774040100,0.6530538566089030,53.10341372467220
Combined,437,DNN_KP,0.5,2,0.277603713510932,0.3309424076713990,0.0196512208290364,0.1408528617606210,0.3945430157803480,0.409154282913028,0.7947910734598180,0.6727531333319340,0.6244672810866420,225.34567806554400
test_seen,329,Ridge_Concat_KP,0.5,2,0.2247850456047280,0.3295614961285380,0.0250525610028882,0.1529141414095720,0.3151294894929230,0.2721814633069470,0.7420098847448830,0.6708123030590330,0.6183737207551380,113.86976655088600
test_unseen,108,Ridge_Concat_KP,0.5,2,0.167722376151032,0.3590454410668990,0.023822202252362,0.1159768690692470,0.3564107126677060,0.2918631644106230,0.722980287289474,0.6834862385321100,0.6385915732246010,35.76549467860910
Combined,437,Ridge_Concat_KP,0.5,2,0.2177162258125420,0.3366271745647790,0.0247484906480671,0.1437854791378210,0.3253317139846310,0.2770455908108300,0.7373098034456550,0.6739445342514640,0.6233703524867220,149.88203303075900
test_seen,329,KNN_KP,0.5,2,0.1942420862495640,0.2249400605884030,0.0231376887771909,0.1711875784352930,0.3922493846187530,0.3062810280502490,0.7689087722794030,0.6431011405147650,0.5677128356710630,209.08602435671800
test_unseen,108,KNN_KP,0.5,2,0.2422024248217060,0.277602651489636,0.0215128792823172,0.1235186088542900,0.4385487217413230,0.3392898966464090,0.8690352625994440,0.668089534488617,0.6142541624193000,66.73907895179900
Combined,437,KNN_KP,0.5,2,0.2055145513813770,0.2374162944729490,0.0227361340278857,0.1594066889278600,0.4036917837245600,0.3144388262387740,0.7936388090451960,0.6492767619087610,0.5792150399932820,276.1890413763100
test_seen,329,KRR_KP,0.5,2,0.2354256496085150,0.2725353325551950,0.0207778118023266,0.159273636846514,0.3768945051178260,0.3487427139731600,0.7763138820648200,0.6469772175901400,0.5828964613368280,180.83437118499600
test_unseen,108,KRR_KP,0.5,2,0.2317670282023390,0.3098037245114620,0.0200507779304695,0.1191502812640980,0.4204859733006790,0.3701961317357150,0.8184161771709590,0.6669002718314640,0.6144665307509350,57.06044472002120
Combined,437,KRR_KP,0.5,2,0.2371764134920900,0.2814100201721890,0.0205981329507006,0.1493575672746580,0.3876676826092400,0.3540447028023500,0.786712641699469,0.6519009930090490,0.5906986752881410,238.22685577672500
test_seen,329,RIDGE_LatentReg_KP,0.5,2,0.2183698611582640,0.2489759335131270,0.0206348624144408,0.1642458429061470,0.3828787763078170,0.3615573466851590,0.7656389189150560,0.6426410306461060,0.5737221494102230,205.3843836855880
test_unseen,108,RIDGE_LatentReg_KP,0.5,2,0.2282181274767350,0.2958279646251930,0.0198072487218526,0.1199022819555090,0.4331729255457410,0.3892704297059730,0.8204966361438740,0.6679196398233100,0.6111748216106010,64.61570856236730
Combined,437,RIDGE_LatentReg_KP,0.5,2,0.2228575260032820,0.2600452181458420,0.0204303263073481,0.1532867935178890,0.3953084516343520,0.368406346607923,0.7791881141342220,0.6488883757059180,0.5829781873910940,270.4577723268350
test_seen,329,LLM_KNN_KP,0.5,2,0.236074572316867,0.3117535602529940,0.0249364903181293,0.1569378728956360,0.3626427291406500,0.2996335218808980,0.7742265937797520,0.6711887565879370,0.606766403613954,137.71971831550600
test_unseen,108,LLM_KNN_KP,0.5,2,0.2542277810941140,0.3473196895336410,0.0223424070313627,0.114957796913957,0.4026931130426270,0.3291810717682880,0.838807356969352,0.6801095820591230,0.637062521236833,44.532503079341700
Combined,437,LLM_KNN_KP,0.5,2,0.2420289657698880,0.3201725804706520,0.0242953896431389,0.1465629342090880,0.3725407645214590,0.3069358911894520,0.790177264206099,0.6733934457204040,0.6142537736443220,182.545424191151
test_seen,329,DNN_MultiCtx,0.5,2,0.4125490220936320,0.4512340249169400,0.0165559937285774,0.1132864077864160,0.4294332812636130,0.5067246112741780,0.8646524748206140,0.758031008616603,0.68078832157497,156.03052266203500
test_unseen,108,DNN_MultiCtx,0.5,2,0.25807569345867,0.3750818996048900,0.0181275785995509,0.1015217335876830,0.4215857829069680,0.4511694818139900,0.7826406953617840,0.693594971117907,0.6527777777777780,56.337137746568400
Combined,437,DNN_MultiCtx,0.5,2,0.3827580577101050,0.4331547676616670,0.0169443945662551,0.1103788910508020,0.4274938537521310,0.4929947394625060,0.8443965533880110,0.7421063128503350,0.6738658073184560,212.3470955877400
test_seen,329,MLP_Concat_KDP,0.5,2,0.3417990157626820,0.3774548771389640,0.017689535024188,0.133929681965705,0.411509086292288,0.4509337412788620,0.8248056274652480,0.7203229134714590,0.6307897158472990,166.70822675473900
test_unseen,108,MLP_Concat_KDP,0.5,2,0.2371312446030810,0.2940839329772110,0.0200217735125786,0.1234498318974770,0.4316955528661820,0.3855286704125160,0.8374994832897420,0.658065749235474,0.6212835541963980,63.49967542862160
Combined,437,MLP_Concat_KDP,0.5,2,0.3199236876431650,0.3578277364732040,0.0182659234835614,0.1313396961364860,0.4164979613265680,0.4347695590052570,0.8279408569158760,0.704936703545861,0.6284403669724770,229.93952089665300
test_seen,329,Ridge_Concat_KDP,0.5,2,0.3759839154980560,0.4570349059338770,0.0208562651640625,0.1193755828859330,0.3642081565851360,0.3828407511862020,0.8478997283875940,0.7541758456261680,0.6844622291626,96.66754540465680
test_unseen,108,Ridge_Concat_KDP,0.5,2,0.0392608121636848,0.1730201594551650,0.0276674502529203,0.1647116027835470,0.34108010108186,0.1493652914580430,0.7368293743830450,0.5620540265035680,0.5773020727149170,48.56828153803010
Combined,437,Ridge_Concat_KDP,0.5,2,0.3045359265079540,0.3898516763749060,0.0225395786414003,0.1305799081695540,0.3584922984744860,0.3251397222373660,0.8204666891455070,0.7066949383830540,0.6579787122373150,144.77504645134300
test_seen,329,KNN_KDP,0.5,2,0.2051065029992690,0.2331208956862430,0.0231248375869546,0.1668940974382470,0.4000337843614230,0.3030343396222640,0.7795603185794400,0.6580965394160790,0.5727322160564400,213.1940317559120
test_unseen,108,KNN_KDP,0.5,2,0.2422024248217060,0.277602651489636,0.0215128792823172,0.1235186088542900,0.4385487217413230,0.3392898966464090,0.8690352625994440,0.668089534488617,0.6142541624193000,66.73907895179900
Combined,437,KNN_KDP,0.5,2,0.2141703404159740,0.2437359860271180,0.022726458875511,0.1561742970559410,0.4095523501212150,0.311994523051572,0.8016595517410070,0.6605662041021980,0.5829939327776960,280.26001620538600
test_seen,329,KRR_KDP,0.5,2,0.3147074651662760,0.3608639279766620,0.0191573406503317,0.1407895067286440,0.3948096292909750,0.4004447013311750,0.8086821641663260,0.6979796993948860,0.6344287666266970,153.55885192400200
test_unseen,108,KRR_KDP,0.5,2,0.1669891096016840,0.3543500644475650,0.02303892160849,0.1287845785043570,0.3422858362500630,0.34661657436918,0.7251329002434740,0.6174609242269790,0.6839746856948690,34.10155982107070
Combined,437,KRR_KDP,0.5,2,0.288333875092036,0.3604429377244860,0.0201166329695104,0.1378226137121160,0.3818289207133590,0.3871416402055560,0.7880465025950190,0.6780803224655180,0.6466735246572750,185.54757417286300
test_seen,329,RIDGE_LatentReg_KDP,0.5,2,0.2789000762883810,0.3183882556947830,0.0191333860028946,0.1521534643851750,0.4028828687538000,0.407487112725561,0.7807948440292780,0.681081118764117,0.6187920024539190,184.39495713773600
test_unseen,108,RIDGE_LatentReg_KDP,0.5,2,0.2050435587142720,0.3398476377176230,0.0212805135001193,0.1253514739469740,0.3979335153063270,0.3944135897500790,0.7659286805791320,0.6321355759429150,0.66396958885491,46.10151619566460
Combined,437,RIDGE_LatentReg_KDP,0.5,2,0.2670929340264680,0.3243229326458870,0.0196640262081584,0.1455296315080000,0.401659687581427,0.4042561276423760,0.777123080767495,0.6689847374719210,0.6299571725484430,229.03015028106700
test_seen,329,BalancedKRR_lambda0.5_KDP,0.5,2,0.3875707634546290,0.4274770128538180,0.0172073047550505,0.124132399230932,0.425375216743602,0.47362786543085,0.8489350054745700,0.7427916120576670,0.6705752767630570,150.47580876215300
test_unseen,108,BalancedKRR_lambda0.5_KDP,0.5,2,-0.0422059480588583,0.2577043359105070,0.0290043268989009,0.1715384422234910,0.2471722260774570,0.2084568716317840,0.5740125493099890,0.5175840978593270,0.7251953788651040,33.39053448650030
Combined,437,BalancedKRR_lambda0.5_KDP,0.5,2,0.3027292851660800,0.388580661211463,0.0201228159484964,0.1358483091695970,0.3813342030320600,0.4080936152470990,0.7810324711206680,0.6871339197615100,0.6840740662985750,180.54864300552100
test_seen,369,DNN_KP,0.5,3,0.2883220069862820,0.345758000576513,0.0180342495296312,0.1215435833268790,0.4095716471607140,0.4253885571345560,0.7876925155356090,0.6921429705790440,0.6105706425684290,193.16437288633200
test_unseen,161,DNN_KP,0.5,3,0.2861336526599840,0.3231582388444010,0.020253276923868,0.1300544151776620,0.4149269524105590,0.3765593603171160,0.8518177717924120,0.6593009193485890,0.6398924491305520,80.19412808005400
Combined,530,DNN_KP,0.5,3,0.2882070047578050,0.3388684547485280,0.0187083314361823,0.1241289492287210,0.4111984474347240,0.4105555369692590,0.8090676009545430,0.6821664229411140,0.6194778328637160,273.60284466462700
test_seen,369,Ridge_Concat_KP,0.5,3,0.2343406275742390,0.3572868453648520,0.0232817154973341,0.1240453450606590,0.3317760270483900,0.2963870642097740,0.7442832199860060,0.6927987049246670,0.6134753408025570,124.47765202906000
test_unseen,161,Ridge_Concat_KP,0.5,3,0.2600495116297860,0.3513830055675620,0.0245630987023252,0.1311248522648790,0.351380683380101,0.2746789639835850,0.831645176619264,0.6644201528725240,0.6614495884652870,52.786488892243
Combined,530,Ridge_Concat_KP,0.5,3,0.2428810116220320,0.3554004476270680,0.0236709658671521,0.1261959123434500,0.3377314037831180,0.2897927167825730,0.7734038721970920,0.6841780504333560,0.6280486499982170,177.53260768133300
test_seen,369,KNN_KP,0.5,3,0.2180687778621050,0.2532659559321450,0.0200855719050237,0.1349452055036970,0.4103281446489840,0.3342949979400830,0.7825680020799440,0.6496175736804630,0.5702532261617510,232.77810303937900
test_unseen,161,KNN_KP,0.5,3,0.2484687699899720,0.2602171755734240,0.0213138406783718,0.1426756322382930,0.450853974018262,0.3155143686543470,0.8500931425235950,0.6573518533738800,0.6173138113632890,98.1069421187544
Combined,530,KNN_KP,0.5,3,0.2278163012519290,0.2553340395274290,0.0204586875135313,0.1372935049457160,0.4226388211177640,0.3285899388551710,0.8050763822278270,0.6519670435495950,0.5845489888361810,331.2212272694780
test_seen,369,KRR_KP,0.5,3,0.2398036635296360,0.2869152395432870,0.0192528143720559,0.1324066826323710,0.3966432833558300,0.3654458723130940,0.7808646232797360,0.6542589433455770,0.5788751082217820,203.05910718013900
test_unseen,161,KRR_KP,0.5,3,0.251848336514529,0.273136191126759,0.0209175156485215,0.1414394438344830,0.4232287282408700,0.3399042664614330,0.8484432173008240,0.6342331129871200,0.617630828118212,87.63444288733140
Combined,530,KRR_KP,0.5,3,0.2440322625990560,0.2827409498929910,0.0197585066466049,0.1351505968843330,0.4047192392548700,0.3576870071392870,0.8033908212867650,0.648175625066876,0.5906480721903200,291.0029363959800
test_seen,369,RIDGE_LatentReg_KP,0.5,3,0.2319290345338200,0.2672606362570730,0.0192102212770754,0.1352042449508210,0.4064896591925110,0.3699752745678380,0.7858942877379680,0.6493204440551020,0.5752275859242530,226.3341366496120
test_unseen,161,RIDGE_LatentReg_KP,0.5,3,0.2472158936262110,0.2626522618143820,0.0205790225233899,0.143146558567707,0.4348337981023800,0.3488982954528070,0.843691881069252,0.6385187098592210,0.6162218647630010,95.683952923917
Combined,530,RIDGE_LatentReg_KP,0.5,3,0.2370217213577160,0.2658205536821370,0.0196260269386917,0.1376169100306680,0.4150998598802260,0.3635726450630830,0.805160152181729,0.6460391625352210,0.5876805649677210,322.4227315488880
test_seen,369,LLM_KNN_KP,0.5,3,0.237881624307409,0.3171587130742000,0.0228083959271629,0.1318469880260020,0.3714413919716380,0.2951786163561330,0.7856227778187430,0.6646123739120190,0.6082397118867220,154.45097947945800
test_unseen,161,LLM_KNN_KP,0.5,3,0.2333189049819930,0.3148226277975970,0.0242361595731348,0.1292559841303500,0.4077875021841660,0.2796561609641630,0.7937760677254070,0.6451290962674210,0.6347966983292040,66.4780374827426
Combined,530,LLM_KNN_KP,0.5,3,0.2365200759988390,0.3165210192247180,0.0232421128082978,0.1310599094841150,0.3824823801682730,0.2904633044351760,0.7883405411209640,0.6586938688162070,0.6163070228626460,221.2293646683050
test_seen,369,DNN_MultiCtx,0.5,3,0.4054819774812970,0.4413230857477040,0.0155678712333827,0.0917819664633137,0.4457639134315480,0.5091895302242830,0.8729794400689360,0.755031992663972,0.6590949841445480,190.13093148865100
test_unseen,161,DNN_MultiCtx,0.5,3,0.300349601381398,0.3322677534362240,0.0190230508606811,0.1217662691143360,0.4369767547377820,0.4187294247896230,0.8471776753225750,0.6647958764339140,0.6480174711456050,89.67341467429640
Combined,530,DNN_MultiCtx,0.5,3,0.3734295367304840,0.408474294001947,0.0166174635352602,0.1008904055705110,0.4430946067340080,0.4817101397054520,0.8643788518201490,0.7276206441488030,0.6557299283090200,279.923649618277
test_seen,369,MLP_Concat_KDP,0.5,3,0.3418448274086930,0.3872508625071960,0.0168398510895639,0.1102956138806910,0.4224436374436080,0.4688147348814500,0.83059008609887,0.7133313866219950,0.6319025004994850,188.05973473807000
test_unseen,161,MLP_Concat_KDP,0.5,3,0.2290467316912030,0.2572698904856220,0.0212803251595924,0.1452471181176250,0.4275585805772380,0.3687123110147220,0.8222970714902180,0.6079207223285470,0.6209536333642520,93.8521357758121
Combined,530,MLP_Concat_KDP,0.5,3,0.3076784462347450,0.348250516127925,0.0181887498164971,0.1209129576205900,0.4239974220558990,0.4384062627257080,0.8278257478959860,0.681310411242287,0.6285765238791600,281.6969221462030
test_seen,369,Ridge_Concat_KDP,0.5,3,0.3793937125401050,0.4788452929495570,0.0195363148526972,0.0969580832859438,0.376847678785519,0.3963381792655680,0.8373234467033080,0.7704673644089940,0.687931926578245,107.73149887437100
test_unseen,161,Ridge_Concat_KDP,0.5,3,0.116304826908325,0.1898047815470710,0.0270452936648489,0.1696362682408090,0.3451492162681650,0.1506090486896570,0.7678675966008620,0.553628667707734,0.5927861076213180,67.57790510572210
Combined,530,Ridge_Concat_KDP,0.5,3,0.2990609292902520,0.3916541323003560,0.0218173442654452,0.1190357960741200,0.3672185231906250,0.3216921603547720,0.8141714966691590,0.7045974961657810,0.6590291400649140,175.2043895305290
test_seen,369,KNN_KDP,0.5,3,0.2310774155695030,0.2610673951206090,0.0201476766103791,0.1315619376565090,0.4206099629389840,0.3304933328817210,0.7969943706453280,0.6658931050558140,0.5751404962064740,237.8381220911810
test_unseen,161,KNN_KDP,0.5,3,0.2484687699899720,0.2602171755734240,0.0213138406783718,0.1426756322382930,0.450853974018262,0.3155143686543470,0.8500931425235950,0.6573518533738800,0.6173138113632890,98.1069421187544
Combined,530,KNN_KDP,0.5,3,0.2367582785188680,0.2607515578158550,0.0205019264499014,0.1349379845011640,0.4297972946064630,0.3259431192201980,0.8146939612714170,0.6632984984128120,0.5879516353390160,336.36233357497100
test_seen,369,KRR_KDP,0.5,3,0.3186832836421430,0.3700420549459240,0.0178854588771066,0.1156427814693880,0.4110262562434330,0.4128869373027830,0.8196163205689830,0.7019687399142420,0.6292129650975150,177.0950689964630
test_unseen,161,KRR_KDP,0.5,3,0.2321159749968720,0.3222477531458150,0.0236669297285249,0.1436117929732240,0.3449074459670680,0.3124378664609350,0.804050797176433,0.5839800866512460,0.6779227183599670,52.46569312514350
Combined,530,KRR_KDP,0.5,3,0.2926778473396190,0.3562021874766310,0.0196417170036695,0.1241390283601760,0.3909411082160840,0.3823731629527120,0.8144278127714660,0.666126903734351,0.64400970146592,227.11100612982100
test_seen,369,RIDGE_LatentReg_KDP,0.5,3,0.2946884110171120,0.3393113470160310,0.0179601598060489,0.1224919183860400,0.4181840656546490,0.4179220912119150,0.8064312813587480,0.6852270224025490,0.6308061946403960,207.6205940773140
test_unseen,161,RIDGE_LatentReg_KDP,0.5,3,0.2578029162395770,0.3126199458136660,0.021974886518451,0.1437081204000260,0.3976382843979120,0.3528984016220130,0.830739300137183,0.6026488511077980,0.6746586199203940,69.12791782384760
Combined,530,RIDGE_LatentReg_KDP,0.5,3,0.2839123337855270,0.3315864589213130,0.0191797277318918,0.1289368401299110,0.4119428000276020,0.3981696119213980,0.8145339542848930,0.6601419552733890,0.6441274030745090,275.3572818239410
test_seen,369,BalancedKRR_lambda0.5_KDP,0.5,3,0.3930656609020270,0.4407610645453020,0.0164446173852346,0.1003168519765760,0.4366660840771580,0.4726658830136600,0.8598110577133220,0.7456109343702130,0.6797557389562550,170.892181238172
test_unseen,161,BalancedKRR_lambda0.5_KDP,0.5,3,0.0902946495919058,0.2493080337020480,0.0289776756549538,0.1767582883915460,0.236011372277185,0.1868395431251780,0.7013128399655960,0.5016144371778460,0.7108454954267400,47.69402790490370
Combined,530,BalancedKRR_lambda0.5_KDP,0.5,3,0.3007416956250660,0.3842693800119070,0.0202518294256587,0.1235377411516890,0.3757124829454680,0.3858393910852720,0.8069783184640790,0.6714912437136640,0.6891999857331380,213.01737783379900
test_seen,359,Presage_MultiCtx,0.5,1,0.431458146053264,0.4941933952299610,0.0178695153862957,0.0838574006952555,0.423843035919795,0.4767188706782050,0.8936610533618990,0.7571230001605960,0.7021990618960330,130.51800364603600
test_unseen,145,Presage_MultiCtx,0.5,1,0.2548959463772860,0.3076873043062840,0.0203356209686224,0.1292284914158210,0.38638638389476,0.3950124185655560,0.8371272225460740,0.6686501679577710,0.6026873243298830,70.81056003692070
Combined,504,Presage_MultiCtx,0.5,1,0.383452397586341,0.4422300513577290,0.0185790100478777,0.096910591477958,0.4130668165871960,0.4532120540981770,0.8772959970731070,0.7316695067689100,0.6735696929533910,200.80371890047900
test_seen,359,Presage+,0.5,1,0.1852713513541680,0.2005122361947730,0.0211964063819888,0.1582707336056220,0.3982773283410430,0.3469711740982240,0.8041593147798910,0.5924121012089030,0.5746080619347980,246.5813774803160
test_unseen,145,Presage+,0.5,1,0.2039594795769450,0.2254822221172290,0.0205166633403862,0.1376417554021820,0.3977617831137880,0.377618351796351,0.8355091472058730,0.6414478645369170,0.5712072393226850,99.38619657533600
Combined,504,Presage+,0.5,1,0.190659076513521,0.2073954470037330,0.0210008453878769,0.1523358093209020,0.3981290067974880,0.3557883184756620,0.8132342662716230,0.6065196124838270,0.573629650667424,346.2297702886240
test_seen,597,Presage_MultiCtx,0.3,1,0.382600406763888,0.4388229030365890,0.0188866567074581,0.0942686381888508,0.4255070151743080,0.451276808896044,0.8747359004308060,0.7553353813602430,0.6565011291274180,260.9803457620500
test_unseen,145,Presage_MultiCtx,0.3,1,0.2461851294707750,0.2859119606580720,0.0208493491313806,0.1292194595792380,0.3830893748575910,0.3660877294951310,0.844132070162456,0.6627204616315320,0.5910931174089070,76.07989042110780
Combined,742,Presage_MultiCtx,0.3,1,0.3572731571303430,0.4098082947168630,0.0192702017229146,0.1010986504551660,0.4172178536568900,0.4346293472880490,0.86876706828627,0.7372367784482980,0.6437192400449600,337.04288760486300
test_seen,369,Presage+,0.5,3,0.200152474766163,0.2246729877504700,0.0199700347172963,0.1444144203001090,0.4041959446923210,0.3605677804638070,0.7839165419720690,0.6284855098078390,0.5633782613818580,255.4853706040670
test_unseen,161,Presage+,0.5,3,0.2004456221320050,0.2055512124421600,0.0214927169091428,0.1525806721258660,0.4446966678867990,0.3360259004753360,0.8247272837046280,0.5883126489685210,0.6033063673402290,108.51568805005400
Combined,530,Presage+,0.5,3,0.2005229520972130,0.2188794981984470,0.0204325853453855,0.1468951118924620,0.4164989945683790,0.3531126055993850,0.7975201225495890,0.6162820558547630,0.5755073652673250,364.4015736539130
test_seen,793,Presage_KP,0.1,3,0.0345042419376548,0.0407768875040994,0.0246561099529578,0.2107858822013950,0.3811295107864620,0.1891571108332170,0.7419544662711660,0.5155657649765990,0.5169604448155360,672.4125712211860
test_unseen,161,Presage_KP,0.1,3,0.0346797010599473,0.0411373120814937,0.0249939039744757,0.192016069384011,0.41096244208936,0.1683375261760180,0.7192427548266910,0.5171312559879560,0.5400011731504960,132.40270664115000
Combined,954,Presage_KP,0.1,3,0.0345601323142602,0.040854649905931,0.0247131171201113,0.2076182303527590,0.3861642088365320,0.1856435331290150,0.7378250641903530,0.515829962096964,0.5208488696183960,805.2615833963070
test_seen,809,Presage+,0.1,1,0.0550351731072585,0.0663399891218383,0.0231890285635272,0.1935790337396130,0.3913546869589030,0.3211498400231550,0.7329833862474600,0.5254709284453360,0.5239196500025290,672.5033078283910
test_unseen,145,Presage+,0.1,1,0.0853292364737438,0.0790540709006321,0.0234671193115762,0.1720379304955330,0.3716797494016800,0.3427280514195350,0.805474042889225,0.5542207909686290,0.5099178637334010,121.87167218422400
Combined,954,Presage+,0.1,1,0.0592984203472433,0.0681893980497916,0.0232312960252327,0.1903049666846950,0.388364261439199,0.324429547206043,0.7442143330511130,0.5298406664598830,0.5217914959050200,794.6957630085460
test_seen,809,Presage_KP,0.1,1,0.0530050915446756,0.0582432955897072,0.0235411990327508,0.1952330852098850,0.3846637809383110,0.3000555813603020,0.7458252793668660,0.5242815285021470,0.5196341784514970,668.2913634986790
test_unseen,145,Presage_KP,0.1,1,0.0669676107352968,0.0657644214267336,0.0239205147470164,0.1739672586248270,0.3662338694445000,0.3071516797720800,0.7928606899891350,0.5497919455802000,0.508716575605167,121.45554502156600
Combined,954,Presage_KP,0.1,1,0.0549896011884235,0.0593345771338253,0.0235988518404746,0.1920008578987390,0.3818625889397760,0.3011341288128260,0.7531124556604570,0.5281588979741790,0.5179747943710800,790.0595653633240
test_seen,369,Presage_MultiCtx,0.5,3,0.4163475860453850,0.4839501368018230,0.0172758180104691,0.0832468451652723,0.4310521151701890,0.4598569485075690,0.8634094195881630,0.7692532312846760,0.6964103667501700,149.71084223839400
test_unseen,161,Presage_MultiCtx,0.5,3,0.2322648552406320,0.2704444648880080,0.0216752231564067,0.139043376409015,0.4182404467246060,0.3282730941846230,0.8198669421653300,0.6222804071904100,0.6182648616280570,86.1898608674066
Combined,530,Presage_MultiCtx,0.5,3,0.3606225775187920,0.420179549592462,0.018612241083103,0.1001963574864850,0.4271602687178520,0.4198852493641830,0.848895260447219,0.7246067696258520,0.6726718265149630,235.14717031983000
test_seen,329,Presage+,0.5,2,0.18173381903372,0.2016218342589250,0.0210211771376955,0.1729684732098540,0.3872840363377260,0.33790601873642,0.7503219406496620,0.6219779147263040,0.5591380608460440,234.36401422977200
test_unseen,108,Presage+,0.5,2,0.1931901330811130,0.2370266942227310,0.0205823817527136,0.1325011612756310,0.4280607463386830,0.36879769518465,0.8301970325010370,0.6232798165137620,0.5990910635406050,72.78301638531270
Combined,437,Presage+,0.5,2,0.1857076562859060,0.2100796692422560,0.0209127334269906,0.1629673984068880,0.3973615756514640,0.3455405749295750,0.7700501259864470,0.6222996661978040,0.5690120294753640,307.5563423761310
test_seen,808,Presage_MultiCtx,0.1,2,0.4081007715618420,0.4935959860221380,0.0194060009970374,0.0931571545503159,0.4050346894500450,0.4495236795784620,0.8637187863179470,0.7572553156955040,0.7199372396256020,247.4547406858230
test_unseen,108,Presage_MultiCtx,0.1,2,0.1707021137656500,0.2449397093327380,0.0232844746995612,0.1401401707963910,0.3732178212381390,0.3403826887888720,0.8243282813369540,0.564187411455171,0.5784456587735280,49.4636443730375
Combined,916,Presage_MultiCtx,0.1,2,0.3828750504068200,0.4651597370799720,0.0198632882894747,0.0986966368151369,0.4012833556434010,0.4366555278259780,0.8592075832335310,0.7344918510034120,0.7032548261626940,295.7014983606740
test_seen,809,Presage_MultiCtx,0.1,1,0.4003391162444890,0.480574210318929,0.0198465792095026,0.0901606311725558,0.4047730780007390,0.4692919501465340,0.8755184553914670,0.7499289862084080,0.7028277108136820,262.14388322538500
test_unseen,145,Presage_MultiCtx,0.1,1,0.1828685125839590,0.2434642414853100,0.0226995490713741,0.1408542786500680,0.3499612762654850,0.3705109736782830,0.7970659842862660,0.6238158989760100,0.5725802366392880,76.00459192223110
Combined,954,Presage_MultiCtx,0.1,1,0.3686052184257410,0.4455841324860130,0.0202802067042315,0.0978656404851756,0.396442143774731,0.4542780700753630,0.8633638471920700,0.7307608545011780,0.6830311869611800,336.7877789997310
test_seen,597,Presage_KP,0.3,1,0.138078463426863,0.1557024805195460,0.021551423934101,0.1648841449706260,0.4041720859626260,0.3142642958124690,0.763676264566627,0.587313535739878,0.552309455509667,448.9302975738750
test_unseen,145,Presage_KP,0.3,1,0.1663562631865330,0.1682630199742910,0.0212937601244071,0.1498461722645930,0.3934518189342680,0.3522435196014220,0.832816047220075,0.615161245288287,0.5432733026199450,110.30625173465000
Combined,742,Presage_KP,0.3,1,0.1431445477487130,0.1580659294538400,0.0215010718419101,0.1619454575819810,0.4020771550743350,0.3216861117820080,0.7771609739493920,0.5927554735896350,0.5505436304840480,559.5610711148700
test_seen,631,Presage_KP,0.3,2,0.1449027991421840,0.1569880413545430,0.0217251909424166,0.1807687593469700,0.4123582106952170,0.3138384686886160,0.7712108237077740,0.5824840340321000,0.5594294770206020,470.86165372636900
test_unseen,108,Presage_KP,0.3,2,0.1343759453848920,0.1831992219162610,0.0218985059587012,0.1496521480394990,0.424481016503869,0.358107411818154,0.8022025580658040,0.573948609856469,0.5642627722573520,78.50862492678930
Combined,739,Presage_KP,0.3,2,0.1447461923068860,0.1607503682125950,0.0217505197945935,0.1762212708203030,0.4141298792031120,0.3203080841933390,0.7755475510411500,0.5812366378061620,0.5601358313989090,549.6388604685540
test_seen,631,Presage+,0.3,2,0.1309251587751590,0.1385087406830440,0.0219396723499488,0.182497668638438,0.4101971906194900,0.2561455314310070,0.7691106084675270,0.5933499113121080,0.5498391592473770,481.73908315639000
test_unseen,108,Presage+,0.3,2,0.1391368187574880,0.1693909895301460,0.0218456402116638,0.1473546976884720,0.4255233483235060,0.3130366872745980,0.8216254201353320,0.5834337047074170,0.5572493224932250,81.62183154393220
Combined,739,Presage+,0.3,2,0.1328155670264750,0.1429005151090930,0.0219259301700641,0.1773617540747080,0.4124370079835410,0.26445980048528,0.7764590974722370,0.5919007227961320,0.5509221059734280,563.6383077260020
test_seen,369,Presage_KP,0.5,3,0.209154425087688,0.227988503184934,0.0200597295582807,0.1434849384218950,0.4041830097763950,0.3539982616327370,0.8005820912536700,0.6357754314783220,0.5640647332749320,254.324323013128
test_unseen,161,Presage_KP,0.5,3,0.215229597477613,0.2198423926363780,0.0214521931960481,0.1499766442447280,0.4447804849514720,0.3266109950847950,0.8369689097681210,0.6055607087085680,0.6077328605478520,105.19590826959000
Combined,530,Presage_KP,0.5,3,0.2111923488433460,0.225438262324893,0.0204827232293761,0.1454569471718500,0.4165154503484470,0.3456787334927020,0.8127110307584870,0.6265969968256230,0.5773299568427440,359.96885294752900
test_seen,597,Presage+,0.3,1,0.1399428649214320,0.1611673119474640,0.021410540847394,0.1642850746708490,0.4014281502721970,0.3165880953540850,0.7598722154956520,0.5898679180879660,0.5538556480106340,442.0336562488550
test_unseen,145,Presage+,0.3,1,0.1751939256297060,0.1777641953443730,0.0211400750366862,0.1472761860909880,0.3923526732143910,0.3506172821695750,0.8371559866029670,0.6201591511936340,0.5485131927963150,108.35768391544000
Combined,742,Presage+,0.3,1,0.1462396531712190,0.1642971132783070,0.0213576870164606,0.1609612352583420,0.399654640604566,0.32323800382881,0.7749452914208380,0.5957873639105020,0.5528116372207730,550.7147172185800
test_seen,329,Presage_MultiCtx,0.5,2,0.4153768781055770,0.4772789513588970,0.018390492174007,0.0998174761144757,0.4105972539691860,0.4664683538863460,0.8624811658968660,0.765964418170157,0.6861632414043110,128.9820718039530
test_unseen,108,Presage_MultiCtx,0.5,2,0.1992627787645210,0.2735910317332820,0.0223710567195375,0.1379889279447810,0.395248247808496,0.3422046465543100,0.8280059735589760,0.6035932721712540,0.626741420319402,52.46149311350660
Combined,437,Presage_MultiCtx,0.5,2,0.3688178011801630,0.4295203299565150,0.0193742472561976,0.1092511529970230,0.4068039069088780,0.4357578724404430,0.8539662087531700,0.7258360800285520,0.671477757017194,180.99023577484700
test_seen,631,Presage_MultiCtx,0.3,2,0.3875253606303030,0.4513788916367250,0.018966872965276,0.1034908276212640,0.4279987141721020,0.4276623503461450,0.8651809849293680,0.757057451715563,0.6839983851502540,260.5729568419070
test_unseen,108,Presage_MultiCtx,0.3,2,0.1923777415448040,0.2751061434399300,0.0212617803761673,0.1308035790835110,0.4050779688285500,0.341229561366632,0.8045976948836890,0.6307211683227940,0.5970967580046170,59.91725972234880
Combined,739,Presage_MultiCtx,0.3,2,0.3628230363698820,0.4264052448983210,0.0193022586220774,0.1074824069959910,0.4246489976672260,0.4150307654885160,0.8567034597011330,0.7385942330329930,0.6712982826715950,319.9339464450880
test_seen,808,Presage_KP,0.1,2,0.0541357214894198,0.0635627453691408,0.0238205376838483,0.1999013807727310,0.386937810681487,0.2787025535941900,0.7290288499344200,0.5248498620353840,0.5315763133690420,666.7715628605600
test_unseen,108,Presage_KP,0.1,2,-0.0012162873673503,0.0558465122791389,0.0253553275092845,0.1797602099882790,0.3962382484448510,0.2497497437110600,0.7517767579260650,0.5029649868447680,0.5329993928354580,87.9769877526475
Combined,916,Presage_KP,0.1,2,0.0494606890169709,0.06272773464996,0.0240014954361923,0.1975266575798050,0.3880343688457260,0.2752889035206330,0.7316340572742460,0.5222695492399840,0.5317441000310210,755.0348363246970
test_seen,529,Presage_KP,0.3,3,0.1729359031270570,0.2042267170676540,0.0211142160531854,0.156747095727177,0.4103534549395070,0.326895228731585,0.7753051064215760,0.6063690562745380,0.5628331792329370,374.0794390984870
test_unseen,161,Presage_KP,0.3,3,0.184499330956444,0.1880580301134400,0.0217405152790822,0.1588941346178860,0.4356697500119600,0.2942603829822850,0.8210523801482620,0.5915134906111120,0.5859513743024820,109.55092557310000
Combined,690,Presage_KP,0.3,3,0.1762755669147780,0.2004716498990940,0.0212603525392279,0.1572480714683430,0.4162605904564130,0.3192804313900820,0.7867419248532470,0.6029027576197390,0.5682274247491640,484.1265996419690
test_seen,793,Presage+,0.1,3,0.0540260017623856,0.0679279456150709,0.0244661027762028,0.2071444170508710,0.3849157809205430,0.2193470466206270,0.7437938383970150,0.5257876831509710,0.5306571535563670,646.9811281310700
test_unseen,161,Presage+,0.1,3,0.0685823374567517,0.0776249069900486,0.024706531848729,0.1860680325354280,0.416930396391576,0.21069878883382,0.7388620010001910,0.5315870770955400,0.5585239159763550,127.230368411489
Combined,954,Presage+,0.1,3,0.0566822998822909,0.0695383900380804,0.0245066783324677,0.2035875010058120,0.390318666759994,0.2178875398033570,0.742897140688501,0.526766406866983,0.5353600348452750,774.6557102659630
test_seen,808,Presage+,0.1,2,0.0766706963152162,0.0841114626146055,0.0234390661122867,0.1958100350105380,0.3901618969435580,0.2927886427796820,0.7451469115162930,0.533713412324839,0.5389087269382680,643.320481584513
test_unseen,108,Presage+,0.1,2,0.0487462581879062,0.0854863881757704,0.0248309812393789,0.175584505023066,0.404616036045661,0.2845900890688220,0.7922571533276890,0.5141772920461450,0.5459522363893950,84.68038314048900
Combined,916,Presage+,0.1,2,0.0744526575855622,0.0843599449391495,0.0236031783761797,0.1934253655360330,0.3918660967503560,0.2918220010757820,0.7505422185393860,0.5314100269644690,0.5397391843844700,728.2831309596890
test_seen,359,Presage_KP,0.5,1,0.1880398834542100,0.195550811342143,0.0207003788349385,0.1536760320631640,0.4016140075385650,0.3244905768273180,0.8101218364234700,0.6137880239454640,0.5651937954446030,260.06586795681200
test_unseen,145,Presage_KP,0.5,1,0.2001147484432860,0.2219796587751180,0.0204103079246162,0.134236925373113,0.4047296974054570,0.3391061362099390,0.8292706062779380,0.6658805785973810,0.5689175293069170,103.936814998687
Combined,504,Presage_KP,0.5,1,0.1918013162549530,0.2029018889121290,0.0206169258944688,0.1480834319241610,0.4025103865677310,0.3286954500623970,0.8156649013813420,0.6287749692322260,0.5662651077661020,364.1802898437260
test_seen,793,Presage_MultiCtx,0.1,3,0.3958848941800820,0.4993842312797210,0.0201540202288786,0.0945544463244773,0.3927154309301620,0.405721066824584,0.8491927020877370,0.763734089865547,0.7130069112075890,241.39258126924600
test_unseen,161,Presage_MultiCtx,0.1,3,0.1923746540730910,0.2587469439384250,0.0240554611110516,0.1504976382106120,0.3722565330110630,0.2530834253944010,0.7780361854391990,0.5850305996754290,0.6188434039613380,67.06464579470790
Combined,954,Presage_MultiCtx,0.1,3,0.3621245106289380,0.4606773966209000,0.0208124394972537,0.1039955929635420,0.3892627238389930,0.3799614648641440,0.8362551536061840,0.7335755343932110,0.6971155855612090,305.8267629272000
test_seen,529,Presage_MultiCtx,0.3,3,0.4020186590183240,0.4628868268323050,0.0178632472208,0.0891225015613952,0.4317688236877160,0.4284442090964800,0.8738714830694700,0.759864025833994,0.6683777755219070,219.3049688063860
test_unseen,161,Presage_MultiCtx,0.3,3,0.224690649142542,0.261032622981581,0.0219631093758052,0.1422402229455550,0.4188423971053970,0.2918205780006860,0.8194038016006090,0.6135546160156500,0.6131038772548210,84.89118881527190
Combined,690,Presage_MultiCtx,0.3,3,0.3609103479934770,0.416976885889629,0.0188198817236345,0.1015166365510330,0.4287526574851750,0.3965653618407940,0.860254562702255,0.7257251635430470,0.6554805325929200,303.38215514308500
test_seen,529,Presage+,0.3,3,0.167587294494463,0.1975466511262710,0.021756494521764,0.1603542149877070,0.4078420055182190,0.3269916258066970,0.7804096365828990,0.5777694859265640,0.5670858014546710,359.10012756065300
test_unseen,161,Presage+,0.3,3,0.1720787055422710,0.1743138759722590,0.0229043281730268,0.1624508096791740,0.4315902235645120,0.2812297751739770,0.8269037599221970,0.5527138980789510,0.5964085135537150,106.7664643803940
Combined,690,Presage+,0.3,3,0.1692962446299520,0.192158220475324,0.0220243223737253,0.1608434204157160,0.4133832563956880,0.3163138606590620,0.7920331674177230,0.5719231820954540,0.5739277676111150,466.2917223800390
test_seen,329,Presage_KP,0.5,2,0.2123125534157800,0.2419598783779110,0.020708859268667,0.1658413943330540,0.3870123196023010,0.3620911030156340,0.7602540408974960,0.6278966007640610,0.5768871475976690,206.91959112051500
test_unseen,108,Presage_KP,0.5,2,0.2170413575972200,0.26773674944484,0.0208104883301221,0.1294002376322520,0.4260795201617560,0.3856605026796650,0.839430553009618,0.6265715256540940,0.6145302412504250,65.56674319439200
Combined,437,Presage_KP,0.5,2,0.2144628471429760,0.2481028598797280,0.0207339758330541,0.1568353418761060,0.3966673714568120,0.3679160347403830,0.7798096854553100,0.6275691222471820,0.5861902462578460,272.91405685836300
test_seen,329,GEARS,0.5,2,0.0615942761520921,0.2490054588748890,0.0345581142636796,0.1906638552800210,0.2372273180382710,0.1691086343747680,0.6110532878117140,0.6147764981456180,0.5651822313934360,83.72461594932800
test_unseen,108,GEARS,0.5,2,-0.0105856287008047,0.2644809282726660,0.0335159244890523,0.1537553674836120,0.2399373603982850,0.1739042248985950,0.6494772034094100,0.6193722392116890,0.587814305130819,27.146411819820800
Combined,437,GEARS,0.5,2,0.0509149023096871,0.2529402906446450,0.0343005479120555,0.181542306808597,0.2378970767908600,0.1702938146415260,0.6205435320256030,0.6159122876997040,0.570775512774757,110.79717645356200
test_seen,808,GEARS,0.1,2,-0.0400463358027643,0.1837981082472020,0.0347216587552809,0.1942624836832270,0.214119618862996,0.1524526448787030,0.5465748372420250,0.571803819726235,0.5395701455391440,231.87823134056400
test_unseen,108,GEARS,0.1,2,-0.0523687792198663,0.21070583734683,0.0349984781307725,0.1635924595165360,0.242600656025143,0.174308635835327,0.6464253639867280,0.5716352964986850,0.5406901436956080,29.901292341048500
Combined,916,GEARS,0.1,2,-0.0400774022743242,0.1869633753301430,0.0347542968475878,0.1906463672967610,0.2174776450786200,0.1550295521093970,0.5580102327630660,0.5717839501753880,0.5397021977235310,262.02330398331700
test_seen,631,GEARS,0.3,2,0.0276525185561634,0.2501838962256830,0.0338596762604648,0.1866181041528590,0.2317766440325730,0.1654538671102410,0.5935616631649590,0.6104239410064470,0.5781119142411710,161.05463271016200
test_unseen,108,GEARS,0.3,2,-0.0912030109757094,0.2481455662255160,0.0342506185282814,0.1592209128869230,0.2211247098970240,0.1699508941890140,0.5536641819702050,0.583835190203754,0.5628324801766540,26.27708197875180
Combined,739,GEARS,0.3,2,0.0158343294695219,0.2498742960939130,0.0339168099071823,0.1826141844549960,0.2302199337664850,0.1661110781041620,0.5879787391752490,0.6065381695765540,0.575878925230389,187.35805253894900
test_seen,809,GEARS,0.1,1,-0.0517170247472933,0.1832274333680100,0.035733957977006,0.1899372985998090,0.2062260552972860,0.1875420053367310,0.560381871682913,0.5689274777327990,0.5440317934257440,244.4237995814090
test_unseen,145,GEARS,0.1,1,-0.0554558023377557,0.1974106303227260,0.0357731562264294,0.1671139562286900,0.2020485266633270,0.1947781521848240,0.5779587242548720,0.60044867387922,0.5432572276296270,44.820376514884000
Combined,954,GEARS,0.1,1,-0.0519697337291121,0.1853509610791490,0.0357399157822119,0.1864683419501110,0.2055911059766110,0.1886418389771640,0.5631050460250470,0.5737184352183660,0.543914065920045,289.19330162315500
test_seen,369,GEARS,0.5,3,0.0810849748747597,0.2784966209184410,0.0315305756981689,0.1584310369050290,0.2299934533872910,0.197867391780047,0.6491318164564060,0.6272047786640440,0.5714110071157420,90.14638317812110
test_unseen,161,GEARS,0.5,3,-0.0020078905926272,0.253379031005097,0.0344862006301854,0.1707891651853030,0.2342220966498780,0.1478204076209010,0.5543222717146710,0.593866312860313,0.6095879956322140,39.4344836665771
Combined,530,GEARS,0.5,3,0.0548454255696323,0.2708754633121740,0.0324284164794041,0.1621851098354520,0.2312780035104540,0.1826644399883070,0.6175286348758280,0.6170774333915900,0.5830081677782930,129.6131182896720
test_seen,597,GEARS,0.3,1,-0.0120672708572696,0.2130326115473910,0.0340592587946691,0.1788962032900520,0.2177478494307180,0.1585678295167370,0.5730613265178970,0.5849173894664510,0.5487423622837540,164.65857569289700
test_unseen,145,GEARS,0.3,1,-0.0461269178991231,0.2202687476479990,0.0344858398223912,0.165335320019649,0.205543291914877,0.1657435046404610,0.5690136031699370,0.6133742845176600,0.5513053190004190,39.655331650667600
Combined,742,GEARS,0.3,1,-0.017403047438734,0.2144740824622470,0.034142620316259,0.1762461654541920,0.2153628617760050,0.1599700840894320,0.5722718769287560,0.5904783730007170,0.5492432096205680,204.3189223568190
test_seen,359,GEARS,0.5,1,-0.0287369730843386,0.2189477885541630,0.0348849184958537,0.1791291085633390,0.2065974915901770,0.1538053584513670,0.5438710927287600,0.5782519368468850,0.5576623822524460,95.75777704820130
test_unseen,145,GEARS,0.5,1,-0.0084680205601458,0.2472146510168250,0.0340829491585191,0.1597533375624420,0.2202864338342020,0.1722842583325630,0.6154998700621860,0.6345650236511960,0.5721395763350930,38.07086204643480
Combined,504,GEARS,0.5,1,-0.02256693079564,0.2268769613854050,0.0346541931904697,0.1735547300015730,0.2105357785453040,0.1591217086156000,0.564605738798962,0.5944531225346330,0.5618274480103510,133.7866810367680
test_seen,529,GEARS,0.3,3,0.0068692875328399,0.2483012499142630,0.0335940712729263,0.1724163162411940,0.2088164826988200,0.1546177043025560,0.5831066088488240,0.5991094185979520,0.5546132720224100,137.48120354939600
test_unseen,161,GEARS,0.3,3,-0.0613483058056072,0.2195660968247910,0.0354633934050953,0.1798538819217280,0.2068699364401180,0.1062205595990680,0.4948757290357670,0.5685077842584000,0.582832262077545,40.05251838568230
Combined,690,GEARS,0.3,3,-0.0097379303247112,0.2416488342367920,0.0340302464370991,0.1741517482333190,0.2083622885717900,0.1433250372050760,0.5610488888955600,0.5919690372520560,0.5611977030352750,177.7803288466220
test_seen,793,GEARS,0.1,3,-0.0921534366467864,0.2165579218606420,0.0369860566663308,0.199649884388834,0.1489070445744230,0.12876877058044,0.4663650854550090,0.5675857350981640,0.5651509998954650,196.3657412570710
test_unseen,161,GEARS,0.1,3,-0.169825543295881,0.1723369200594070,0.0390584848107117,0.1937743956802740,0.1367296504346730,0.0802397539444371,0.3462199456407850,0.534526470837434,0.5545612743021380,38.97917216319640
Combined,954,GEARS,0.1,3,-0.1058605515557060,0.2093256695248970,0.0373358060701519,0.1986583186843500,0.1468519497562890,0.1205788631607370,0.4445205145796950,0.5620065510877050,0.5633638449473250,235.5318090680920
test_seen,359,scLambda-MultiCtx,0.5,1,0.2298749855,0.2516031168,0.02074803565,0.1370092999,0.402917292,0.3854042561,0.8249551805,0.5954177718,0.6017711882,231.9950359
test_unseen,144,scLambda-MultiCtx,0.5,1,0.2544828072,0.2719534796,0.01994078278,0.1200410138,0.4051284792,0.4081828242,0.8650496492,0.6372426959,0.6071823816,92.16335732
Combined,503,scLambda-MultiCtx,0.5,1,0.2366722958,0.257237295,0.02051693343,0.1321515798,0.4035503158,0.3919253571,0.8364107429,0.6073915075,0.6033203171,324.4185518
test_seen,805,scLambda-MultiCtx,0.1,2,0.1448249242,0.1565614639,0.02143332166,0.1690788877,0.4036377449,0.35371184,0.7682565913,0.5965402637,0.5484117903,627.0115439
test_unseen,108,scLambda-MultiCtx,0.1,2,0.1668869394,0.1814660254,0.02169482098,0.1418579326,0.4220776005,0.3680511278,0.8514715057,0.5897295322,0.5629061079,82.30873324
Combined,913,scLambda-MultiCtx,0.1,2,0.1473229952,0.1595134097,0.02146425477,0.1658588842,0.4058190203,0.3554080537,0.7778403314,0.5957346131,0.5501263427,709.5003388
test_seen,808,scLambda-KP,0.1,1,0.009810592811,0.0420205047,0.02753024655,0.2029691978,0.3848437211,0.1981006899,0.7171889762,0.556286504,0.5264794224,659.9561542
test_unseen,144,scLambda-KP,0.1,1,0.04029244103,0.0614224996,0.02828842954,0.1763873064,0.365500154,0.2254204296,0.7857945912,0.597331756,0.5117858395,119.0455965
Combined,952,scLambda-KP,0.1,1,0.01406566397,0.04481068188,0.02764492969,0.1989484075,0.3819178034,0.2022330875,0.7276838861,0.5624950296,0.5242568636,779.3685652
test_seen,359,scLambda-KP,0.5,1,0.128652278,0.1406463239,0.02221917145,0.163700002,0.4003819571,0.2703490494,0.772431807,0.5764906946,0.5523477122,279.4443574
test_unseen,144,scLambda-KP,0.5,1,0.156656836,0.1724500878,0.02177784688,0.1437913857,0.3924088214,0.3119796758,0.8222499077,0.6445468127,0.5468542497,111.2768598
Combined,503,scLambda-KP,0.5,1,0.1362827216,0.1493465005,0.02209282803,0.1580005174,0.3980993894,0.2822671612,0.78666555,0.5959739571,0.5507750311,391.0448718
test_seen,790,scLambda-MultiCtx,0.1,3,0.1379635624,0.1613837346,0.02290900751,0.1750670249,0.384556898,0.2721185719,0.7818540705,0.571709527,0.5564663558,562.1209672
test_unseen,161,scLambda-MultiCtx,0.1,3,0.1308207597,0.1621398644,0.02430043184,0.1608990091,0.4182382321,0.24180107,0.7555280836,0.5591827395,0.5913239621,108.4165215
Combined,951,scLambda-MultiCtx,0.1,3,0.1366339212,0.1614469981,0.02314456935,0.1726684439,0.3902589956,0.2669859559,0.7770417933,0.5695887985,0.5623675909,671.0679765
test_seen,805,scLambda-KP,0.1,2,0.08525942105,0.1066802738,0.02269809726,0.1811537328,0.3868828425,0.2937800748,0.7259736007,0.5679252479,0.5268075079,638.9091236
test_unseen,108,scLambda-KP,0.1,2,0.104714337,0.1200679702,0.02353650577,0.1503574724,0.4031952643,0.2806921238,0.8347422081,0.5482050032,0.5374532976,84.51160721
Combined,913,scLambda-KP,0.1,2,0.08708370838,0.1081724788,0.02279727373,0.1775108016,0.3888124608,0.2922318834,0.7385003223,0.5655925136,0.5280668127,723.7050005
test_seen,327,scLambda-KP,0.5,2,0.1514535952,0.1769629317,0.02234993055,0.1757697244,0.3817252265,0.3172800792,0.7297916874,0.6140235911,0.5464211728,245.3146818
test_unseen,108,scLambda-KP,0.5,2,0.1447073786,0.1817599658,0.02197170274,0.1394081316,0.4280318602,0.2825703776,0.8191651571,0.6089136371,0.5821385902,79.7460628
Combined,435,scLambda-KP,0.5,2,0.150963051,0.1779542603,0.02225602571,0.1667420186,0.3932220459,0.3086624981,0.7519996405,0.6127549129,0.5552889454,325.4678563
test_seen,527,scLambda-KP,0.3,3,0.156878584,0.183060445,0.02115609769,0.1541707261,0.4092482901,0.2850506227,0.7694962988,0.6088153813,0.5516269897,396.6743116
test_unseen,161,scLambda-KP,0.3,3,0.1299867597,0.1651997446,0.02233867809,0.1570980385,0.4305561296,0.2471405698,0.7423701611,0.5981086188,0.5684179121,116.0609408
Combined,688,scLambda-KP,0.3,3,0.1504238919,0.178918401,0.02143283526,0.1548557512,0.4142345723,0.2761792295,0.7626897402,0.6063098744,0.5555562608,513.2295495
test_seen,628,scLambda-MultiCtx,0.3,2,0.1419068571,0.1562912797,0.02180202729,0.1736449246,0.4001026979,0.3050007409,0.7715886721,0.5854434768,0.5600069327,484.5844359
test_unseen,108,scLambda-MultiCtx,0.3,2,0.103784047,0.1458363932,0.02310670279,0.1601142374,0.4095414105,0.2927529784,0.8045874869,0.5596875787,0.5667296548,81.70775696
Combined,736,scLambda-MultiCtx,0.3,2,0.1377415678,0.1549107885,0.02199347424,0.1716594433,0.4014877264,0.3032035149,0.7762379897,0.5816640787,0.5609934191,566.4803061
test_seen,597,scLambda-MultiCtx,0.3,1,0.2202140673,0.2351308371,0.02106331474,0.1429880445,0.4115069867,0.3675244724,0.8272729366,0.5979378876,0.5937367015,385.7320203
test_unseen,144,scLambda-MultiCtx,0.3,1,0.2312741865,0.2469887642,0.02104115519,0.1287545033,0.3980832657,0.3946773439,0.8570520485,0.6317567568,0.5863644895,93.94889051
Combined,741,scLambda-MultiCtx,0.3,1,0.2223201072,0.237339452,0.02105900843,0.1402220122,0.4088983284,0.3728011438,0.8329956129,0.6045099756,0.5923040449,479.9976685
test_seen,527,scLambda-MultiCtx,0.3,3,0.2208250761,0.2583403915,0.02143271091,0.1393814769,0.4033497699,0.3398505056,0.8100708762,0.6040176882,0.5968363398,321.768091
test_unseen,161,scLambda-MultiCtx,0.3,3,0.2029740536,0.2478077325,0.02255759041,0.1418288065,0.4312437535,0.2943038466,0.7907448251,0.5874130932,0.6314609383,92.23055177
Combined,688,scLambda-MultiCtx,0.3,3,0.2164640805,0.2557862524,0.02169594579,0.1399541805,0.4098772864,0.3291920578,0.805221535,0.6001320199,0.6049388985,414.5224595
test_seen,368,scLambda-MultiCtx,0.5,3,0.2302093297,0.281323438,0.02135982015,0.1330804369,0.3870630514,0.3590909585,0.7947762161,0.589637887,0.6258131588,194.8837712
test_unseen,161,scLambda-MultiCtx,0.5,3,0.2122572387,0.2784455019,0.02317972446,0.1373881875,0.4143220226,0.316243455,0.7832478083,0.5663466968,0.6678547901,78.96290161
Combined,529,scLambda-MultiCtx,0.5,3,0.2243630037,0.280169805,0.02191370407,0.1343914914,0.39535926,0.346050414,0.7909144835,0.5825492639,0.6386084379,274.4784989
test_seen,808,scLambda-MultiCtx,0.1,1,0.1278951539,0.1453691355,0.02235228746,0.1670275649,0.3951481004,0.3444230214,0.7727426567,0.5765647937,0.5494528948,609.5268197
test_unseen,144,scLambda-MultiCtx,0.1,1,0.1514094054,0.1594538346,0.02214486794,0.1489387026,0.3752927135,0.3666795235,0.8208376249,0.6204141839,0.5327067999,110.2487105
Combined,952,scLambda-MultiCtx,0.1,1,0.1312486234,0.1474086518,0.02232091308,0.1642914345,0.3921447645,0.3477895512,0.7800999607,0.5831974746,0.546919872,720.0901217
test_seen,628,scLambda-KP,0.3,2,0.128798296,0.1542460117,0.02178515013,0.1760057016,0.4105121585,0.2959100306,0.7401384051,0.5979440184,0.5508080939,482.3581505
test_unseen,108,scLambda-KP,0.3,2,0.09527052704,0.1317217804,0.02320608583,0.1504477034,0.4148622664,0.2198879979,0.8040899378,0.5605190224,0.5519022424,82.50971293
Combined,736,scLambda-KP,0.3,2,0.124477288,0.1508106138,0.021993657,0.1722553432,0.4111504895,0.2847546236,0.7491487585,0.592452307,0.5509686483,565.1104747
test_seen,597,scLambda-KP,0.3,1,0.1092834271,0.1254750585,0.02204224683,0.1691154246,0.4003669715,0.2755440457,0.7488266024,0.5708950156,0.5452532935,468.145521
test_unseen,144,scLambda-KP,0.3,1,0.1523766973,0.1620662321,0.02139765411,0.1439502574,0.3850195885,0.3220914294,0.8173793716,0.6311467718,0.5343656156,113.0858532
Combined,741,scLambda-KP,0.3,1,0.1170794413,0.1322646598,0.02191698185,0.1642250278,0.3973844841,0.2845896911,0.7620004442,0.5826038589,0.5431374695,581.5839739
test_seen,790,scLambda-KP,0.1,3,0.09058155959,0.1103557323,0.02314427552,0.1856369869,0.3913639475,0.2132176685,0.7485038485,0.5666462358,0.5349167222,621.7880133
test_unseen,161,scLambda-KP,0.1,3,0.06790334721,0.095851204,0.02466103978,0.1750472076,0.4131694591,0.1811267363,0.7121670432,0.5564498202,0.5508009153,122.4901043
Combined,951,scLambda-KP,0.1,3,0.08664772955,0.1079807444,0.02340105685,0.1838441851,0.395055522,0.2077848188,0.7418616368,0.5649200288,0.5376058443,744.7574949
test_seen,368,scLambda-KP,0.5,3,0.1531515759,0.1757672119,0.02034952178,0.149477726,0.4027233225,0.3061331991,0.7510353049,0.6095911561,0.5444097908,279.0426532
test_unseen,161,scLambda-KP,0.5,3,0.1477073872,0.176871321,0.02153984243,0.1535574585,0.4367329074,0.3047310524,0.7532945161,0.5918619424,0.5793337098,116.6190938
Combined,529,scLambda-KP,0.5,3,0.1514249243,0.1761359442,0.02071179328,0.1507193837,0.4130740658,0.3057064588,0.751792085,0.6041953085,0.5550388096,396.2274282
test_seen,327,scLambda-MultiCtx,0.5,2,0.2438793148,0.264308638,0.02057396328,0.1531149774,0.3999490061,0.4010135737,0.7954488155,0.6181738751,0.5986767006,209.108129
test_unseen,108,scLambda-MultiCtx,0.5,2,0.2341107857,0.2817826039,0.02127466152,0.1211995542,0.433475867,0.4014817571,0.8528618863,0.613031234,0.6289469193,64.77794969
Combined,435,scLambda-MultiCtx,0.5,2,0.2430139351,0.2686041194,0.02074792974,0.1451911482,0.4082729164,0.4011298123,0.8097150937,0.6168970814,0.6061920653,274.0442187