Group,N,Model_Variant,TF,rs,Global_Score,Specificity_Score,Mean_MSE,Mean_WMSE,Mean_Pearson,Mean_Pearson_Pert,Mean_Pearson_TopK_DEGs,Mean_Rank_L1,Mean_Rank_Cosine,Matrix_Dist
test_seen,809,DNN_KP,0.1,1,-0.0288295012125063,-0.0771449088822207,0.0364661465217077,0.2931390124691960,0.2977655796176830,0.3218841593138040,0.670298395928181,0.5415505261505860,0.4922792768137050,667.4198423118990
test_unseen,145,DNN_KP,0.1,1,0.0361565210296998,0.0039866748795132,0.0293059148087069,0.226487518954132,0.5337759039525330,0.3108945912101550,0.7580363717946140,0.7242899012193800,0.7308608025473100,88.59473326059480
Combined,954,DNN_KP,0.1,1,-0.0197545393448037,-0.065888344142541,0.0353778513452034,0.2830085443772840,0.3336371697943630,0.3202138371177570,0.6855692461580980,0.5693253787553810,0.5285416680415590,766.664890209016
test_seen,809,Ridge_Concat_KP,0.1,1,-0.0133802172435281,-0.0733366244344098,0.0374447915435979,0.2833109725558550,0.300513272482045,0.3022124115746680,0.7126565257023120,0.5417943725947730,0.4933311888681500,635.8361379689930
test_unseen,145,Ridge_Concat_KP,0.1,1,0.024623315266846,-0.0024903920850757,0.0302639313427538,0.2190687213661060,0.5284541295520190,0.3005942748846100,0.7525432415814560,0.708593552122155,0.7197307956724680,83.66831530646690
Combined,954,Ridge_Concat_KP,0.1,1,-0.007663471310733,-0.0627468927822982,0.0363533610099266,0.2735466890941010,0.335158371302953,0.3019664683670590,0.719598833845834,0.5671464491476770,0.5277420305732090,730.1285892848110
test_seen,809,KNN_KP,0.1,1,-0.0881753332930932,-0.1613542345044060,0.0402470604887083,0.3270595557145440,0.2991217252006160,0.1898185744161360,0.6826536753143740,0.535654111601254,0.4946723443111790,641.8086858588210
test_unseen,145,KNN_KP,0.1,1,0.0604265346202036,0.0289628452768319,0.0296283347158933,0.2259607279284570,0.5413462408317370,0.3000976841899860,0.7756962368734680,0.7506531099612840,0.7404059774939390,84.75740844684760
Combined,954,KNN_KP,0.1,1,-0.0670633545469664,-0.1339951600615590,0.0386331032171588,0.3116933816799710,0.3359378203437110,0.2065800743293520,0.698847792041431,0.5683321564253680,0.532021795895561,737.049036133635
test_seen,809,KRR_KP,0.1,1,0.0148124758773353,-0.0425346737426158,0.0353406321089356,0.2809013543321200,0.3095215536398920,0.3762179395330980,0.7152682532347390,0.5413689383730000,0.4934933208124240,674.0982405299050
test_unseen,145,KRR_KP,0.1,1,0.089814798972322,0.0385487493644046,0.0279581141224533,0.2123097692800250,0.5482228159809900,0.3814997128998380,0.8097889544765390,0.7250280421174510,0.7241524043854250,90.87448749876480
Combined,954,KRR_KP,0.1,1,0.025457157690489,-0.0309689120975853,0.0342185512828979,0.2704760085956910,0.3458021438280050,0.3770207247932420,0.7317196411091030,0.5692835820238860,0.5285515672674400,775.5954655490770
test_seen,809,RIDGE_LatentReg_KP,0.1,1,0.0185728446165168,-0.0363114792863043,0.0350823431687592,0.2783958212331450,0.310411686589101,0.38505884599652,0.7123528089289030,0.5434727624818900,0.4939005962564380,677.31270835189
test_unseen,145,RIDGE_LatentReg_KP,0.1,1,0.0847331796311557,0.0396174000361726,0.0276963016826024,0.2093778995339110,0.5464318438356770,0.3927147796790020,0.7957713556836960,0.7168071787820680,0.7231320331439740,91.18544316214290
Combined,954,RIDGE_LatentReg_KP,0.1,1,0.0281222320382217,-0.025204760123912,0.0339597268003182,0.2679056759015000,0.3462847712859080,0.3862224837155560,0.7268718597881230,0.5698181402214350,0.5287418523871430,779.1105693419370
test_seen,809,LLM_KNN_KP,0.1,1,-0.0545295448962268,-0.0939785727046843,0.042780036809511,0.2986137438245270,0.2990066354781890,0.227113297780609,0.6806268911227480,0.5507051442520330,0.5063704883543870,563.0366455803080
test_unseen,145,LLM_KNN_KP,0.1,1,0.0673435635434445,0.0694364469945792,0.0322358254087928,0.2091891031918270,0.5292074254506870,0.2925271140025200,0.7638294054822530,0.7558418062741980,0.7498064189311430,73.13285849729010
Combined,954,LLM_KNN_KP,0.1,1,-0.0376928803696512,-0.0713980019579089,0.0411774050976618,0.2850219483405210,0.333995225149061,0.2370556493028070,0.6951083414068390,0.5818841966558210,0.5433707084106020,646.85313587588
test_seen,809,DNN_MultiCtx,0.1,1,0.1860789014849640,0.1465842197326150,0.0280298054527965,0.2071227662418680,0.3298182700363790,0.578054714657447,0.7895071507713460,0.5944185105392250,0.5166872682323860,634.7926251051880
test_unseen,145,DNN_MultiCtx,0.1,1,0.1350526410685990,0.0803267066904378,0.0255647141197375,0.1939985292081590,0.5466558984641370,0.4708755887524930,0.8331392418254510,0.6933965336324490,0.7282411260267030,89.02548825653730
Combined,954,DNN_MultiCtx,0.1,1,0.1795432232266100,0.1379545133087610,0.027655132241797,0.2051279922692390,0.3627757712125050,0.5617643862966310,0.7971013438345610,0.6094623400450080,0.5488416805805790,733.0611877116390
test_seen,809,MLP_Concat_KDP,0.1,1,0.0199143908660071,-0.0286635461068681,0.0353859397801438,0.2783388964021380,0.3126769855719060,0.403183308877297,0.7044187792830200,0.5434247714263850,0.4975414311970400,690.3234821240930
test_unseen,145,MLP_Concat_KDP,0.1,1,0.0472841929165736,-0.0110123961657057,0.029230640860724,0.223098994342931,0.5434218168258670,0.351180067523407,0.7975668061863290,0.6962188370662520,0.7203097297101710,94.89458110209250
Combined,954,MLP_Concat_KDP,0.1,1,0.0241775337759138,-0.0257032773379187,0.0344503859611544,0.2699428945168290,0.3477482649553700,0.3952792522773870,0.7206312523199880,0.5666481881116900,0.5314003444930610,795.6680409030570
test_seen,809,Ridge_Concat_KDP,0.1,1,0.1136118631291070,0.0736180027212059,0.031212525245387,0.2308586937598140,0.3141182281023810,0.4828047323969770,0.7502404483003090,0.5839058752725440,0.5044767872452750,634.3283066604470
test_unseen,145,Ridge_Concat_KDP,0.1,1,0.023429701300133,-0.0017114413775945,0.02803613800427,0.2119686557864850,0.5261109275036850,0.3837964265368350,0.7312713999639860,0.6732279190939680,0.7048160075261430,89.76991520831360
Combined,954,Ridge_Concat_KDP,0.1,1,0.1020523614338180,0.0646941306829782,0.0307297410211082,0.2279875663948950,0.3463393406948220,0.4677563001645660,0.7469388734316450,0.5974820769015860,0.5349266687345050,734.1331723157150
test_seen,809,KNN_KDP,0.1,1,-0.0718014985345549,-0.145848954343163,0.0403287336617591,0.3212208198426380,0.3043268065967090,0.2015065510054250,0.6990272557752020,0.5431005075378380,0.4994922027505360,636.9385387750900
test_unseen,145,KNN_KDP,0.1,1,0.0604265346202036,0.0289628452768319,0.0296283347158933,0.2259607279284570,0.5413462408317370,0.3000976841899860,0.7756962368734680,0.7506531099612840,0.7404059774939390,84.75740844684760
Combined,954,KNN_KDP,0.1,1,-0.0529348533515469,-0.1205554513806770,0.0387023627527963,0.3067420846984490,0.3403517730160790,0.2164915764894510,0.712371540460027,0.5746467626231630,0.5361090762702360,731.9707443048400
test_seen,809,KRR_KDP,0.1,1,0.0574305899437288,0.0045027716908643,0.0336957401047029,0.2667213197573490,0.3159313877385100,0.4368861051515150,0.7345722799792550,0.5549439218031150,0.4984934699738120,676.2469439921150
test_unseen,145,KRR_KDP,0.1,1,0.1049115483005590,0.0603000912983828,0.0267282710353701,0.2048393599761870,0.5468933232076700,0.4262358796854660,0.8034947262543090,0.7172269059594020,0.7248543619061400,90.93342836902750
Combined,954,KRR_KDP,0.1,1,0.0642829354746082,0.012659476321686,0.0326367432335779,0.2573157807969,0.3510356651421030,0.4352673601907420,0.7465682753752300,0.5796095745312720,0.5328984273429820,777.641820869313
test_seen,809,RIDGE_LatentReg_KDP,0.1,1,0.0943732247642954,0.0646617511347145,0.0343122695402255,0.2255727516017840,0.3070202639577920,0.4106399853112720,0.7421577208640990,0.5961358120929680,0.5124160642924500,562.8935929042640
test_unseen,145,RIDGE_LatentReg_KDP,0.1,1,0.1327709317496300,0.1446083261532600,0.0278697903438844,0.1746044007732270,0.5127707810054860,0.4119397717453960,0.7776122684236690,0.7333429822339620,0.7505879798820420,69.0134104369532
Combined,954,RIDGE_LatentReg_KDP,0.1,1,0.0996896230818081,0.0755117857678916,0.0333330667273645,0.2178259896833970,0.3382926171778300,0.4108375419495820,0.7483286073064300,0.6169901513701630,0.5486161982133000,642.6423385315110
test_seen,809,BalancedKRR_lambda0.5_KDP,0.1,1,0.1396712467882830,0.0957339956880913,0.0303517461491066,0.2310768460409700,0.3285977095037750,0.5311496738723240,0.7694888121179620,0.58617572249237,0.5113563699046790,661.4609754028570
test_unseen,145,BalancedKRR_lambda0.5_KDP,0.1,1,0.1370276719250230,0.1084250868695860,0.0228162678157888,0.1517621481704620,0.5253501066188060,0.5822924282462080,0.7874566549228890,0.5943264464305100,0.7284871729927270,86.0315673538032
Combined,954,BalancedKRR_lambda0.5_KDP,0.1,1,0.14204369379765,0.1018568774210390,0.0292064166330363,0.2190216770774240,0.3585024239499800,0.5389229436670960,0.7726161265302110,0.587414564181081,0.5443584311706820,756.1037012779840
test_seen,597,DNN_KP,0.3,1,0.2022499080109650,0.2630568856124820,0.0219727010322638,0.1690761808219270,0.3761679059654480,0.3340475227166620,0.7413788522781390,0.6186374969765610,0.5780793305257730,359.72502066429200
test_unseen,145,DNN_KP,0.3,1,0.0879320797350642,0.1489126417029960,0.0242716585285961,0.1936621057178710,0.4705535235236690,0.1463339133471850,0.7666888274252420,0.6244776397226490,0.6462934524640510,67.10502874262290
Combined,742,DNN_KP,0.3,1,0.1824231301399950,0.2424692305479140,0.0224219582249433,0.1738807079242340,0.394612534733564,0.2973649440662920,0.7458262920004730,0.6197787647638690,0.5914095834651940,434.4429067400750
test_seen,597,Ridge_Concat_KP,0.3,1,0.1777229349104240,0.3017422780807390,0.0257380048430819,0.1707963046091940,0.3116923950618540,0.2490456186583770,0.6988060866237090,0.6220034043361210,0.5938532066540530,225.17623474583700
test_unseen,145,Ridge_Concat_KP,0.3,1,0.0377512064738823,0.2158664231397250,0.0275546533986926,0.1903364215832150,0.3705570259163610,0.1090862993165310,0.6645568544214420,0.6353948531806970,0.668779375494439,39.47172543469530
Combined,742,Ridge_Concat_KP,0.3,1,0.1542742602222420,0.2867055289446310,0.0260930102885853,0.1746147910798590,0.3231955911183280,0.2216950778166410,0.6927878509332150,0.6246203316709770,0.608495112963832,269.0449223081660
test_seen,597,KNN_KP,0.3,1,0.1521203952308640,0.1894440287753980,0.0243082707707115,0.1881975869367780,0.3730458601839220,0.2582145673071360,0.7570811017679590,0.5671926885891450,0.5509486252675890,387.2652315997770
test_unseen,145,KNN_KP,0.3,1,0.1528060801209330,0.193303192400177,0.0223840036423753,0.1795176902759200,0.5160692039560530,0.1775213356918380,0.7985202781389180,0.6595188235841590,0.6655125878356370,68.5267761597988
Combined,742,KNN_KP,0.3,1,0.1518377311332350,0.1892914355703870,0.0239322347415892,0.1865013807159900,0.4009951659075860,0.2424456743364910,0.7643627461781910,0.5852348578267150,0.5733364616184870,463.6532093591780
test_seen,597,KRR_KP,0.3,1,0.1840771254049730,0.2311717821456790,0.0229341906545091,0.178577076894263,0.3695012279370010,0.3008701131755960,0.7578840778793610,0.5813186490256050,0.5633272073367290,350.35961575607400
test_unseen,145,KRR_KP,0.3,1,0.138135279730407,0.1749374371263970,0.0229946408492363,0.1851446539932420,0.4916106862579880,0.1600212615646730,0.8125664727237860,0.6345758294941600,0.6533668388477830,63.77827938466470
Combined,742,KRR_KP,0.3,1,0.1758323392209370,0.2205788676564740,0.0229460036979531,0.1798604982950070,0.3933635883905640,0.2733457419039190,0.7674928054079340,0.5917260495214810,0.5809225531171910,421.53084032779000
test_seen,597,RIDGE_LatentReg_KP,0.3,1,0.1890788660876430,0.2280251345848470,0.022645749602772,0.1787397923390480,0.3770009243681940,0.3153677530084190,0.7672480238617450,0.5866941545333510,0.5647920212850130,373.47457048653700
test_unseen,145,RIDGE_LatentReg_KP,0.3,1,0.1171880122690190,0.1611013480820110,0.0231251433074942,0.1870559986565670,0.5039159192202680,0.161078878327833,0.7808295141956890,0.6350597980362050,0.6508073898273540,69.48587682397580
Combined,742,RIDGE_LatentReg_KP,0.3,1,0.1764006240825860,0.2156168726227240,0.0227394316609724,0.1803649269967840,0.4018023721492590,0.2852169621341810,0.7696345477223420,0.5961456616868730,0.581600954490726,450.4753376144990
test_seen,597,LLM_KNN_KP,0.3,1,0.1817060267958480,0.296511803559872,0.026009862920079,0.172762516750916,0.3197378433203650,0.2496971837359910,0.7142101504657450,0.6157372557795730,0.6003657513840010,235.24416513071900
test_unseen,145,LLM_KNN_KP,0.3,1,0.0972780397794098,0.2555888388877520,0.0260977209033868,0.1830035206886770,0.3977611161345750,0.1431061371106720,0.7065171379034590,0.6531527758388010,0.6921773930848340,36.710373450571000
Combined,742,LLM_KNN_KP,0.3,1,0.1670302506153880,0.2882248455038020,0.0260270319329895,0.1747637911053300,0.3349849788433580,0.228867396996542,0.7128583431464940,0.6230489140121710,0.6183073794791770,279.29901408541900
test_seen,597,DNN_MultiCtx,0.3,1,0.3446917407686720,0.3674592276452090,0.0190895652822398,0.1328899670604500,0.424304702020464,0.4341196229183420,0.8634678825100720,0.6954678927701940,0.6242480960809450,348.96303742066500
test_unseen,145,DNN_MultiCtx,0.3,1,0.1295431227308830,0.1598018340475070,0.0239324411859029,0.1838898413853050,0.5194514118391890,0.1685244350646040,0.8093589128418400,0.6352273256084510,0.654260319233096,73.31068105420160
Combined,742,DNN_MultiCtx,0.3,1,0.3077396330771820,0.3310756847638780,0.0200359493874031,0.1428562497789190,0.4428980617559290,0.3822175983377590,0.8539599165939290,0.683695814281713,0.6301130183950440,428.64998059721000
test_seen,597,MLP_Concat_KDP,0.3,1,0.2410191931358260,0.3104199457980490,0.0210979215631501,0.159451095409691,0.3764572887725010,0.3726837311448190,0.7528789328138680,0.638609150114043,0.6019413305845470,323.45454222773700
test_unseen,145,MLP_Concat_KDP,0.3,1,0.0804218834939892,0.1485963611703500,0.0243020841241653,0.1959459260239740,0.4708790806346930,0.1381039025738030,0.7512452721595760,0.62406812787938,0.6570431383498530,67.90622855690860
Combined,742,MLP_Concat_KDP,0.3,1,0.2135191207741830,0.2820276216470110,0.0217240719288472,0.1665828345459050,0.3949089866431450,0.3268426595237990,0.7525918678426670,0.6357675756881320,0.6127092040696810,396.8851861649140
test_seen,597,Ridge_Concat_KDP,0.3,1,0.3257494950685650,0.4131829116841710,0.0217052876225468,0.1387028528680980,0.3596913820928870,0.3509305142566860,0.812016604800326,0.7054525890812590,0.6458473202720760,200.249758185092
test_unseen,145,Ridge_Concat_KDP,0.3,1,0.0300781910609566,0.160661132300331,0.0259947459887841,0.1991552604253750,0.4273757563068950,0.0692559122362641,0.6717455541545700,0.6319419237749550,0.6288612778630930,48.50972216288210
Combined,742,Ridge_Concat_KDP,0.3,1,0.2757400669463480,0.3697980175648960,0.0225435240957333,0.150516328738455,0.3729181129029020,0.2958862860990560,0.7873683371149690,0.6910872973435040,0.6425279454077870,251.48704551190000
test_seen,597,KNN_KDP,0.3,1,0.1825646281752500,0.2126091062816120,0.0235879917437338,0.179072346313321,0.3842571691202910,0.2687903114989740,0.7805388145085710,0.6010099982594030,0.5588423448777850,395.33998396244600
test_unseen,145,KNN_KDP,0.3,1,0.1528060801209330,0.193303192400177,0.0223840036423753,0.1795176902759200,0.5160692039560530,0.1775213356918380,0.7985202781389180,0.6595188235841590,0.6655125878356370,68.5267761597988
Combined,742,KNN_KDP,0.3,1,0.1771687739854130,0.2085442228155780,0.0233527110500721,0.1791593744461740,0.4100155856313230,0.2509547299733200,0.7836984966161400,0.6124436635856700,0.5796876079894950,471.9217305630400
test_seen,597,KRR_KDP,0.3,1,0.2465611892608750,0.2786513600664690,0.021424748813727,0.1659133753215340,0.3934527048799780,0.3566191865941870,0.805395358737326,0.6186691441914930,0.5841375116699110,344.8708863224440
test_unseen,145,KRR_KDP,0.3,1,0.0943312650135133,0.1899692727543110,0.024412085634019,0.1947288873523170,0.4308601754567400,0.1308404002474300,0.7496992142757110,0.6144725208246080,0.6779654707059430,49.39152711212750
Combined,742,KRR_KDP,0.3,1,0.2202231169708080,0.2618433614691500,0.0220085275724094,0.1715444389933180,0.4007627901005050,0.3124979951921920,0.7956084962919940,0.6178490493286920,0.602473164042181,401.2796817139090
test_seen,597,RIDGE_LatentReg_KDP,0.3,1,0.244321690081014,0.2807405925236080,0.0213149499068635,0.1674286364679820,0.3959793346106330,0.3608885377372820,0.7952838710559420,0.6262576942291300,0.5916424226395130,353.7577569233260
test_unseen,145,RIDGE_LatentReg_KDP,0.3,1,0.0938554216430201,0.1784191108978800,0.0241492701601576,0.1937895805346760,0.4612768425742010,0.1386189362775150,0.7438322532153740,0.6200102377960820,0.676373958769603,57.55937811040120
Combined,742,RIDGE_LatentReg_KDP,0.3,1,0.2182937423767330,0.2618565055537290,0.0218688265062269,0.1725800338934150,0.4087396292935400,0.3174531034897530,0.7862428519465770,0.6250368301013780,0.6082004721528060,418.35838517645000
test_seen,597,BalancedKRR_lambda0.5_KDP,0.3,1,0.3218812494645990,0.3464153011676590,0.0196424464256431,0.1466171319297640,0.4200122082506020,0.4199408224569480,0.8493743101301320,0.6683417085427140,0.6187482622288230,331.99846901970700
test_unseen,145,BalancedKRR_lambda0.5_KDP,0.3,1,-0.0500121872390366,0.1567350292161690,0.0286876925136575,0.2201589351704980,0.3048601263538480,0.0315957534435222,0.6063472306405410,0.5616175717809110,0.7036902601330910,36.53273549573620
Combined,742,BalancedKRR_lambda0.5_KDP,0.3,1,0.2590418053567910,0.312563709895355,0.0214100484239747,0.1609885085738420,0.3975094429203730,0.3440512874071540,0.806669871242185,0.6474859136229540,0.6353474397168540,371.29128260730900
test_seen,359,DNN_KP,0.5,1,0.1922049337787600,0.2239330792808970,0.0228627923555661,0.1729543034283700,0.2749890074356650,0.4275236479074770,0.7423753123274530,0.5999269009896060,0.4963644317936390,263.8359500622200
test_unseen,145,DNN_KP,0.5,1,0.1363821248984940,0.1655085885213070,0.0218841481600599,0.1723531459684450,0.5176932765748990,0.2603565357478540,0.7830667125907810,0.6453417426475630,0.7070816480427780,73.71320408384280
Combined,504,DNN_KP,0.5,1,0.1775174255870580,0.2070813472982950,0.0225812379739225,0.1727813513813680,0.3448146404221510,0.3794299350837760,0.7536784790672660,0.6129926788475500,0.5569874404367450,354.1245452563210
test_seen,359,Ridge_Concat_KP,0.5,1,0.1485043661670150,0.2657784553316400,0.028243173623307,0.1767562405695580,0.2398012323157630,0.295333339914464,0.6417243564680510,0.6081893042857060,0.5243469544847900,148.39017552533600
test_unseen,145,Ridge_Concat_KP,0.5,1,0.0819806111165193,0.2290623556469910,0.0274836498698026,0.1719275146620120,0.3937694116784580,0.1751498206522240,0.7129831370982260,0.6579694248303280,0.7169808733804070,38.26005756292110
Combined,504,Ridge_Concat_KP,0.5,1,0.1333985410482820,0.2556309607810440,0.0280246598450171,0.1753670237906010,0.2840976331244750,0.2607567321902090,0.6615184621986550,0.6225109659503300,0.5797674271829340,197.8518100805190
test_seen,359,KNN_KP,0.5,1,0.1377453014976220,0.1629874947182030,0.0264452495239245,0.1970541902778870,0.273837952356969,0.3063398935357450,0.7397512276237050,0.5726476793833100,0.4967410024532470,262.30965154775300
test_unseen,145,KNN_KP,0.5,1,0.17965378275891,0.2022548693141790,0.0231930378943369,0.171078785097637,0.5363051594730060,0.2575425984298400,0.8338964547705220,0.6936313155549460,0.7127442243093170,70.38162349702250
Combined,504,KNN_KP,0.5,1,0.1478786281828630,0.1712310972399750,0.0255095934003328,0.1895811074383310,0.3493493512296380,0.2923009891898000,0.7659026796089320,0.6074544794723720,0.5588847865189810,349.51225639732600
test_seen,359,KRR_KP,0.5,1,0.1714892995714310,0.2071578778731400,0.0240619223092698,0.1823835071425330,0.2726932294961,0.3694796594797870,0.7306958909452480,0.578606356291222,0.4976602778869960,240.21300740258700
test_unseen,145,KRR_KP,0.5,1,0.1421736280217610,0.1810083388389,0.0224619247586295,0.1744193314601350,0.5062186691643830,0.2457245565951530,0.7881735015393190,0.649317885788716,0.7082333584698700,64.58718035829680
Combined,504,KRR_KP,0.5,1,0.1638027078366320,0.198672030861263,0.0236016055536292,0.1800922264402560,0.339878127813364,0.3338755128165490,0.7466618938880460,0.598949951087128,0.5582418189277040,320.6325547466780
test_seen,359,RIDGE_LatentReg_KP,0.5,1,0.1734014800602210,0.1990810684758060,0.0238439859180388,0.1830868378363210,0.2760373765623000,0.3835533089196970,0.7440567472759430,0.5816299971757200,0.4945424943375960,259.552774330614
test_unseen,145,RIDGE_LatentReg_KP,0.5,1,0.1489698724482940,0.1687330913130750,0.022289656798369,0.1751454949466980,0.5248328043642450,0.2526808770653380,0.8076561190990750,0.6508397888530880,0.7069034071433470,71.30416719887730
Combined,504,RIDGE_LatentReg_KP,0.5,1,0.1668631570980250,0.1896875415198500,0.0233968078974989,0.1808021260922830,0.3476154262275420,0.3459015180092170,0.7617232394490350,0.6015415443844870,0.5556383918709960,346.9719155551450
test_seen,359,LLM_KNN_KP,0.5,1,0.156961183341199,0.2187601047183490,0.0284017375292198,0.1834666853885720,0.2507990327484380,0.2836417639824310,0.7310737501774700,0.5755494885838170,0.5085476001927160,184.11079300178700
test_unseen,145,LLM_KNN_KP,0.5,1,0.1514149927864020,0.2613942547173360,0.0252866392146004,0.1668015343230910,0.4493082842848020,0.2217370440745890,0.7641140827061130,0.6872146431754300,0.731665181325838,41.927320095803700
Combined,504,LLM_KNN_KP,0.5,1,0.1544672571518100,0.2257046146326510,0.0275055286887043,0.1786721478796540,0.3079098293214000,0.2658318743264050,0.7402516203243150,0.6076753763135470,0.5727381741298240,242.96190494308800
test_seen,359,DNN_MultiCtx,0.5,1,0.3575165195327900,0.3666983852112550,0.0194165375612904,0.1238590211694240,0.3280891505028520,0.5464706508452290,0.8707977977249170,0.691948587029356,0.5533539708822280,235.00741077982600
test_unseen,145,DNN_MultiCtx,0.5,1,0.1397990075595120,0.1823239542996090,0.0227116799817003,0.1697843553647940,0.5109629012644290,0.2693410960931560,0.7812188828533350,0.6508534996915060,0.7153904161239460,71.3329925337393
Combined,504,DNN_MultiCtx,0.5,1,0.3022271079334850,0.3180873674706780,0.0203645448052575,0.1370716669200770,0.3807016383211630,0.4667409178312400,0.8459147658161440,0.6801255956325540,0.5999715989775630,321.80606948463800
test_seen,359,MLP_Concat_KDP,0.5,1,0.2522459287512780,0.272324208122687,0.0210583591794797,0.159411302889902,0.3033557100329170,0.4889498539146310,0.7849323071956220,0.6243098511992120,0.5118924336986440,252.8176693773060
test_unseen,145,MLP_Concat_KDP,0.5,1,0.0981927467673768,0.1236561787772590,0.0229552656508468,0.1848987356365640,0.5197118322910930,0.2266727319825510,0.7678869972174820,0.6270651950366770,0.7001028312881330,77.90963923861400
Combined,504,MLP_Concat_KDP,0.5,1,0.2132668562558200,0.2332608654329900,0.0216040961603294,0.1667439968348740,0.3656010229841780,0.413493142247663,0.7801974988683610,0.6251025592476880,0.566040266338477,345.2121039270630
test_seen,359,Ridge_Concat_KDP,0.5,1,0.3097273055015400,0.3778761515829360,0.0235556685352765,0.1402629430675850,0.2852570825252520,0.4109837806900790,0.7972294490888610,0.6950276059520320,0.557762062721166,135.23127580121700
test_unseen,145,Ridge_Concat_KDP,0.5,1,0.0353840648488618,0.1479186097230590,0.0264947561001212,0.1935655939056670,0.4294651208766580,0.1009746188419250,0.6889783566986970,0.6477411393706730,0.682347295537122,47.77762790530020
Combined,504,Ridge_Concat_KDP,0.5,1,0.2420232948924850,0.3197527857386380,0.024401239362464,0.1555980311063190,0.3267455062573030,0.3217946369044000,0.7671597012027050,0.6814233645744580,0.5936050364479790,192.24443701191200
test_seen,359,KNN_KDP,0.5,1,0.148443132117287,0.1725284382397130,0.0263939667375784,0.1959833577940120,0.2816377748557070,0.3151788869339550,0.7475966981750350,0.5867081632766080,0.5016419588319670,263.3653851792780
test_unseen,145,KNN_KDP,0.5,1,0.17965378275891,0.2022548693141790,0.0231930378943369,0.171078785097637,0.5363051594730060,0.2575425984298400,0.8338964547705220,0.6936313155549460,0.7127442243093170,70.38162349702250
Combined,504,KNN_KDP,0.5,1,0.155981471182289,0.1784785021505570,0.0254730645902172,0.1888183517603330,0.35490517717616,0.298597018217493,0.7715688527848920,0.6174697844677960,0.5623757455268390,350.55627588331200
test_seen,359,KRR_KDP,0.5,1,0.2402099542274270,0.2598864634071390,0.0222118847162512,0.1681137883034560,0.2969092524590020,0.4364234615285710,0.7890053507308970,0.614225510447067,0.5151375867358520,233.57076974869100
test_unseen,145,KRR_KDP,0.5,1,0.1102171487973820,0.1885329709258170,0.0236704371898518,0.1831190053353900,0.4621221195340920,0.2219350024229950,0.7464685931706910,0.6185096318639890,0.7348460958387610,52.70034006844140
Combined,504,KRR_KDP,0.5,1,0.2067615335952910,0.2385770887198580,0.0226315079477435,0.1724307654257380,0.3444407320738600,0.374715472301768,0.7771895847419510,0.6154580453785230,0.5783473760610940,301.5905743226540
test_seen,359,RIDGE_LatentReg_KDP,0.5,1,0.2317360610579040,0.2554972476089680,0.0222199764820474,0.1701592784855870,0.2967684581904470,0.4376257326700250,0.7751868640672450,0.6150174163930070,0.5179175642523690,241.05016308057400
test_unseen,145,RIDGE_LatentReg_KDP,0.5,1,0.1255827378065240,0.1815290385270590,0.0232389921699745,0.180829830357126,0.4896813149110480,0.2336260764139890,0.7693641572183180,0.6226365942277370,0.73583327620484,60.1428933865083
Combined,504,RIDGE_LatentReg_KDP,0.5,1,0.2043684595079300,0.2339927174568630,0.0225131456779788,0.173229179321645,0.3522691808580800,0.3789353553741420,0.7735694454980980,0.6172094417621260,0.5806115686831390,316.79233912207600
test_seen,359,BalancedKRR_lambda0.5_KDP,0.5,1,0.3216347696033860,0.3318794527534200,0.0203838998747957,0.1463704531770670,0.3240056076463580,0.5025506625649180,0.8479911133949430,0.6657990774018840,0.5417965743145580,219.61167299964000
test_unseen,145,BalancedKRR_lambda0.5_KDP,0.5,1,-0.0120517340858275,0.1606741561556530,0.0278969234388672,0.207529208256206,0.3479803029816060,0.1498674694589700,0.6295256912912200,0.543195996435182,0.7684376499622950,35.14193406868240
Combined,504,BalancedKRR_lambda0.5_KDP,0.5,1,0.2382124242297760,0.2855210797280520,0.0225453848287448,0.163965729935946,0.3309030894392370,0.4010842677229290,0.7873062739216870,0.6305263656158290,0.6070008520306730,266.0465650534790
test_seen,808,DNN_KP,0.1,2,0.0105759035374659,0.0409740392332438,0.0277880553927244,0.2317293677400450,0.2644213485207480,0.0370070025964168,0.6198331030389790,0.5432397338094470,0.4765081426175400,597.9567131513170
test_unseen,108,DNN_KP,0.1,2,-0.0076447350086918,0.1053154283033830,0.0466477537562173,0.3464109552624400,0.5524658040591960,-0.1214096687846190,0.7498112179535,0.2375328880793360,0.7865007083586320,33.65328012757400
Combined,916,DNN_KP,0.1,2,0.008904728743649,0.0481289144467691,0.0300116879508655,0.2452507776225980,0.2983829218811760,0.0183290544423208,0.6515758303317280,0.5071956952299140,0.5130574844298090,654.7437205942720
test_seen,808,Ridge_Concat_KP,0.1,2,0.0376777337713981,0.1254302482312100,0.0292442082963413,0.2254704959336430,0.2315703725024750,0.0396601867490576,0.5811555064419670,0.549085646269545,0.502131688578694,359.1310613733270
test_unseen,108,Ridge_Concat_KP,0.1,2,0.0333775331695865,0.231992973334912,0.0462421419926815,0.3303622829830340,0.4881367003200230,0.0500062921046009,0.7238717139551510,0.2636915604128720,0.8245193280712410,20.869546094509500
Combined,916,Ridge_Concat_KP,0.1,2,0.040047072832596,0.1391750301078610,0.0312483314832461,0.237837649865231,0.2618205508914440,0.0408800332320256,0.6160090789708940,0.515436561910898,0.5401424583005230,391.8640378628040
test_seen,808,KNN_KP,0.1,2,0.0141738399814576,0.0196138630983055,0.0269296496402842,0.2316888324769800,0.3075559155021880,0.0413377559240573,0.6351527794942300,0.5422577503652000,0.4770559432992480,677.3749869885250
test_unseen,108,KNN_KP,0.1,2,0.0550669740879243,0.0915840755147757,0.0441163434568764,0.3338590396543960,0.6491717591979480,-0.0141284068420632,0.7970905613595290,0.2463772515685080,0.7930074883626800,44.51287990936180
Combined,916,KNN_KP,0.1,2,0.0205849886635006,0.030346077156274,0.0289560283872187,0.2437351014454960,0.347833766068937,0.0347980773446457,0.6747005668392260,0.5073722767079490,0.5143078721931900,745.0693280025670
test_seen,808,KRR_KP,0.1,2,0.012776792388273,0.0150245588171776,0.0268321192371445,0.2312268845968880,0.3130280559995080,0.0546368221848658,0.635226351789571,0.542276686685062,0.47737245035979,705.6608825859350
test_unseen,108,KRR_KP,0.1,2,0.0441528486121636,0.0700432348755948,0.0441238602530794,0.3345863503815920,0.6589274534698480,-0.0558942033968644,0.795382086145061,0.2458206840720500,0.7906395466504760,47.763231088361700
Combined,916,KRR_KP,0.1,2,0.0179455064333751,0.0239045256686557,0.0288708834617307,0.2434133718291460,0.3538109543912080,0.0416047798673692,0.6743389347298580,0.5073233588660610,0.5143078721931900,776.7939568419610
test_seen,808,RIDGE_LatentReg_KP,0.1,2,-0.0021348363091953,-0.0018546167439476,0.0269295277306871,0.233325717528993,0.3089054873167000,0.0159035053267661,0.6257826496426640,0.5402748471568470,0.4708786452415730,719.2117964562080
test_unseen,108,RIDGE_LatentReg_KP,0.1,2,0.0079037161870081,0.0336109663749285,0.0443618444279927,0.3376794356927270,0.647528439508744,-0.1799426707883940,0.7810772527558440,0.2429872495446270,0.7789010321797210,49.319127637090900
Combined,916,RIDGE_LatentReg_KP,0.1,2,0.0007241519091758,0.0050620302440166,0.0289848663805877,0.2456294310242800,0.3488304642127050,-0.00718752853834,0.663708066855394,0.5052234710191620,0.5071956952299140,792.0020063070020
test_seen,808,LLM_KNN_KP,0.1,2,0.0523797807654506,0.1319455728877560,0.0289804146139489,0.2236702655952080,0.2427035967667440,0.0535649839215484,0.6032119406869990,0.5520789374019370,0.5043499431910400,359.2570246947520
test_unseen,108,LLM_KNN_KP,0.1,2,0.104523596082501,0.2803945158476940,0.0444455895279376,0.3134879684597200,0.5357165847844290,0.109253897303777,0.7541982113016190,0.2721210281319570,0.8457599676178910,18.8058556707712
Combined,916,LLM_KNN_KP,0.1,2,0.0599192410705301,0.1486674289366940,0.0308038195164716,0.2342601257582730,0.2772509796334580,0.0601309256740383,0.6400851944360710,0.5190707996277470,0.5446035268570880,393.5885772088790
test_seen,808,DNN_MultiCtx,0.1,2,0.1577614464819680,0.154719352038088,0.0248455752678835,0.1991669636666260,0.3430124779517410,0.2228258123019860,0.7636631130229770,0.5679083482118700,0.546258724233079,560.2016347448990
test_unseen,108,DNN_MultiCtx,0.1,2,0.1481336173260310,0.1813120866882600,0.0435761887045508,0.3251710951614460,0.6910371584472830,0.0674598041106491,0.8303843670769740,0.2615361262902250,0.8399514268366730,38.132670633438600
Combined,916,DNN_MultiCtx,0.1,2,0.1537384060853570,0.1558191702772570,0.0270539882058312,0.2140233459826090,0.3840459555647530,0.2045075493274620,0.7799575066865500,0.5317858591643400,0.580886248120839,620.2400996104930
test_seen,808,MLP_Concat_KDP,0.1,2,0.0446795971955041,0.0525642214292711,0.0269110326373968,0.2257393846474680,0.3004895717993640,0.072283562346292,0.6683367757454550,0.5465265378996920,0.494240653573554,630.0923784298850
test_unseen,108,MLP_Concat_KDP,0.1,2,0.0410957222268595,0.10432691792611,0.0446244402685099,0.336528710658304,0.6198803346466140,-0.0239342000056537,0.7809743220084590,0.2498482088646020,0.7925723537745390,40.7769625047853
Combined,916,MLP_Concat_KDP,0.1,2,0.0450545360342836,0.0600921369087729,0.0289995130131175,0.2388018816007100,0.3381469979865940,0.0609391100165866,0.6958446597942610,0.5115469969217550,0.5294151335099150,694.1469250118340
test_seen,808,Ridge_Concat_KDP,0.1,2,0.0764339095775035,0.1531263677924360,0.0281562602163596,0.2157510153514900,0.2515405855476710,0.0820880493663696,0.6192754937500570,0.5580019477357570,0.5207163339284750,360.08163789607500
test_unseen,108,Ridge_Concat_KDP,0.1,2,0.0251683792824055,0.2134633063628790,0.0463480673281958,0.3367597108078760,0.4940576518851300,0.0162803252381042,0.726352569539296,0.2550799433313090,0.8110200364298730,19.716204406486300
Combined,916,Ridge_Concat_KDP,0.1,2,0.0715540739520853,0.1597016029409610,0.0303011457710303,0.230018416125824,0.2801343007926990,0.0743290600586702,0.6454254222847040,0.5222862528933110,0.5549442813849720,396.2184772847540
test_seen,808,KNN_KDP,0.1,2,0.0212380876763783,0.0251369258325586,0.0268126068123266,0.2307625005296570,0.3115411217548210,0.0584802242154303,0.6421576528637450,0.5432803116377210,0.4795122545041390,678.0253054372840
test_unseen,108,KNN_KDP,0.1,2,0.0550669740879243,0.0915840755147757,0.0441163434568764,0.3338590396543960,0.6491717591979480,-0.0141284068420632,0.7970905613595290,0.2463772515685080,0.7930074883626800,44.51287990936180
Combined,916,KNN_KDP,0.1,2,0.026623259294367,0.0350271531361305,0.0288527853686709,0.2429179876753680,0.3513491008420020,0.0499193812523197,0.679994738486109,0.5082742739876390,0.5164745746533990,745.710181029519
test_seen,808,KRR_KDP,0.1,2,0.0181199539007053,0.0198109469849818,0.0267560904111792,0.2305681539207350,0.3152495515277730,0.0715846783639841,0.6399910334774650,0.5429746253313860,0.4790794243358760,706.4704403145480
test_unseen,108,KRR_KDP,0.1,2,0.0384828727749056,0.065346368843855,0.0442295625153483,0.3351823739609670,0.6562142135365260,-0.0777396368589416,0.7929986051130700,0.2452539971665650,0.7891924711596840,47.74355786175970
Combined,916,KRR_KDP,0.1,2,0.0217433770074119,0.0272834781941079,0.0288162814452952,0.2429025816110680,0.3554506252143940,0.0539787547350802,0.6773579211519700,0.5078721931896820,0.5156429713413030,777.5928378001510
test_seen,808,RIDGE_LatentReg_KDP,0.1,2,0.0176237375399267,0.0194408604115433,0.026730617869592,0.230694279743198,0.3142854024543580,0.0632261072375097,0.6393678105563280,0.542344316398853,0.4795555375209650,700.8580121810390
test_unseen,108,RIDGE_LatentReg_KDP,0.1,2,0.0489797803407619,0.0786664489640069,0.0439155210068773,0.3329140835161090,0.659471631133716,-0.0243823893160362,0.7931230220404720,0.2472171625177090,0.7919753086419750,47.320232103051800
Combined,916,RIDGE_LatentReg_KDP,0.1,2,0.0227639425766892,0.0289125553267873,0.0287567854883986,0.2427463963452440,0.3549842154427540,0.0528967211809781,0.6769172837979570,0.5075476650678890,0.5163910563867610,771.4892212760630
test_seen,808,BalancedKRR_lambda0.5_KDP,0.1,2,0.0383645027424012,0.0380155039396383,0.0264868279125855,0.2277326293160390,0.3221767943196550,0.1196026243285760,0.6589827685520520,0.5454485202618620,0.4865038143158580,699.3230439925670
test_unseen,108,BalancedKRR_lambda0.5_KDP,0.1,2,-0.0472868309592766,-0.0198060642236896,0.0511783618201663,0.3770752395137770,0.6401247264667080,-0.4730322960855220,0.7816990437719350,0.2245395668892940,0.7850637522768670,47.22898688497710
Combined,916,BalancedKRR_lambda0.5_KDP,0.1,2,0.0254584213487755,0.028997247440201,0.0293980568012523,0.245340709994375,0.359664105096818,0.0497286380788789,0.6889520388499660,0.5076120934450090,0.5217052043811300,768.9547460302610
test_seen,793,DNN_KP,0.1,3,0.021455277543327,0.0179907839951508,0.0327485925247857,0.2435759694099870,0.301877158034784,0.3303915815710920,0.7095499342393680,0.5331951003600500,0.4935962494492070,615.468715977105
test_unseen,161,DNN_KP,0.1,3,-0.002235473796122,-0.0224365891646677,0.0223809961541931,0.1437658783288930,0.473894209317539,0.345677940356913,0.5782168872178870,0.7625543396792090,0.7035774572614760,90.653094227058
Combined,954,DNN_KP,0.1,3,0.0182361175406825,0.0114413117346276,0.0309989247934802,0.2267317087558400,0.3309072893309300,0.3329713549091600,0.6900778420942270,0.5719024772262810,0.5290333295936260,718.6581835440650
test_seen,793,Ridge_Concat_KP,0.1,3,-0.016918166359703,-0.0524928417868148,0.0358087606457958,0.2697343129877170,0.3033892801708240,0.2124016031453300,0.7446251102505440,0.5199271167309980,0.4922042160615780,606.593043219145
test_unseen,161,Ridge_Concat_KP,0.1,3,-0.0653487592111348,-0.1249103506272280,0.025090041926119,0.1648960649904890,0.481102956192834,0.2143468475590250,0.6227211568583830,0.7591130982252840,0.6942443933182560,90.36881146022710
Combined,954,Ridge_Concat_KP,0.1,3,-0.0235823706790716,-0.0632645035785537,0.0339998364174227,0.252041484971413,0.3333807915330290,0.2127298886281440,0.7265510225236310,0.5602928850963850,0.5263011432505980,709.4173878762570
test_seen,793,KNN_KP,0.1,3,-0.0619971445879338,-0.09792172703137,0.0390438158978882,0.2953952114502810,0.3113963261651440,0.136470338350109,0.7283264058238430,0.5286154163728000,0.4946177796538180,608.6819755492220
test_unseen,161,KNN_KP,0.1,3,-0.1275544917987530,-0.1923807548786180,0.0280003104340755,0.1788778224743920,0.4834136763330220,0.12333145263515,0.6023680308414740,0.7520872302568550,0.6975813547281220,89.90915530917620
Combined,954,KNN_KP,0.1,3,-0.0705405772891563,-0.1112554508168690,0.0371800796508506,0.2757313753652510,0.3404265079020710,0.1342529792304990,0.7096511893438070,0.5663292130555390,0.5288705423235900,710.3655692989620
test_seen,793,KRR_KP,0.1,3,0.0311707275200595,-0.0007571625366483,0.0324098844080466,0.2567432651582300,0.3165977923030790,0.323054445852724,0.7490820386933070,0.5354604626790820,0.4937312184658790,644.703794650061
test_unseen,161,KRR_KP,0.1,3,-0.0103706491634036,-0.0710183488363607,0.0223986724555193,0.1549672975668850,0.4925651010284290,0.3198468887337190,0.6396610247353260,0.7553720516446920,0.6918329172994080,96.40645778048960
Combined,954,KRR_KP,0.1,3,0.0259530747608289,-0.010707880310695,0.0307203612168968,0.2395672370846380,0.3462945813018010,0.3225131285611520,0.7328587337847100,0.5725734247581840,0.5271634758161910,753.408447446494
test_seen,793,RIDGE_LatentReg_KP,0.1,3,0.0342989248214296,0.0052669395275507,0.0323492145143839,0.2552038788394110,0.3157557504602420,0.3338959898740300,0.747539087116305,0.5384033165327780,0.4937907636202920,647.3898353939840
test_unseen,161,RIDGE_LatentReg_KP,0.1,3,-0.0243023937673035,-0.0599953449294952,0.0222039034920718,0.1555913691538240,0.4855693246859540,0.3418364331010740,0.570161446224924,0.7565126146265800,0.6906467317982440,96.74382124908660
Combined,954,RIDGE_LatentReg_KP,0.1,3,0.0253680908173755,-0.0038697761826887,0.0306370603481446,0.2383929626346110,0.3444140161314580,0.3352360437100410,0.721240193987299,0.5752121184123400,0.5270127876000100,756.2434729801020
test_seen,793,LLM_KNN_KP,0.1,3,-0.0772987469694617,-0.0709115865638047,0.0447206293853849,0.2970477285190800,0.2937235097618640,0.146229599687057,0.7059747288189960,0.5224624170833730,0.4986311230613090,520.7747886955800
test_unseen,161,LLM_KNN_KP,0.1,3,-0.0827759644307986,-0.0956801205373082,0.0295154889342469,0.1647789070588200,0.4540961342247970,0.2033021031572320,0.5993845553396400,0.7554698141859970,0.7085568293652600,73.99220349481340
Combined,954,LLM_KNN_KP,0.1,3,-0.0778282548818624,-0.0758463218585774,0.0421545627054758,0.2747256318156190,0.3207884914584390,0.155861332452988,0.690171138429312,0.561785468376373,0.5340588365989780,606.543427843759
test_seen,793,DNN_MultiCtx,0.1,3,0.265933414582284,0.2541433002413730,0.0221636495177139,0.1482577683233440,0.3390958157259300,0.6245028711187780,0.8320776968711500,0.60733146405656,0.5304057406821760,589.3341618981500
test_unseen,161,DNN_MultiCtx,0.1,3,0.1405983619884390,0.1149992613543310,0.0164932140773914,0.1129566385336330,0.5025971797034610,0.57626733638114,0.6480011906712610,0.7365103986756440,0.7072598463172850,94.03516087545510
Combined,954,DNN_MultiCtx,0.1,3,0.2483442642748100,0.2373292019422620,0.0212066892390012,0.1423002401303210,0.3666888132106070,0.6163624926148370,0.8047855965828390,0.6291321018696340,0.5602521882788770,694.6676834095290
test_seen,793,MLP_Concat_KDP,0.1,3,0.0775989574041777,0.0704558562964504,0.0295244991816909,0.2261343918591890,0.3119485239464330,0.4318463279576860,0.7335939268124530,0.5507820925225840,0.4927149811638830,646.2154821325370
test_unseen,161,MLP_Concat_KDP,0.1,3,0.0433832220781789,0.0104413678068105,0.0201135846115185,0.1404802708618060,0.5009780261457340,0.4285947940336800,0.6024679612923180,0.7613877066863060,0.7056630581426420,100.00360066375000
Combined,954,MLP_Concat_KDP,0.1,3,0.0730968422597729,0.0619945023458069,0.0279362840393452,0.2116791366384560,0.3438497292442190,0.4312975890040540,0.7141525376028430,0.5863245494202350,0.5286527593542190,758.3169763832380
test_seen,793,Ridge_Concat_KDP,0.1,3,0.1684160846641960,0.1728467047342680,0.0262428269748579,0.1897707048070930,0.3146734652209870,0.5111697708984720,0.7679272793716300,0.6044177211672440,0.5050739087688840,572.8535853717980
test_unseen,161,Ridge_Concat_KDP,0.1,3,0.0357233798309027,0.013264829352604,0.0198646655641727,0.1408560385686670,0.4826434994151130,0.4427144528032030,0.5809652643634920,0.7560238019200560,0.687765995581133,94.59151495101080
Combined,954,Ridge_Concat_KDP,0.1,3,0.1502550474888200,0.15271742851193,0.0251664286655075,0.1815157139639200,0.3430206093564740,0.4996170390186620,0.7402073591653760,0.630003233747121,0.5359055921826910,678.5915229554180
test_seen,793,KNN_KDP,0.1,3,-0.0503370100101811,-0.0960607713430131,0.0394394858819085,0.2946639667864540,0.316747211944121,0.1273419732486010,0.7526493636601850,0.5361128129263270,0.4994144726482640,606.0761739760850
test_unseen,161,KNN_KDP,0.1,3,-0.1275544917987530,-0.1923807548786180,0.0280003104340755,0.1788778224743920,0.4834136763330220,0.12333145263515,0.6023680308414740,0.7520872302568550,0.6975813547281220,89.90915530917620
Combined,954,KNN_KDP,0.1,3,-0.0612127078522372,-0.1094959120345660,0.0375089751407124,0.2751235378197430,0.3448743615946590,0.1266651453463310,0.7303679042201870,0.5725613257043300,0.5328577305254730,707.7908431576840
test_seen,793,KRR_KDP,0.1,3,0.1509959239341760,0.1449556218002190,0.0264152489272751,0.2029651778598180,0.3223601223442540,0.5193276110611550,0.7661587010517140,0.5791520505366340,0.5013860788721880,616.8456956305940
test_unseen,161,KRR_KDP,0.1,3,0.1067538831129680,0.0853370041832431,0.0179641371315285,0.1234801894090280,0.4792117038624880,0.5122540992477990,0.6404750219929020,0.7486264362946690,0.7022935092190080,87.90248109616420
Combined,954,KRR_KDP,0.1,3,0.1453733198161740,0.1373136541613980,0.0249890130791459,0.189551044588773,0.3488308819086520,0.5181338632603690,0.7475242123584520,0.6077530737096360,0.5352918401780980,716.4085906227250
test_seen,793,RIDGE_LatentReg_KDP,0.1,3,0.1475849751806080,0.166922286568674,0.0301764151089284,0.1900151066000330,0.3012782088358540,0.419447960931471,0.7644815199138740,0.6093732012401270,0.5152892108149880,472.1938827803410
test_unseen,161,RIDGE_LatentReg_KDP,0.1,3,0.0702765840208364,0.1352905186648040,0.0224467681572398,0.1176600438880430,0.3835932149202390,0.4497085312342830,0.5652426866375140,0.7418351984253710,0.747713985909159,56.38659064772040
Combined,954,RIDGE_LatentReg_KDP,0.1,3,0.136101599247077,0.1629941455649160,0.0288719359063897,0.1778042417188690,0.3151699446635130,0.4245548286660130,0.7349413774407230,0.6317278988783080,0.5545139370101260,539.293759573462
test_seen,793,BalancedKRR_lambda0.5_KDP,0.1,3,0.2559083461061580,0.2708408168131660,0.0228765499561042,0.160407904073812,0.3316385061723580,0.5966436088253430,0.7946113009560860,0.6434197973082940,0.5342126608876990,512.3916152133920
test_unseen,161,BalancedKRR_lambda0.5_KDP,0.1,3,0.103431095708214,0.1691328100020000,0.0169291506639764,0.08945832144006,0.3574172562194750,0.6369628779122600,0.532337796919168,0.6017610292440350,0.7308727587937410,50.00685438130150
Combined,954,BalancedKRR_lambda0.5_KDP,0.1,3,0.2364197974980210,0.2637038644541630,0.0218728483984181,0.1484342323714700,0.3359890080146910,0.6034480137760700,0.7557253240168580,0.6363893343540530,0.5674016291925970,566.8799471704990
test_seen,631,DNN_KP,0.3,2,0.1244165473657030,0.1385956760935710,0.0234688163554906,0.1895493768153500,0.2855033968040640,0.330289252399248,0.6855204289415620,0.6009624676278460,0.4982326843870660,487.65267862561200
test_unseen,108,DNN_KP,0.3,2,0.2377713755948280,0.2952234950026970,0.0309506226848397,0.2186075604413270,0.720218958678069,0.3230869334519240,0.8465657866314840,0.5057211683227940,0.8523286158787510,37.2083725194785
Combined,739,DNN_KP,0.3,2,0.1444941655435520,0.1673462651416450,0.0245622332480071,0.1937960396456690,0.3490342231672470,0.3292366807533600,0.7365181255433710,0.5870435767957140,0.5499814808702890,551.8024817803560
test_seen,631,Ridge_Concat_KP,0.3,2,0.1143145732628430,0.1647998341787180,0.0276305291184745,0.1878444256348230,0.2444795041413830,0.1950534270591720,0.6828786160774170,0.5965345152659130,0.5110054587075190,311.74149025764600
test_unseen,108,Ridge_Concat_KP,0.3,2,0.2054686563026140,0.3637936530280370,0.0346103840145385,0.2183617688389190,0.6218322033959410,0.2658065453862560,0.8121621731080510,0.5065115928937070,0.8652263374485600,21.720709635126700
Combined,739,Ridge_Concat_KP,0.3,2,0.133591089549672,0.2010082619914730,0.0286505891032849,0.1923043350611320,0.299627124600777,0.205393530955417,0.7238184091371170,0.5833782559747110,0.5627725154112160,354.45539430966000
test_seen,631,KNN_KP,0.3,2,0.0729667685427815,0.0754238291340062,0.0256438833175777,0.2128480239465240,0.282673951582832,0.2371966129309420,0.680568644669897,0.574368984577326,0.4874677352161790,495.9762654093470
test_unseen,108,KNN_KP,0.3,2,0.3038188836709340,0.3556424204717090,0.0289470216041657,0.1947416850978180,0.7360350080046450,0.3848407059460600,0.8691643490577930,0.5484166415738230,0.8666315366857370,35.47096838289240
Combined,739,KNN_KP,0.3,2,0.1131835012730980,0.125510764663205,0.0261266152999207,0.2102019013542910,0.348929694605235,0.2587738281483070,0.740290617726064,0.5705762199705890,0.5428800363781720,558.4068283479440
test_seen,631,KRR_KP,0.3,2,0.1114162796303780,0.1139349666269710,0.0241024078437454,0.19752296538803,0.2834996959215930,0.3152174820721490,0.7012515475763640,0.580824088748019,0.4895206559038650,493.8919119114190
test_unseen,108,KRR_KP,0.3,2,0.2434210123741190,0.2914391540038940,0.0316353350078075,0.2249851555098850,0.7245437674440100,0.3273554127755930,0.8596235321561520,0.4814187493726790,0.858790023085416,37.07089247427310
Combined,739,KRR_KP,0.3,2,0.1339464910173950,0.1452795445328980,0.0252032957107531,0.2015363842421040,0.3479553924363710,0.3169913609841540,0.7514026760266300,0.566296650787888,0.5434869504310740,558.0869041331600
test_seen,631,RIDGE_LatentReg_KP,0.3,2,0.1062660715135620,0.1052978603926830,0.0239721461083806,0.1985031315638880,0.2850077720217820,0.3045273193918000,0.69959195551979,0.5808112043085570,0.4892565248948840,507.91649736735200
test_unseen,108,RIDGE_LatentReg_KP,0.3,2,0.2707683740266090,0.3137405721519420,0.0302330892468306,0.2140551634197790,0.7353027747050460,0.3754816404061390,0.8659790634764660,0.511304326006223,0.8627295995182170,38.40049646205670
Combined,739,RIDGE_LatentReg_KP,0.3,2,0.1346288935164140,0.1427716204676140,0.0248871418579782,0.2007759589528410,0.3508154314125710,0.3148968277403100,0.7522812063727380,0.5706532302129520,0.5438371636761020,573.1352581456580
test_seen,631,LLM_KNN_KP,0.3,2,0.1129861084473400,0.1416533958838470,0.0273152299910074,0.1933386652546000,0.268979529775228,0.1902092753632420,0.7042663765461450,0.593871731110338,0.5110441120259060,359.39316918852500
test_unseen,108,LLM_KNN_KP,0.3,2,0.245908660498984,0.3963374180549970,0.0328511407973277,0.2122299785191510,0.6619839379573070,0.28970897743875,0.8088387199288750,0.5009284352102780,0.8865803472849540,20.726743957870900
Combined,739,LLM_KNN_KP,0.3,2,0.1350782456299590,0.1828400437514620,0.0281242670235955,0.1960995067059820,0.3264145447734210,0.2047505038127070,0.737380951950676,0.5802886783942260,0.5659262681936700,404.57386627022100
test_seen,631,DNN_MultiCtx,0.3,2,0.2646760107657560,0.2665537705638590,0.0197942332835445,0.1425416000500610,0.3141321644187710,0.4376165375378940,0.7954011091735310,0.697325190367593,0.5319555572734810,470.1900797335600
test_unseen,108,DNN_MultiCtx,0.3,2,0.3239465602801140,0.3639511851466450,0.0289072911643112,0.1960660550152410,0.7535077482461930,0.4127755486963280,0.8808673635909430,0.5357823948609860,0.8806082505269500,36.883358978245800
Combined,739,DNN_MultiCtx,0.3,2,0.2715438676514490,0.2811543520931200,0.0211260468845226,0.1503638478663530,0.3783440224070820,0.4339861900481930,0.8224654230723780,0.6737167709972090,0.5829088602117420,534.5175325822310
test_seen,631,MLP_Concat_KDP,0.3,2,0.1722096681572250,0.1785825015608590,0.022161520052282,0.1758860016897870,0.2929704156768360,0.3826455867883730,0.7297164055950400,0.6175941315673060,0.5041444946937580,473.1431191916470
test_unseen,108,MLP_Concat_KDP,0.3,2,0.1998241322306580,0.2515004155864630,0.0326809137973382,0.2406396818070360,0.7154531324351280,0.2919396859363350,0.8424876333851560,0.4580698584763630,0.8496436816220010,38.87926233053670
Combined,739,MLP_Concat_KDP,0.3,2,0.1771514199213700,0.1927443652669770,0.0236988604101522,0.1853493270655150,0.3547134920095770,0.3693895146746780,0.7654272943952430,0.5942807060005650,0.5546369333788060,538.3508371806280
test_seen,631,Ridge_Concat_KDP,0.3,2,0.2354209182220870,0.2751493781473740,0.0231916600581488,0.1504837502893510,0.2767576094931810,0.3037367610527750,0.7584470980596250,0.685561697138366,0.531682836638192,300.64588810360800
test_unseen,108,Ridge_Concat_KDP,0.3,2,0.0977188101968678,0.2470254908481360,0.0384667494627474,0.2674344684211810,0.5946755629998670,0.1012601337743980,0.7963837582814070,0.3921760513901440,0.8421534678309750,21.773731297189900
Combined,739,Ridge_Concat_KDP,0.3,2,0.2145299631362600,0.2703367764527250,0.0254240141253973,0.1675753302057750,0.323219231927176,0.2741461308145280,0.7704603737965230,0.6426853104796270,0.5770560817922120,344.3597722535670
test_seen,631,KNN_KDP,0.3,2,0.0977823696978066,0.0954345095899667,0.0246759130227305,0.2022816811624380,0.2903941384819310,0.2441623280498350,0.6993695280391450,0.5899827777992520,0.4928104827799470,493.7383881999320
test_unseen,108,KNN_KDP,0.3,2,0.3038188836709340,0.3556424204717090,0.0289470216041657,0.1947416850978180,0.7360350080046450,0.3848407059460600,0.8691643490577930,0.5484166415738230,0.8666315366857370,35.47096838289240
Combined,739,KNN_KDP,0.3,2,0.133616949784352,0.1420295213060060,0.0253001075109511,0.2011797602220060,0.3555216268560220,0.2647215497180250,0.7531378880283840,0.5839081597852520,0.5474419764495340,556.3029119459480
test_seen,631,KRR_KDP,0.3,2,0.1535626645912330,0.1539945651478980,0.0227730090326198,0.1859624317266370,0.29424234829566,0.3754250900958230,0.7275811309503230,0.5996912029342160,0.4982541584528370,486.3755374314100
test_unseen,108,KRR_KDP,0.3,2,0.1955967958593860,0.2550175585337990,0.0345460022866615,0.2453932975515270,0.7044985991390770,0.217404990049432,0.8492253755430340,0.4217730603231960,0.8593295192211180,34.3602928811714
Combined,739,KRR_KDP,0.3,2,0.1587043637225830,0.1683890322169540,0.0244935547314513,0.194647862726756,0.3541986068762950,0.3523314895477720,0.7661018084046820,0.5736896340546630,0.5510229527193780,548.2876229904050
test_seen,631,RIDGE_LatentReg_KDP,0.3,2,0.1464515157437940,0.1485723286569340,0.0227235129632185,0.1870199193317230,0.2931929140153580,0.3577152808890630,0.7169727465987660,0.6052873444740790,0.4979084259939270,491.9690409062500
test_unseen,108,RIDGE_LatentReg_KDP,0.3,2,0.2326754999455880,0.2874966429405010,0.0327605178621648,0.2315065952111370,0.7202525562677100,0.2897707302998090,0.8556206665089440,0.4592994078088930,0.8657031014754590,35.74778404805820
Combined,739,RIDGE_LatentReg_KDP,0.3,2,0.1594794924383960,0.170610621677547,0.0241903553571106,0.193521355048877,0.3556048779710470,0.347785630735288,0.7608779212369890,0.5839521656380300,0.5516592040074660,554.8749061534320
test_seen,631,BalancedKRR_lambda0.5_KDP,0.3,2,0.2161505736528220,0.2129820506024660,0.0212622233421695,0.166624918236937,0.3106607089779030,0.4050597985589310,0.7731818399652600,0.647370071165054,0.5178492434686630,464.8706948867250
test_unseen,108,BalancedKRR_lambda0.5_KDP,0.3,2,-0.0011082845887258,0.1179187440843760,0.0471414278571639,0.322809607700472,0.6127582900647380,-0.2714771565878150,0.8033900131131770,0.2481305831576830,0.860132490213791,24.912298377088000
Combined,739,BalancedKRR_lambda0.5_KDP,0.3,2,0.1730180103948780,0.1838086464450350,0.0250442992388128,0.1894502855739630,0.3548102878106200,0.3061883626240880,0.7827477614621000,0.5890238401707430,0.5678716936019160,516.3684803300000
test_seen,529,DNN_KP,0.3,3,0.1911951280299820,0.2444311129923720,0.0283805166324072,0.2167418067271200,0.4055633403201080,0.3090267398338570,0.797947421810537,0.5202465972163160,0.6052962980237650,310.9261014919180
test_unseen,161,DNN_KP,0.3,3,0.0849053990721408,0.1531539775337150,0.0161109298976682,0.1444213641724080,0.432329037637444,0.1156391285884990,0.6262670894886590,0.7159804920264310,0.6277168278808970,64.31569682516530
Combined,690,DNN_KP,0.3,3,0.1743092229426650,0.2290288731177320,0.0255176130609681,0.1998670367976870,0.4118086696941530,0.2639029638766070,0.7720853204671770,0.5659178393386760,0.6105277549904290,384.75224601542500
test_seen,529,Ridge_Concat_KP,0.3,3,0.1623180572841580,0.3089116523963840,0.031068211475947,0.208214027660575,0.3272050458166330,0.2401860755148630,0.7180130726253650,0.5475566627615710,0.626795361075063,187.28754646823800
test_unseen,161,Ridge_Concat_KP,0.3,3,0.0187531023736681,0.201857728963604,0.0201692036729051,0.1424831620174030,0.2738905180866380,0.0759587536096789,0.5472144561799920,0.7275464486293030,0.6234257948778050,38.18096653801010
Combined,690,Ridge_Concat_KP,0.3,3,0.1417716585104010,0.2916446320889250,0.0285251096552372,0.1928768256771680,0.3147649893463010,0.2018663670703200,0.6922837938659660,0.5895542794640420,0.6260091289623690,229.05282229837600
test_seen,529,KNN_KP,0.3,3,0.1932667091703390,0.236273693238887,0.0286941620114246,0.2158466374203080,0.4011217950296180,0.2836690170208690,0.8150784165944760,0.5381213286838000,0.5913696461543950,321.75347322854200
test_unseen,161,KNN_KP,0.3,3,0.0855069974851177,0.1525029796335630,0.0164651268101313,0.1423958450091660,0.4397241386386360,0.0952460344185962,0.6340037485115910,0.7272219167215070,0.6090472284073600,64.4042368293333
Combined,690,KNN_KP,0.3,3,0.1757388287205650,0.2221103131225440,0.0258407204644561,0.1987081191910410,0.4101290085383890,0.2397036544136720,0.7878011428768620,0.5822447992259310,0.5954944153467530,395.593578571589
test_seen,529,KRR_KP,0.3,3,0.194079379842384,0.2523252161956930,0.0284731974424938,0.2167526585803270,0.3924924782675400,0.2956582469994500,0.7996959947132280,0.5270398182621320,0.5973781898096200,284.57850988152600
test_unseen,161,KRR_KP,0.3,3,0.1053502232508560,0.178958877062206,0.0163116109928955,0.1402936853031510,0.3924037792218790,0.1006131769915180,0.6808248995647200,0.7264646756033140,0.6150961425776850,52.89162243230810
Combined,690,KRR_KP,0.3,3,0.1809059440931360,0.2395047915428490,0.0256354939375875,0.1989122314823190,0.3924717818235530,0.2501477306642660,0.7817891310209850,0.5735722849750740,0.6015123787888350,346.78032184049700
test_seen,529,RIDGE_LatentReg_KP,0.3,3,0.1926420223098430,0.2465303976839810,0.0278176300054321,0.2146056697338530,0.4046184612300670,0.3131566306679260,0.7946147265228960,0.53010719351626,0.597627859888444,312.4034229769130
test_unseen,161,RIDGE_LatentReg_KP,0.3,3,0.0761490111111645,0.1472457894076010,0.0161779236566409,0.1437690697261210,0.4143764349504950,0.0968163470324657,0.6259470607282620,0.7214434458076790,0.6116885575458180,64.67052942968770
Combined,690,RIDGE_LatentReg_KP,0.3,3,0.1740071792399770,0.229512862946018,0.0251016985240475,0.198077129732049,0.4068953217648330,0.2626772311529850,0.7692064563551140,0.5747523190509250,0.6009086893418310,385.9431821152060
test_seen,529,LLM_KNN_KP,0.3,3,0.1640069063599540,0.2904145820527450,0.0312898474854495,0.2128925999675260,0.3315303868212440,0.22778909164035,0.7424730705880480,0.5399513280527660,0.61867422444517,202.89452805331800
test_unseen,161,LLM_KNN_KP,0.3,3,0.0752340465661612,0.2255733919059280,0.0197467589127383,0.1404979898891860,0.3320981684055460,0.0910314503401668,0.6292326012938090,0.7208214263177350,0.6457103192131900,30.339479728025000
Combined,690,LLM_KNN_KP,0.3,3,0.1535318732002890,0.2799196163510660,0.0285964601518168,0.1960005242825800,0.3316628691909140,0.1958789753369740,0.725414410149493,0.5821543509812580,0.6249826465577080,242.56328708386500
test_seen,529,DNN_MultiCtx,0.3,3,0.2865081272443720,0.3136979221573460,0.0259102953132241,0.1858279379825490,0.4348067196190800,0.3892877750015540,0.8660332588654650,0.5699913027016500,0.6457647998112380,317.8207515191720
test_unseen,161,DNN_MultiCtx,0.3,3,0.0486409924405417,0.1078374965646890,0.015984172218404,0.1432600785789280,0.4543507255567530,0.1003640047319060,0.5765168744119560,0.7079483273084590,0.603953880409992,79.93699775162250
Combined,690,DNN_MultiCtx,0.3,3,0.2426991401923040,0.2772886571763970,0.0235941999244328,0.1758954374550380,0.4393669876712040,0.3218722286053020,0.8224202137715060,0.6021812751099050,0.6360089186176140,407.17683067292400
test_seen,529,MLP_Concat_KDP,0.3,3,0.2533525154049490,0.3144473695283260,0.0258436039106001,0.195798800346132,0.4157718562227030,0.3731584572243340,0.8104444068417240,0.5665096397343070,0.6208115100649970,265.06779781447800
test_unseen,161,MLP_Concat_KDP,0.3,3,0.0519366211640516,0.1449885676084290,0.0159566159684049,0.1448663963642260,0.418437223285668,0.1037438047480580,0.5373016000190310,0.7164222160120440,0.6063518106176020,62.58202545422160
Combined,690,MLP_Concat_KDP,0.3,3,0.2177825583454250,0.2853978395426590,0.0235366400574212,0.1839145727503540,0.4163937752040620,0.3102950383132030,0.7692978942754850,0.6014892408657790,0.6174375801939380,334.38830156689100
test_seen,529,Ridge_Concat_KDP,0.3,3,0.3199836407778850,0.4294168565989180,0.0258073143411026,0.164946469414492,0.3798392930790780,0.3492061869582810,0.813974149180752,0.6607834153220610,0.6708086292563950,164.51063680731500
test_unseen,161,Ridge_Concat_KDP,0.3,3,0.0489903728714178,0.1738808094563300,0.0179185997174115,0.1452547328453930,0.3564576917437850,0.0558404089528484,0.5753689861678060,0.7395180701169220,0.5596462602205010,40.096666554803800
Combined,690,Ridge_Concat_KDP,0.3,3,0.2729874292163580,0.3842077716150330,0.0239666142622413,0.1603517308817020,0.3743835861008430,0.2807541720903470,0.7780304227012380,0.6791548347741950,0.6448707431480200,209.23235793536100
test_seen,529,KNN_KDP,0.3,3,0.2265204086325600,0.2608527828773590,0.0270961274063211,0.2005466248854010,0.413677065565067,0.3077685614378630,0.8323262032915550,0.5549397636639500,0.6021905119882790,325.62800210722500
test_unseen,161,KNN_KDP,0.3,3,0.0855069974851177,0.1525029796335630,0.0164651268101313,0.1423958450091660,0.4397241386386360,0.0952460344185962,0.6340037485115910,0.7272219167215070,0.6090472284073600,64.4042368293333
Combined,690,KNN_KDP,0.3,3,0.2027988821749650,0.2424374497866910,0.0246155606005435,0.1869781095809460,0.4197547159489000,0.2581799718000340,0.8024507052958550,0.5951389327107130,0.6037904124860650,399.8655159574960
test_seen,529,KRR_KDP,0.3,3,0.25309763609364,0.2965650455685350,0.0265899414935609,0.2018547471979940,0.4181734016661650,0.3537021970470580,0.8349841086670590,0.5508270664314460,0.6213849281581210,275.30743615605700
test_unseen,161,KRR_KDP,0.3,3,0.0837215991030937,0.1981079385431440,0.0169064759322379,0.141167542361228,0.3297372718021070,0.0995711739702646,0.6354942351445130,0.708732612752301,0.6490548008185420,41.74458977313050
Combined,690,KRR_KDP,0.3,3,0.224550465666594,0.2808536537702430,0.0243304661959189,0.1876943994027490,0.3975383046978850,0.2944049583291390,0.8049327495146240,0.5876716939063130,0.6278412317788860,325.64987982137800
test_seen,529,RIDGE_LatentReg_KDP,0.3,3,0.2499819822805350,0.2997171620416630,0.0259134435902723,0.1987488076550450,0.4271358721115090,0.3659328916743110,0.8174813944602180,0.5592801819573590,0.6282549707666520,292.2918006584020
test_unseen,161,RIDGE_LatentReg_KDP,0.3,3,0.0692205493250337,0.1769713628518040,0.0166097425506193,0.1433604668235580,0.360535713598619,0.1028412792651590,0.5962340384030630,0.707551677198929,0.6546079023519550,52.993655795845700
Combined,690,RIDGE_LatentReg_KDP,0.3,3,0.2194605070148530,0.2797725051551120,0.0237425800143533,0.1858248614610320,0.4115958351251680,0.3045448487788420,0.7841524658234030,0.5938768641803920,0.6344039881365560,354.3152959873510
test_seen,529,BalancedKRR_lambda0.5_KDP,0.3,3,0.3234844496153600,0.3539995908524870,0.024204321353486,0.1799295974094040,0.4467122143101720,0.4269220029990210,0.8714687478718640,0.5963273805767650,0.6463629105495210,272.979150465528
test_unseen,161,BalancedKRR_lambda0.5_KDP,0.3,3,-0.0172972208735134,0.1561976518946410,0.0185358725155495,0.1488757143692410,0.2223222358046110,0.044102614326278,0.516414800148706,0.6564919903722200,0.6777488303329160,37.88759829251240
Combined,690,BalancedKRR_lambda0.5_KDP,0.3,3,0.2634177672899890,0.324061552083993,0.0228816832913008,0.1726836913667000,0.3943545526588750,0.3375974789753810,0.8179830570289520,0.6103657895290380,0.6536862918323130,317.24051100964800
test_seen,329,DNN_KP,0.5,2,0.229455214060903,0.2653022569450590,0.0298083609629614,0.2458751990065150,0.3982252652526340,0.3468893463367760,0.7506952557326010,0.6182482362455030,0.558503666936226,216.1103655465070
test_unseen,108,DNN_KP,0.5,2,0.2996739667847440,0.3780522247461460,0.0347007337474712,0.2452755453111770,0.7112096945444740,0.4025717222031150,0.8467952849049320,0.5391819571865440,0.8107798165137610,30.302331376125400
Combined,437,DNN_KP,0.5,2,0.2430808969887890,0.2880293720217660,0.0310174599577602,0.245727000839246,0.4755761081897480,0.3606506657728510,0.7835351937591170,0.5987078286062180,0.6208510906304450,266.6095922513270
test_seen,329,Ridge_Concat_KP,0.5,2,0.2275897421174600,0.3332555394970290,0.0344369381547291,0.2403271358128010,0.3199730084339080,0.2368511660665920,0.7146994630943560,0.6198725635091050,0.6105239675413400,118.11364061549700
test_unseen,108,Ridge_Concat_KP,0.5,2,0.1683436478914930,0.3861348057378010,0.0385731309048693,0.2348434874078930,0.5476222882425650,0.3164234174708100,0.751000626855775,0.5607373428474350,0.8136467889908260,29.271833055581900
Combined,437,Ridge_Concat_KP,0.5,2,0.2230873218431410,0.3546642143834130,0.0354591551273038,0.2389719092047230,0.3762341576772370,0.2565166195028740,0.7271045370416030,0.6052579094325360,0.6607236579682150,152.69888749084700
test_seen,329,KNN_KP,0.5,2,0.1373234107110470,0.155787566053705,0.0345401981831358,0.2994148713135170,0.3862462985362520,0.2831816639861870,0.7353120208738790,0.5707872061571070,0.5144307186079590,260.5745078423570
test_unseen,108,KNN_KP,0.5,2,0.2958635857375540,0.330396252223945,0.0352860618134278,0.2550594634795310,0.741391399509397,0.4568862939901840,0.871617526687686,0.5195378865103640,0.7901800883452260,37.582429970893900
Combined,437,KNN_KP,0.5,2,0.1729529501974500,0.1962029248198700,0.0347245306135055,0.2884528940913880,0.4740167125067320,0.3261109546965570,0.7818912404865110,0.5581214704091700,0.5825793042638510,320.11691246198300
test_seen,329,KRR_KP,0.5,2,0.1489992941972920,0.1580925741849690,0.034081337462114,0.2943027942925660,0.3944024194939620,0.3293270115340280,0.753373162575387,0.5658375393881930,0.5187111346588220,273.49468946937700
test_unseen,108,KRR_KP,0.5,2,0.246650794164597,0.2680555467776940,0.037097917881647,0.2741260251927440,0.7380874799085370,0.4478846771110450,0.8658680485444380,0.4783171933401290,0.7641437308868500,42.41927879891360
Combined,437,KRR_KP,0.5,2,0.1711564820839820,0.1847054089310380,0.03482685390447,0.2893163158880330,0.4793406037611800,0.358627304170911,0.7918156595791990,0.5442077971154450,0.5793672453970990,337.80695158383400
test_seen,329,RIDGE_LatentReg_KP,0.5,2,0.2068246305718130,0.2262431239665670,0.0311230956281527,0.2641790428463080,0.3993220647872440,0.3337842976511330,0.7653029413872750,0.5883689802292180,0.5487019324614480,230.1439448432510
test_unseen,108,RIDGE_LatentReg_KP,0.5,2,0.3380925796172270,0.3862347034951780,0.033240817063316,0.2329932235298150,0.7368579499676630,0.4740436199255380,0.8765047597136030,0.554812266394835,0.8093357118586480,33.50793226935790
Combined,437,RIDGE_LatentReg_KP,0.5,2,0.2359577398114690,0.2628051781791490,0.0316464684313509,0.256471792305847,0.4827405444199340,0.3684479287853110,0.8033035627577830,0.5800757877941760,0.6131148573467970,284.26291368425400
test_seen,329,LLM_KNN_KP,0.5,2,0.223749123790915,0.2976503322223220,0.0329512983055905,0.2489703976224730,0.3545940078002830,0.2502073206391500,0.7321580256762680,0.6084534731323720,0.5831544017177440,145.23209428516100
test_unseen,108,LLM_KNN_KP,0.5,2,0.301603305016963,0.4661730992941440,0.0359423370215614,0.230381656001557,0.626976909324226,0.3513288045657670,0.8206382768593400,0.5571695548759770,0.8720905538566090,20.034592641533200
Combined,437,LLM_KNN_KP,0.5,2,0.2419427934558310,0.3340259628646380,0.0336905023818488,0.2443763836749700,0.4219106058885800,0.2751984425249050,0.7623940827352310,0.5957791866982970,0.6545619633447400,179.16941752913400
test_seen,329,DNN_MultiCtx,0.5,2,0.4083430723662630,0.4373730898141400,0.0235180784382016,0.1721182106626300,0.446070190452306,0.4706676244446570,0.855888967247059,0.7525863751707980,0.6324279858341930,184.91138540212300
test_unseen,108,DNN_MultiCtx,0.5,2,0.3954490111313300,0.4751741061915370,0.0319956177155728,0.2074903339393520,0.7360722023855760,0.4606792336629360,0.8740956993479480,0.6060567448182130,0.864063030920829,27.586429601495600
Combined,437,DNN_MultiCtx,0.5,2,0.4000494273250720,0.4396776385755980,0.0256132140033185,0.1808600626394860,0.5177411682298650,0.4681990976610740,0.8621106922455640,0.7163731026809150,0.6896741754665880,229.913134940072
test_seen,329,MLP_Concat_KDP,0.5,2,0.3018707501969920,0.328475836329416,0.0270287188953269,0.2231136482708000,0.4228217135771610,0.4345518917974280,0.7990388133222130,0.6532375003485680,0.5791110119628570,199.57576817597400
test_unseen,108,MLP_Concat_KDP,0.5,2,0.238378505922042,0.3141376077555000,0.0370242146007647,0.2662607587371980,0.6951357164868600,0.3587881237387160,0.8338111761369200,0.5050756031260620,0.7752505946313290,33.233063700845600
Combined,437,MLP_Concat_KDP,0.5,2,0.2850351331261220,0.3223641125728140,0.029499001586831,0.2337770073792000,0.4901212840903130,0.4158276653664420,0.8109214552912670,0.6166208300967820,0.6275848676337830,251.65027257848500
test_seen,329,Ridge_Concat_KDP,0.5,2,0.3890401289496900,0.4731516723655230,0.0271564471255138,0.1740666339611680,0.3886687652672160,0.3585115557271160,0.8084657471525210,0.7541967597111070,0.6529447031594210,110.78418412108200
test_unseen,108,Ridge_Concat_KDP,0.5,2,0.1221432284399730,0.320475557431179,0.0420468158812986,0.2831000800128720,0.5305511523728020,0.2145492403824620,0.7690117747767980,0.4830530071355760,0.7674991505266740,21.444879255485600
Combined,437,Ridge_Concat_KDP,0.5,2,0.3300343479335250,0.4361492552229650,0.0308364467264858,0.2010131149075840,0.4237335199752320,0.322932768410817,0.7949832745780830,0.6871864043835160,0.6812556420968660,140.72891676022900
test_seen,329,KNN_KDP,0.5,2,0.1695212534892520,0.1823573340586470,0.0325031571202614,0.2817249972163360,0.4015721999439410,0.3233157584663060,0.7505682757191810,0.5797872340425530,0.5280667019882320,260.7400277597480
test_unseen,108,KNN_KDP,0.5,2,0.2958635857375540,0.330396252223945,0.0352860618134278,0.2550594634795310,0.741391399509397,0.4568862939901840,0.871617526687686,0.5195378865103640,0.7901800883452260,37.582429970893900
Combined,437,KNN_KDP,0.5,2,0.1971397448949350,0.2157813943932110,0.033190923039854,0.2751348881921370,0.4855549769532530,0.3563263255980650,0.7919340269494260,0.5648972351101130,0.5928452963281760,320.65232828753800
test_seen,329,KRR_KDP,0.5,2,0.2691493555638030,0.2941702798200550,0.029388183920282,0.2432877305416160,0.4161013316273810,0.389088217462326,0.793063165021423,0.6146510136359830,0.5757508156493130,193.7551715321070
test_unseen,108,KRR_KDP,0.5,2,0.2417451414846450,0.3685130957134320,0.0390137613608908,0.2718695838969130,0.6441875722917170,0.275921634023041,0.8259739867165380,0.4881286102616380,0.8240953109072370,22.406003946981800
Combined,437,KRR_KDP,0.5,2,0.2590601725255040,0.3032599049765650,0.0317670451641853,0.2503514380069990,0.4724704711965990,0.3611202746443790,0.8043096688380990,0.5833823189805390,0.637126571914429,234.0874900290530
test_seen,329,RIDGE_LatentReg_KDP,0.5,2,0.2565591277645150,0.2777688266304450,0.0288725849370178,0.2446962344350240,0.4185099449042340,0.4033661868050520,0.7818310275846210,0.6173837874013550,0.5634881905133710,216.15178452058300
test_unseen,108,RIDGE_LatentReg_KDP,0.5,2,0.3007725081859730,0.3750722955102500,0.0368662022234566,0.2586571538065300,0.708895944050632,0.3480326170590880,0.8626048081817940,0.5117652055725450,0.828767414203194,27.777794821394300
Combined,437,RIDGE_LatentReg_KDP,0.5,2,0.2618619963476680,0.2930995986461610,0.0308481242206228,0.248146530298005,0.4902758211234810,0.3896910711698940,0.8094335785081150,0.5912812545924040,0.6290491885877440,264.15370290510200
test_seen,329,BalancedKRR_lambda0.5_KDP,0.5,2,0.3393772783191000,0.3582916559272510,0.0264799110971343,0.2151313307197620,0.4462731018375120,0.4637465277635350,0.8306674672567830,0.663415688352249,0.6041800284431560,190.22673998143300
test_unseen,108,BalancedKRR_lambda0.5_KDP,0.5,2,0.0816222246516835,0.2210757352998550,0.047667489257528,0.3422142186226890,0.5993217256891750,-0.1558574545650410,0.7865010024137790,0.3960032279986410,0.8007985049269450,23.057011351592100
Combined,437,BalancedKRR_lambda0.5_KDP,0.5,2,0.2715220953095550,0.3106032288016790,0.0317162004365451,0.246538543290737,0.4840974756955890,0.3106178547853050,0.8155746105658280,0.5973274830474670,0.6527722377343440,231.18551702377500
test_seen,369,DNN_KP,0.5,3,0.2353759641094640,0.2801923477012580,0.0213310226235225,0.1627114735094340,0.3087973995561330,0.4884326237317170,0.7564627152022530,0.6031475248589920,0.5293466734289270,247.3874968397060
test_unseen,161,DNN_KP,0.5,3,0.0774226877837218,0.1132158662683060,0.0166722624013142,0.1325529466332770,0.4700394780924600,0.2786675187310790,0.6185553953685660,0.6822435393159480,0.6902276649954800,70.6949164384442
Combined,530,DNN_KP,0.5,3,0.2017020375975900,0.2426821438520220,0.0199158143296064,0.15355010968479,0.3577784837907530,0.4247115257975610,0.7208492864539930,0.6271748047223310,0.5782180689802760,334.22534642784000
test_seen,369,Ridge_Concat_KP,0.5,3,0.199255892410364,0.2876519171742320,0.0267856229439902,0.1711301606376080,0.2608805244587920,0.3326071891902740,0.7349790810296930,0.5880092827393300,0.5479070291648100,149.37748480636900
test_unseen,161,Ridge_Concat_KP,0.5,3,0.0384707895306155,0.1769808063688520,0.0213856072228702,0.1298151794579920,0.3386215171836370,0.1846189375892560,0.5862293097567050,0.7199215677065600,0.6976599466942200,40.01628977288800
Combined,530,Ridge_Concat_KP,0.5,3,0.165209079182025,0.2624613856150540,0.0251452408098387,0.1585797606943660,0.2844961845129430,0.287652267477512,0.6965656785580980,0.6280807504369230,0.5933980097728000,200.07236330966200
test_seen,369,KNN_KP,0.5,3,0.1943345554948420,0.2278988079152200,0.0253316708929606,0.1835100349817270,0.2984001032340710,0.3621109493940610,0.7800048170965330,0.5779376130245230,0.5300997433414790,234.1981322120660
test_unseen,161,KNN_KP,0.5,3,0.0892779792604982,0.1426170083525750,0.0192638140678637,0.1339041902331020,0.4659112481097410,0.2083089674570840,0.673698280619692,0.7283518651152420,0.7012528032500090,64.33058213193440
Combined,530,KNN_KP,0.5,3,0.1721787397407570,0.2069150799610910,0.0234884162725066,0.1684410896901630,0.3492855642246050,0.3153899699754700,0.7525520302041620,0.6236294896030250,0.5820915219174660,315.6296595541940
test_seen,369,KRR_KP,0.5,3,0.2170315733704590,0.2479674952224990,0.022606522073169,0.1744541928449650,0.3012513687707270,0.4357273886114100,0.7756519600162830,0.57953596549198,0.5174205050179050,240.2306665430620
test_unseen,161,KRR_KP,0.5,3,0.1114556841617040,0.1326808748275060,0.0162446567266616,0.1317130131117170,0.4513253383783060,0.2530344359457400,0.7021590309686790,0.7121253038077230,0.685906844039498,67.35091184344920
Combined,530,KRR_KP,0.5,3,0.1959293073971870,0.2207776200005340,0.0206739554301733,0.161470551454299,0.346839876519444,0.3802300954431590,0.7566730168006930,0.6198131041124230,0.5686022042301250,323.7564871242850
test_seen,369,RIDGE_LatentReg_KP,0.5,3,0.2101109371987610,0.2395688112973640,0.0224370371702012,0.1751942723013370,0.3061264106354980,0.4491841307074280,0.7683955554233910,0.5785677327472710,0.5155608833971140,258.7653282177960
test_unseen,161,RIDGE_LatentReg_KP,0.5,3,0.0890604056074122,0.1111050941219290,0.0163491204356142,0.1353590382899890,0.4616329911807250,0.2572290341412250,0.6636826246460540,0.7052683488123610,0.6820556775352530,73.54772785336990
Combined,530,RIDGE_LatentReg_KP,0.5,3,0.18480123840446,0.2097291733789720,0.0205876888791285,0.1630933804601540,0.3533652020841420,0.3908732428826,0.7413543040688040,0.617056033099119,0.5661376038805860,348.86233346781100
test_seen,369,LLM_KNN_KP,0.5,3,0.2121614780737380,0.272144357071957,0.0256622412838096,0.1708265382773030,0.2774399311004280,0.3583567415591600,0.768940409223374,0.5814160788110720,0.5393722368225570,180.1403592638420
test_unseen,161,LLM_KNN_KP,0.5,3,0.1056150058083730,0.1944907510927350,0.020466979848104,0.1286116480046860,0.4040006938041960,0.2197988806168650,0.7053228756820880,0.726038816940436,0.7143796451760620,43.83949521185880
Combined,530,LLM_KNN_KP,0.5,3,0.1916558292037690,0.2527602270615340,0.0240840580929632,0.1580027697227910,0.3158857476953460,0.3162665234238590,0.752511705506668,0.6253486464315010,0.5925348646431500,240.19015059539100
test_seen,369,DNN_MultiCtx,0.5,3,0.3981983724593020,0.4070132057619850,0.0181000274665991,0.1057274940978220,0.3533558054315630,0.582064333535534,0.8972452141723980,0.6867895143979800,0.5708474854124720,225.1779112222530
test_unseen,161,DNN_MultiCtx,0.5,3,0.0862064113972883,0.1458391914901340,0.0173587928589734,0.1283334463714550,0.471421433497012,0.2679675591475820,0.5951170720397790,0.7024504221019390,0.7123366483110050,68.38422440088570
Combined,530,DNN_MultiCtx,0.5,3,0.3206433437061570,0.3471964747802140,0.0178748599725845,0.1125945852601900,0.3892210245231430,0.4866500303724010,0.8192231115337540,0.6915468844740880,0.6138281556514610,308.5150211133610
test_seen,369,MLP_Concat_KDP,0.5,3,0.3347153038817580,0.3686967463291110,0.0193626803212211,0.1383190265700170,0.3295118266032460,0.5502628201391850,0.8291246544638720,0.6484751615001970,0.5653403414941520,206.13904914877000
test_unseen,161,MLP_Concat_KDP,0.5,3,0.1051473039156950,0.1396209179948410,0.015462533608426,0.1288481818344160,0.4615390177191410,0.3130308948581300,0.6317678613865630,0.686951825194613,0.7031549037795440,69.55215372466630
Combined,530,MLP_Concat_KDP,0.5,3,0.2811286841320830,0.3173534955284500,0.0181779187726173,0.1354420341125990,0.3696181997535470,0.4781980277424880,0.7781588892186330,0.6601633555658600,0.6072047651317900,289.4580554991100
test_seen,369,Ridge_Concat_KDP,0.5,3,0.3541495361332200,0.4244574298277960,0.0218053526588309,0.12541735719319,0.3050474979883810,0.4701839691492230,0.8270763319796300,0.689315116213544,0.5937930645847100,129.3651803323700
test_unseen,161,Ridge_Concat_KDP,0.5,3,0.0337397700421553,0.1089392031762920,0.0185278283015633,0.140810668160393,0.402176626165461,0.1339660314014320,0.5839501549588870,0.7281992274184270,0.6520799821531310,52.54188013524110
Combined,530,Ridge_Concat_KDP,0.5,3,0.2774320501033160,0.351247201842075,0.0208097273352081,0.1300934384492650,0.3345527614534940,0.3680498408899880,0.7642910005511960,0.7011270820701220,0.61149909048757,189.65302038253000
test_seen,369,KNN_KDP,0.5,3,0.2043712750431050,0.2301857694172190,0.0252849527131782,0.1809566434474490,0.3078836915532260,0.3592779047826920,0.795400956513571,0.5834191423199680,0.5349460299896000,238.66229202617300
test_unseen,161,KNN_KDP,0.5,3,0.0892779792604982,0.1426170083525750,0.0192638140678637,0.1339041902331020,0.4659112481097410,0.2083089674570840,0.673698280619692,0.7283518651152420,0.7012528032500090,64.33058213193440
Combined,530,KNN_KDP,0.5,3,0.179125821020583,0.2088157679148970,0.023455889841677,0.1666633510559210,0.3558882889222810,0.3134175294818940,0.7639722435080090,0.6274458750936260,0.5854656346970080,320.46267693320800
test_seen,369,KRR_KDP,0.5,3,0.3034109408605360,0.3368415180210600,0.0205781481159589,0.1506766230739630,0.3255189725671750,0.4993337548845640,0.8165880421843460,0.6302631646354270,0.5589110711523000,205.15066047505100
test_unseen,161,KRR_KDP,0.5,3,0.1015770174923650,0.1906708141314490,0.0172402143408688,0.1246701570597310,0.3364103623314050,0.3033042856168410,0.6659529164666910,0.6642792565370030,0.7345160797942920,42.447112003890800
Combined,530,KRR_KDP,0.5,3,0.2605089383556460,0.307780650671204,0.0195641720069221,0.1427765456620920,0.3288274890804600,0.4397851802579540,0.7776877624660500,0.6405963548168490,0.6122552341548670,257.14503188872800
test_seen,369,RIDGE_LatentReg_KDP,0.5,3,0.2920855233826830,0.3250037099651690,0.0205277026439673,0.1555527715833380,0.331491103919934,0.5092347625767830,0.8049650960617990,0.6239209840113520,0.5706886747506420,228.00297939704900
test_unseen,161,RIDGE_LatentReg_KDP,0.5,3,0.0913516497587078,0.1594922607885130,0.0164747541565996,0.1291856611618220,0.3902299697728610,0.314216758859145,0.6294628267435940,0.665958271201963,0.722610339442755,55.54912799169650
Combined,530,RIDGE_LatentReg_KDP,0.5,3,0.2480672216603690,0.2907035642008120,0.0192965239525216,0.1475431399269910,0.3493344197733700,0.4499934444663300,0.759643081457647,0.636690801440953,0.6168384634590010,295.5070013057770
test_seen,369,BalancedKRR_lambda0.5_KDP,0.5,3,0.3785496185733560,0.4025477705506740,0.0186788197665396,0.12788700842148,0.3526042398789800,0.5623767726064110,0.8650134334556420,0.6694279230126890,0.5902992300244360,195.5941269617210
test_unseen,161,BalancedKRR_lambda0.5_KDP,0.5,3,-0.0387181211539871,0.1198165229044580,0.0188399573941257,0.1304464706638540,0.1993517868707780,0.3059363370365950,0.4859562462668080,0.5754206342683370,0.7272834012375390,40.159280826097500
Combined,530,BalancedKRR_lambda0.5_KDP,0.5,3,0.2816975124258450,0.3482823872528970,0.0187277691213346,0.1286645054422770,0.3060501928330920,0.4844769421785990,0.7671250389618220,0.640870991903556,0.6319114027891720,239.09478260317900
test_seen,631,Presage+,0.3,2,0.073159801674552,0.0657717222201449,0.0253028827867835,0.208508316354072,0.2767905154198080,0.2756212163942020,0.6966007581954250,0.5629404867741230,0.4794557612771060,543.4117647861270
test_unseen,108,Presage+,0.3,2,0.1451301617864330,0.1813938916415520,0.0348916152661316,0.2555701740302020,0.7113645255942860,0.1763071981907470,0.8401240909171830,0.3995533473853260,0.8403718759409820,42.73257926856250
Combined,739,Presage+,0.3,2,0.0865070080505608,0.0881691064920289,0.0267042131085285,0.2153860979900960,0.340300654931098,0.2611071244240080,0.7420498135573150,0.5390625286496440,0.5322012827706090,614.2511796386350
test_seen,808,Presage+,0.1,2,-0.0056500559154156,-0.0025581315394397,0.0270389231025586,0.2335554639238200,0.3039842656461810,0.0037008088812815,0.620782513899585,0.5394619379970780,0.4723340366823570,712.6615183452140
test_unseen,108,Presage+,0.1,2,-0.0014481288489607,0.0336985167341137,0.0448331721354451,0.3408367359846590,0.6350099719253950,-0.1669163223227410,0.7753433028932190,0.2407306213317140,0.7763307022869870,48.52244219332550
Combined,916,Presage+,0.1,2,-0.0032568354571614,0.0046526880577208,0.0291369349972657,0.2462043475292470,0.3430134973908910,-0.0164156214353498,0.65852872200857,0.5042403417090220,0.5081764383038630,784.6654162336410
test_seen,359,Presage_KP,0.5,1,0.1149683452227090,0.1315557306501170,0.0252040844407495,0.1972297501694640,0.2675609563417830,0.3830369675536460,0.7219231435755200,0.5219380098240640,0.4809527237688080,309.6820876374090
test_unseen,145,Presage_KP,0.5,1,0.1143542539917630,0.0988332864109153,0.0227883057514372,0.1895878667056850,0.5370967556449080,0.2176265238771290,0.8269681407366500,0.6379516007403850,0.6929046411188050,88.17974809717490
Combined,504,Presage_KP,0.5,1,0.1142910116407900,0.1214641899153360,0.0245090687464037,0.1950311924269090,0.34510597796669,0.3354486454641720,0.7511023094536120,0.5553149357821330,0.541930953958787,414.39672773031300
test_seen,597,Presage_KP,0.3,1,0.1155805045873850,0.1267136790409480,0.0245771318498498,0.2006362266491120,0.3816256143695900,0.2855390046923410,0.7619981312030800,0.5316325215822700,0.5304638351451360,482.7925729352590
test_unseen,145,Presage_KP,0.3,1,0.0781281071445711,0.0772564479145568,0.0231468881051945,0.2002465079651170,0.5362852196097070,0.1291148497124100,0.7911978808364850,0.623965749918563,0.618297733724231,91.55645916950100
Combined,742,Presage_KP,0.3,1,0.1087163731699370,0.1174448189111770,0.0242976367784549,0.2005600686852590,0.4118488525903680,0.2549709420614920,0.7671290776242860,0.5496760769849150,0.5476281414712400,582.3831369875160
test_seen,793,Presage_KP,0.1,3,-0.0515983652879205,-0.0994799384626357,0.0349601516507256,0.2951966679766940,0.3047521783168440,0.273467838519764,0.7258115265867770,0.4635497645319950,0.47596823729141,714.5476346888970
test_unseen,161,Presage_KP,0.1,3,-0.0878314972724527,-0.1544043993014270,0.0226717998595047,0.1738760594771450,0.489126653703989,0.3211098519213380,0.5597065226151610,0.7286698428630090,0.6601839239277080,110.97377489143000
Combined,954,Presage_KP,0.1,3,-0.0571150821081952,-0.1072223036158540,0.0328863312750583,0.2747222256617810,0.3358677868465400,0.2815080525214970,0.7011839707928780,0.508292251545929,0.5070570481388360,837.8408110987490
test_seen,597,Presage_MultiCtx,0.3,1,0.4054688666846350,0.4783930723262630,0.0196947333181613,0.1041837321138290,0.4134485495695570,0.4396192829554230,0.8552161873252560,0.7504345840764780,0.6806660382433990,238.69287929219100
test_unseen,145,Presage_MultiCtx,0.3,1,0.141425168199849,0.1922784999571140,0.0244507190988395,0.1895251467032210,0.4595069712826260,0.1380505683940840,0.8313257237341230,0.6203359858532270,0.6758806831402110,52.48063135905950
Combined,742,Presage_MultiCtx,0.3,1,0.3604936987221160,0.4287375130186850,0.0206241375475391,0.1208609627276590,0.42244918454044,0.3806873912958620,0.8510181825408720,0.7250110035611520,0.6797308947259300,295.7189337714620
test_seen,809,Presage+,0.1,1,0.0487067010830813,0.0349004536434227,0.0318448959498288,0.2773933669743250,0.2885486605858520,0.5972110547511370,0.6569162645200170,0.4853127914321700,0.4737547293888140,729.5651413977090
test_unseen,145,Presage+,0.1,1,0.0354563935100949,0.0138112703680582,0.0262243052776611,0.2229380526821740,0.5195612936399980,0.5450415938435430,0.7249279798173990,0.6405905127184570,0.6911097441835220,101.53575805446500
Combined,954,Presage+,0.1,1,0.0476076364365741,0.0330481116169443,0.0309906133004951,0.2691166158502560,0.3236606435972270,0.5892817341729380,0.668753746612916,0.5089137029484290,0.5067908689540480,841.3513153846580
test_seen,369,Presage_KP,0.5,3,0.141742346371966,0.1493070143089430,0.0241209500447255,0.2008890336194720,0.2943940297397070,0.4119852884294610,0.7620365137903770,0.5135270823407670,0.5019185352534060,316.1970898103460
test_unseen,161,Presage_KP,0.5,3,0.0425375480841859,0.0425534648509373,0.0154218090399739,0.1447874517990070,0.4987136905938030,0.2482192264445810,0.590450851097117,0.7180664326221980,0.6411839988728290,97.07343164499630
Combined,530,Presage_KP,0.5,3,0.11796714651783,0.1234146596794030,0.0214783807961123,0.1838468549909910,0.356460945584064,0.3622374846944320,0.7177259305673930,0.5756607340300320,0.5442237043906270,431.2965566770520
test_seen,808,Presage_MultiCtx,0.1,2,0.2544605678352410,0.2844657783390120,0.0229549497009656,0.1656941537466530,0.3326634589131250,0.2809394157744030,0.7896074747722890,0.6533463182383810,0.5876021208678250,429.24176010025200
test_unseen,108,Presage_MultiCtx,0.1,2,0.2137956454950340,0.3160301332178650,0.0410505392726073,0.2992436486117470,0.6379894193723900,0.2072027150183640,0.8200958936618130,0.3210281319570940,0.8683768467921470,23.752692377812800
Combined,916,Presage_MultiCtx,0.1,2,0.2447961233462650,0.2823697593487640,0.0250884908294997,0.1814401640582580,0.3686625896222960,0.2722455689603720,0.7970532325987800,0.6141646980218100,0.6207065645357580,471.8696089328100
test_seen,329,Presage+,0.5,2,0.1594063316700140,0.1816152978663900,0.0326774553057308,0.2779834441610900,0.3862830117089690,0.3038697600923700,0.7351298654246810,0.5739731184294920,0.5285546973034770,256.31632214448200
test_unseen,108,Presage+,0.5,2,0.2681718786680060,0.3167011601439490,0.0356753251374382,0.2609374202228190,0.719390137543769,0.4244058104286390,0.8569091653532690,0.5197927285083250,0.7759089364593950,36.85103301892650
Combined,437,Presage+,0.5,2,0.1837385250259550,0.2125690689215740,0.0334183476211185,0.2737706968262310,0.4686069695811850,0.3336589899237590,0.7767450938175440,0.56058299918124,0.5896857220834300,315.45858610424900
test_seen,529,Presage_KP,0.3,3,0.1191422423100640,0.1414794250659250,0.0310914333944306,0.2456782401138560,0.4044330133066820,0.2249270446420880,0.8030571912857500,0.4839538960878620,0.5721395628304360,402.5476606756880
test_unseen,161,Presage_KP,0.3,3,0.0398619661120952,0.0653550309888466,0.0153308121449484,0.1469139707882820,0.4742133482244220,0.0726021546341071,0.601674876571909,0.7208214263177350,0.5614492152638170,93.59054507599690
Combined,690,Presage_KP,0.3,3,0.1046994370467210,0.1273479477127200,0.0274139551028848,0.222633243937889,0.4207150914541550,0.1893845703068920,0.7727207528512930,0.5392229864748320,0.5696451483982250,505.8266391597310
test_seen,631,Presage_MultiCtx,0.3,2,0.3321944841806910,0.354505948011792,0.0203625333133995,0.121716079307861,0.3168690596689900,0.4249582407898050,0.836603044018667,0.74400551454009,0.567718466408119,348.3331289508530
test_unseen,108,Presage_MultiCtx,0.3,2,0.297252731720654,0.3897315175976300,0.0329020245624333,0.2180967095734810,0.7078113313939970,0.2889210541902970,0.8649740134977720,0.4907658335842620,0.8978721268694170,23.5200985294404
Combined,739,Presage_MultiCtx,0.3,2,0.3212638457676570,0.353932609096502,0.0221950976637319,0.1358014758825390,0.3740027069576240,0.4050772987698500,0.8455871843537170,0.706996197160889,0.6159682571115290,396.164130430209
test_seen,369,Presage+,0.5,3,0.1673596936479460,0.1805554642656710,0.0231325464774574,0.1885836243548240,0.2931313770471120,0.4510649169950520,0.7667608656634750,0.5251253835789780,0.5028765221489650,304.8730588988470
test_unseen,161,Presage+,0.5,3,0.0684058654454959,0.064326814691188,0.014983481253722,0.1387246237312130,0.5030647739596270,0.3036790324131210,0.6183549487100710,0.6923880754734700,0.6608390376780280,93.0655410668369
Combined,530,Presage+,0.5,3,0.1454904654343900,0.1542417843335900,0.0206570757208133,0.1734377769955760,0.3569035976186490,0.4062929784711070,0.7284362607359470,0.5759353711167390,0.5508613617719440,415.5854444610500
test_seen,597,Presage+,0.3,1,0.1200447168783140,0.1412437761110460,0.0245285057074175,0.1988715104690600,0.3808586764634150,0.2969087248436650,0.7515478679175830,0.5338839948731510,0.536065392188111,462.9813916496340
test_unseen,145,Presage+,0.3,1,0.0847878773219011,0.0770044114404629,0.0237537616864979,0.2031292205781860,0.536444456369843,0.1011025810037320,0.8126019351345,0.6155614500442090,0.62843315184513,87.80125971649970
Combined,742,Presage+,0.3,1,0.1132738716668830,0.1290315724625640,0.0243771069432216,0.199703542768013,0.4112629056904120,0.2586447209935430,0.7622762183870090,0.5498452226356890,0.5541156956251300,558.9642313926320
test_seen,529,Presage_MultiCtx,0.3,3,0.4085408221534160,0.4759457226106020,0.0232980131129276,0.1270568193741000,0.4306698834997470,0.4294614797795790,0.8875051688659880,0.7106872511873050,0.6886312318063220,215.091381605968
test_unseen,161,Presage_MultiCtx,0.3,3,0.1092079311181050,0.1994812314672290,0.0163977515400618,0.133739725279222,0.4045186892758820,0.0932447279212179,0.6422107764891960,0.7254730503294900,0.6334051510425590,49.19909712502630
Combined,690,Presage_MultiCtx,0.3,3,0.3563027426806410,0.4292767751271670,0.0216879520792589,0.1286161640852950,0.4245679381808450,0.3510109043459610,0.8505537700143550,0.714137270987148,0.6757451462947770,271.65519416067500
test_seen,793,Presage_MultiCtx,0.1,3,0.3040647955499250,0.3119331474277610,0.0223659285032315,0.1334813460158190,0.3319355008664820,0.6216711598070830,0.8409799986976830,0.6671121526367260,0.5457578047157120,512.0584090848070
test_unseen,161,Presage_MultiCtx,0.1,3,0.0921362853448134,0.0872886440026498,0.0170093817962668,0.1156176510816900,0.4752321275879170,0.5606103597105790,0.5723846072810410,0.7286242203437330,0.6878116181004090,93.5727693588629
Combined,954,Presage_MultiCtx,0.1,3,0.274289491819822,0.2858688302434540,0.0214619410610708,0.1304666134325960,0.35611868420207,0.6113663497279040,0.8011567072258150,0.6774931200380130,0.5697312470164830,613.5681776796270
test_seen,359,Presage_MultiCtx,0.5,1,0.3727902251974540,0.3981779644135840,0.0205390149476065,0.1115602053104220,0.3288450661765770,0.502932789057841,0.8712956197238310,0.7224895750843130,0.5607303255674870,201.7953140372250
test_unseen,145,Presage_MultiCtx,0.5,1,0.1381222604598750,0.1682113101841080,0.0225723681770451,0.1749535040214680,0.5116080475718620,0.2234649142697060,0.7952361446239800,0.6623157606087610,0.6975800370192640,68.91087053151040
Combined,504,Presage_MultiCtx,0.5,1,0.3141811012042570,0.3396231163567670,0.0211240074441712,0.1297983567253060,0.3814256858240300,0.4225303250810960,0.8501679877516500,0.7051776641736880,0.6001017703303990,284.0877560926810
test_seen,793,Presage+,0.1,3,-0.1093803359669210,-0.1780176956191210,0.0364715704504639,0.3081057942793780,0.3025308663974370,0.1099177891882630,0.7185771501167390,0.4654697649554270,0.4750208077234040,714.6595250735210
test_unseen,161,Presage+,0.1,3,-0.1695614765102970,-0.2805663252132510,0.0242014825230996,0.183238319816978,0.4886347408433990,0.1104546736677170,0.5769023205370910,0.7265125494515520,0.6633840177797480,110.99701757857500
Combined,954,Presage+,0.1,3,-0.1174510264935490,-0.1921792673371140,0.0344008323411289,0.287032771859623,0.3339383336781500,0.1100083954788210,0.6975717337437310,0.5095241552110630,0.5068095674918220,837.9751045560010
test_seen,808,Presage_KP,0.1,2,-0.0004233678968662,0.0025486338242227,0.0270815373628761,0.233148486358234,0.3061094131531010,0.0115905357578281,0.6263032801541040,0.5399772764161660,0.4745671698317370,705.2336082199660
test_unseen,108,Presage_KP,0.1,2,-0.0079780692427877,0.0276222239899866,0.0451543159198341,0.3421024864501510,0.6317439953836740,-0.21977268304539,0.7743253792330130,0.2383727990285370,0.7755616272009710,47.75946360277270
Combined,916,Presage_KP,0.1,2,0.0001822355017836,0.0078620534372107,0.0292123889831288,0.2459945911725650,0.3445030101846540,-0.0156880970268307,0.6624526359702900,0.5044169231870570,0.5100555993032190,776.4801261802800
test_seen,809,Presage_KP,0.1,1,-0.3375633100084270,-0.5193937772344860,0.0452386613098439,0.4036613474837870,0.289229359592634,-0.2970324758779370,0.6589731326331440,0.4810130522700420,0.4738520085553780,729.730454049172
test_unseen,145,Presage_KP,0.1,1,-0.2550390258392220,-0.3840763360576620,0.0361150730151949,0.3016784735688480,0.5198385753953800,-0.2510853372701430,0.7152040811464320,0.6882440206968920,0.690784093787314,101.5681852795250
Combined,954,Presage_KP,0.1,1,-0.3238813454159720,-0.4970212949864500,0.0438519523971352,0.3881608058510140,0.3242800265647490,-0.2900488961105050,0.6687601648110900,0.5125104216850240,0.5068238663736500,841.5483297861830
test_seen,359,Presage+,0.5,1,0.1381719552674120,0.1465691511437550,0.0243294026776524,0.1937270620406240,0.2746496262655640,0.4179019151221310,0.7437335375816910,0.5348078658965430,0.480875194515359,312.84702647826500
test_unseen,145,Presage+,0.5,1,0.0970374709224519,0.0874008760509597,0.0226515413830818,0.1892242286790650,0.5376711857294220,0.2187590060960460,0.8020108690417370,0.6313978199766920,0.6805648865428120,88.99481138335100
Combined,504,Presage+,0.5,1,0.1271710379761270,0.1298280119188620,0.0238466846464764,0.1924316040298580,0.350320511428777,0.360608816295182,0.7599216852094810,0.5625966423680140,0.5383256019438920,418.34894220957100
test_seen,529,Presage+,0.3,3,0.1144015440384940,0.1391176900882410,0.0315341592030706,0.2462243908976880,0.4042401122274370,0.2127692969387900,0.8001813002077950,0.4787163116870290,0.5723371039917030,397.5478089762860
test_unseen,161,Presage+,0.3,3,0.0277608089693908,0.0617609182032402,0.0155036236763679,0.1480872275933620,0.4777114388688760,0.0834722487904462,0.5698511307520030,0.7089219230318490,0.5638020715953450,91.48195492278270
Combined,690,Presage+,0.3,3,0.0985101161019179,0.1253942954801030,0.0277937009135067,0.2233257194600120,0.4213834217771060,0.1825999857041760,0.765484127244903,0.5324309543341540,0.570345596432553,498.8176071338210
test_seen,809,Presage_MultiCtx,0.1,1,0.2819256439383660,0.2615087211659390,0.0236208150544783,0.1493082001890010,0.3328036303754660,0.6428037085659080,0.8169793527972070,0.6623764392452690,0.5400550210966090,584.8389135068810
test_unseen,145,Presage_MultiCtx,0.1,1,0.1446729238815200,0.1106997367102910,0.0230672044973992,0.1697826065325360,0.5333791200481030,0.548177601399839,0.7988006100660430,0.681477729131237,0.7116474291710390,91.52091673544650
Combined,954,Presage_MultiCtx,0.1,1,0.2651441479258070,0.2439690877639000,0.0235366708922388,0.1524201382600830,0.3632894228309510,0.6284213337869980,0.8138153311193150,0.6652796751294050,0.5661356281938750,684.3674803528600
test_seen,369,Presage_MultiCtx,0.5,3,0.410985588507918,0.4438611500958860,0.0193804429893947,0.0980441801052752,0.3463495400563530,0.5463029055854820,0.8890797105171010,0.6958417221223250,0.6008268400264340,178.31225862219200
test_unseen,161,Presage_MultiCtx,0.5,3,0.1088924447171840,0.1571345088209010,0.0161035308749569,0.1217975621436620,0.4372528657647850,0.297763187623659,0.6458388703433120,0.6865878429945170,0.6875036691754040,57.78451715361990
Combined,530,Presage_MultiCtx,0.5,3,0.3385336812572920,0.3800939779574280,0.0183850036489711,0.1052598301207100,0.3739635691866500,0.4708031044687780,0.8262647682744200,0.6930306380853870,0.6271569711452720,248.91140029338700
test_seen,631,Presage_KP,0.3,2,0.0793803246062769,0.0666725014616507,0.0251664196160555,0.2090545882787060,0.279823710267942,0.2840115235659550,0.7093737691638590,0.5636169198459020,0.4789854792367260,546.6630268576460
test_unseen,108,Presage_KP,0.3,2,0.1785634360915580,0.2042878875710280,0.0339530528016565,0.2497791618247950,0.7262655083717240,0.2510744449815280,0.8550176551266560,0.4159515206263170,0.8450140519923720,43.15746774455420
Combined,739,Presage_KP,0.3,2,0.0971259066308453,0.0930587039449211,0.0264505283901352,0.2150062174302320,0.3450682490977230,0.2791979856943480,0.7554943330520780,0.5420365908665850,0.5324781529276730,618.104743059032
test_seen,329,Presage_KP,0.5,2,0.1626039205736530,0.1764475482331360,0.0337367629942995,0.2848618088872530,0.3870937315958780,0.2908453563345850,0.7594890409294560,0.5717771395108890,0.5278993893087200,252.5905255369800
test_unseen,108,Presage_KP,0.5,2,0.2598567444676110,0.3084550537455070,0.0374535782093904,0.2713622570334070,0.7223411970967550,0.3657117854724300,0.8582564219632340,0.4981523955147810,0.7943212708120970,36.47358924615620
Combined,437,Presage_KP,0.5,2,0.1829207759820850,0.2049362922514340,0.0346553351756034,0.2815255352025490,0.4699466521315640,0.309347814794281,0.7932404840884810,0.5535815506056730,0.5937427833644740,311.322157239332
test_seen,329,Presage_MultiCtx,0.5,2,0.4660740500504810,0.5248747178607400,0.022745763563002,0.1379244412353390,0.4510111800689210,0.4814972110300020,0.8548804501799320,0.8181032319232590,0.66511670059396,147.2490196320370
test_unseen,108,Presage_MultiCtx,0.5,2,0.3176360101167690,0.4418982071776740,0.0371767276671056,0.2536440313694830,0.672635428445406,0.3347485243829990,0.847180904391901,0.5335541963982330,0.8651885830784910,19.014423696055600
Combined,437,Presage_MultiCtx,0.5,2,0.423068028842248,0.4914496926290570,0.026312226087586,0.1665233330762720,0.5057833055258100,0.4452298010577450,0.8522493104322230,0.7477799004891570,0.7145623832217160,184.64791193603300
test_seen,631,GEARS,0.3,2,0.012155110162029,0.1437191864700570,0.0354842910648022,0.2169068483562280,0.1653467583958770,0.13769543664773,0.5688314944339360,0.5795721507135830,0.4766383638479810,198.0598786254260
test_unseen,108,GEARS,0.3,2,-0.1353976109767410,0.1742119542230680,0.0477177310319642,0.2764876596810230,0.4245561061496210,0.0099377239560922,0.6651067944221400,0.3534076081501560,0.8284402288467330,28.47919410240510
Combined,739,GEARS,0.3,2,0.0023794926783739,0.1616116631321210,0.03727212802888,0.2256141929070780,0.20322850339913,0.1190244854018610,0.5993186727635340,0.5465196871183870,0.5280518975690430,230.07338571148100
test_seen,597,GEARS,0.3,1,-0.035800098575051,0.2120210942764590,0.0374149640906128,0.2106699765969990,0.1734956428474500,0.1207832951867710,0.5256045386047930,0.5365265373199780,0.5509237595987130,167.3748353712450
test_unseen,145,GEARS,0.3,1,-0.2147804629296940,0.1444728170628320,0.0362687945117553,0.2238902857778630,0.2165861104716360,0.0401594296462991,0.4078543626328560,0.6062171343478060,0.6290939550467680,35.15752614868640
Combined,742,GEARS,0.3,1,-0.0648513380304854,0.2012997328743850,0.0371909821648253,0.2132534601970330,0.1819162867901820,0.1050279575811530,0.5049136131145170,0.5501453197580310,0.5661996064180770,203.67322421531100
test_seen,359,GEARS,0.5,1,0.0247751381336407,0.2024282489331930,0.0371200230047278,0.2035992707046810,0.1587452752155460,0.1894224864664730,0.5607720265500720,0.5398860319974310,0.492321835006673,108.20015541681100
test_unseen,145,GEARS,0.5,1,-0.1200748803068940,0.1650357429212290,0.03535083872386,0.2034218415755750,0.267061232670342,0.118291096670819,0.5192288684448230,0.6240213889079320,0.6882429560567630,31.24472455571160
Combined,504,GEARS,0.5,1,-0.0079251515433031,0.1947807969758010,0.0366110314953512,0.2035482246258700,0.1899076042452000,0.1689580985292310,0.5492322604097250,0.5640916406323960,0.5486880305468780,145.88019699327300
test_seen,329,GEARS,0.5,2,0.0461448562993043,0.2398968014411170,0.0449516758163012,0.2987938785516140,0.2086090703364360,0.0999119400291686,0.5444353071204370,0.5806656256099940,0.5373037561696550,103.1954463061000
test_unseen,108,GEARS,0.5,2,-0.2359681128025670,0.1437932967195550,0.0521890921390844,0.3174326151531220,0.3232302892677110,0.0263897478907747,0.5548464259333470,0.4506455997281690,0.7125594631328580,42.67005277929450
Combined,437,GEARS,0.5,2,0.0011394922004269,0.2363709710847110,0.0467403279052271,0.3034002482380270,0.2369365111707100,0.0817416957478264,0.547993063549309,0.5485325299687190,0.5806163794008360,144.13367533114100
test_seen,369,GEARS,0.5,3,0.0095418950046958,0.1878825884122590,0.0375875049579538,0.2143652730527350,0.158779339439725,0.1919305200101650,0.5899058423660610,0.5036091003632150,0.5030711932828210,117.11020482200100
test_unseen,161,GEARS,0.5,3,-0.1500174173946810,0.0877697664985084,0.0273870114273865,0.153172492916651,0.2276958540502910,0.1567954928992740,0.3773392660171530,0.6665688219892210,0.6415832051568060,31.233646836671400
Combined,530,GEARS,0.5,3,-0.0208955003694061,0.1689481108852930,0.0344888644703664,0.1957765228604530,0.17971435614218,0.1812574268689320,0.5350122759462880,0.5531119591967760,0.5451474836822770,155.01684738964200
test_seen,809,GEARS,0.1,1,-0.056566209279099,-0.0411994422347684,0.0425099289945931,0.2671443586587600,0.2353325665288000,0.2864990208836350,0.6135720291256860,0.5181905556196880,0.4785810731059420,465.9521213113320
test_unseen,145,GEARS,0.1,1,-0.041667979830615,0.0166028713496266,0.0372012401718012,0.2251860438932770,0.4282815332423010,0.2661014516747500,0.6950727348384040,0.6782429351955710,0.7231682165213300,55.418069729394200
Combined,954,GEARS,0.1,1,-0.0539302109853799,-0.0333264261836602,0.0417030528108354,0.2607670466661020,0.2646591914485670,0.2833987614126830,0.6277572785377100,0.5425171751569030,0.5157562678598530,532.7093052882520
test_seen,529,GEARS,0.3,3,-0.0908811090387527,0.2053223104169980,0.0444409311418753,0.262007506379404,0.1786388067998750,0.0739778293612504,0.5182601398104450,0.5014225707238510,0.5657304495981960,166.2609966933180
test_unseen,161,GEARS,0.3,3,-0.1737116004780340,0.1289169036962160,0.0274550459659651,0.1595589705191220,0.1640883214556020,0.0241492558583008,0.3493409487709470,0.6960758683482230,0.5725914774315100,35.84877412469790
Combined,690,GEARS,0.3,3,-0.0950103330138133,0.1955102295640460,0.0404775579341629,0.2381028480120050,0.1752436935528780,0.0623511622105622,0.4928139796218030,0.5468416735028710,0.5673313560926360,202.48459890521300
test_seen,808,GEARS,0.1,2,-0.0609449832472537,0.1342328937650300,0.038652736865453,0.2433059496675940,0.1302667043002380,0.0055079023429072,0.4558211288677130,0.5421251961261700,0.4803684466807340,206.7042353030900
test_unseen,108,GEARS,0.1,2,-0.295222647859809,0.061988415792381,0.0555686586877819,0.3517300746038380,0.2882480894530160,-0.0492793652899843,0.5208126880767460,0.2403562031977330,0.7538656142481280,38.621002807782400
Combined,916,GEARS,0.1,2,-0.0764445226769524,0.139468246719872,0.0406471905300944,0.2560895801185930,0.1488933304972900,-0.0009517318321498,0.4716931034817440,0.506545445868232,0.5126148376166270,241.16953754623500
test_seen,793,GEARS,0.1,3,-0.055806211531827,-0.017036847763935,0.0433299396363967,0.2571139963985680,0.2463910306612120,0.1930755462802740,0.687288362907712,0.5011624537367230,0.4875305830529200,447.02909089866900
test_unseen,161,GEARS,0.1,3,-0.1234245138717300,-0.0764052016008852,0.0323285768126675,0.1623300178295440,0.3864250838947600,0.197021773929231,0.5233212726495590,0.7602210736934040,0.6853284495512700,57.175326928882800
Combined,954,GEARS,0.1,3,-0.0658003979116619,-0.0272399979002749,0.0414733155120567,0.2411179580866040,0.270023611972115,0.1937415239023720,0.6629777848568190,0.5448819902283640,0.5209115647156390,518.2812553526190
test_seen,359,scLambda-KP,0.5,1,0.09253562793,0.1138466618,0.02557899909,0.1980321606,0.2613078926,0.3185845373,0.7006246649,0.5299970036,0.4759735432,311.4101239
test_unseen,144,scLambda-KP,0.5,1,0.05989685866,0.08022764638,0.02401967951,0.1880433468,0.5302715406,0.1988058063,0.7488890714,0.637768371,0.6756861443,88.78135152
Combined,503,scLambda-KP,0.5,1,0.0847553634,0.10527877,0.02513259349,0.1951725399,0.338307426,0.2842940059,0.7138545022,0.5608500392,0.5331477272,416.2561015
test_seen,791,scLambda-MultiCtx,0.1,3,0.1082073296,0.095116444,0.02787301299,0.2068966659,0.3153128279,0.5199228595,0.7547903175,0.5058950523,0.4935891556,678.6122669
test_unseen,161,scLambda-MultiCtx,0.1,3,0.1138731074,0.08870671604,0.01724491991,0.1260246003,0.5077363792,0.5687109974,0.6212305295,0.7591747164,0.6962922324,103.9943202
Combined,952,scLambda-MultiCtx,0.1,3,0.1083672882,0.09340802501,0.0260756149,0.1932197725,0.3478550461,0.5281737946,0.7349254123,0.5487291131,0.527869823,795.1821882
test_seen,369,scLambda-KP,0.5,3,0.1351605161,0.1416554728,0.0241793603,0.1917450576,0.2918472302,0.3889185327,0.7594994033,0.4970261423,0.4989626078,318.9120226
test_unseen,161,scLambda-KP,0.5,3,0.02646302157,0.02530968834,0.01650266324,0.142093327,0.5001994393,0.289871918,0.6012414645,0.6893588043,0.6313212554,100.5552137
Combined,530,scLambda-KP,0.5,3,0.1116774576,0.1161192941,0.02184738252,0.1766621734,0.3551391277,0.3588307875,0.7186305949,0.5554517245,0.5391696687,437.0468726
test_seen,359,scLambda-MultiCtx,0.5,1,0.2129074697,0.2198871511,0.02278565517,0.162501005,0.280800648,0.444794358,0.7958146382,0.5898689365,0.5105094941,295.8964536
test_unseen,144,scLambda-MultiCtx,0.5,1,0.1809276612,0.1845464805,0.02014699383,0.1419378162,0.5360547131,0.2851970175,0.8241107875,0.6566926737,0.7074618194,82.92620474
Combined,503,scLambda-MultiCtx,0.5,1,0.204103319,0.2091728922,0.02203025311,0.1566141279,0.3538753704,0.3991044633,0.8035709431,0.6089993901,0.56689346,396.0427406
test_seen,328,scLambda-KP,0.5,2,0.1421663928,0.157941284,0.03266519826,0.2770900016,0.3832358499,0.2191359103,0.7294541626,0.5877488085,0.5190706476,271.7081654
test_unseen,108,scLambda-KP,0.5,2,0.1281341884,0.1581627314,0.04230608,0.3149335266,0.7029056621,-0.01350959299,0.8331706019,0.4403788846,0.7454022989,42.40098823
Combined,436,scLambda-KP,0.5,2,0.1356088143,0.154209739,0.03505330658,0.2864640858,0.4624201153,0.1615081251,0.7650247826,0.551244332,0.5751344511,337.2327827
test_seen,807,scLambda-KP,0.1,1,-0.1061930151,-0.1832421223,0.03901008763,0.3327900477,0.2947686966,0.2097072234,0.6631851806,0.5121098285,0.4802543534,695.8134785
test_unseen,144,scLambda-KP,0.1,1,-0.06583531154,-0.1122402968,0.03092776547,0.250166122,0.5262236355,0.2526502159,0.7074320443,0.6732383041,0.6974926901,96.30683498
Combined,951,scLambda-KP,0.1,1,-0.09907698885,-0.1708299158,0.03778626598,0.3202791694,0.3298155012,0.2162096323,0.6707945139,0.5365078311,0.5131484864,802.2888525
test_seen,595,scLambda-KP,0.3,1,0.09580788393,0.1086161805,0.02536446465,0.199195809,0.3806298592,0.2328437755,0.7520672058,0.5231946437,0.5263009269,488.6325448
test_unseen,144,scLambda-KP,0.3,1,0.004768895695,0.01769777805,0.02481901559,0.2063155752,0.5114782917,0.06086571727,0.7465317754,0.5967140921,0.5851023788,94.15355622
Combined,739,scLambda-KP,0.3,1,0.08024280249,0.09270068097,0.02525817958,0.2005831518,0.4061267121,0.1993324895,0.75110607,0.5375204902,0.5377588553,590.425422
test_seen,527,scLambda-MultiCtx,0.3,3,0.1797067829,0.2310290115,0.03066335619,0.2145827794,0.3988352514,0.2390591828,0.8100931665,0.4958251507,0.6294893785,316.2786154
test_unseen,161,scLambda-MultiCtx,0.3,3,0.06857312782,0.1152967642,0.0165484981,0.1437860614,0.4517024044,0.07539195805,0.6481612128,0.6909146799,0.6390282713,73.43532577
Combined,688,scLambda-MultiCtx,0.3,3,0.16175187,0.2112569984,0.02736031527,0.1980155242,0.41120678,0.2007591491,0.7856211349,0.541478369,0.6317215903,400.2028122
test_seen,807,scLambda-MultiCtx,0.1,1,0.09278830476,0.066088497,0.02975345251,0.2461023878,0.3003795248,0.5734039778,0.7013237258,0.5142137873,0.4913663341,693.8733854
test_unseen,144,scLambda-MultiCtx,0.1,1,0.04114196187,0.03027377422,0.02670489,0.2100393153,0.5296059353,0.4901862059,0.7096670346,0.6515497076,0.7138961988,93.86441803
Combined,951,scLambda-MultiCtx,0.1,1,0.08579478813,0.06142991445,0.02929184052,0.2406417333,0.3350888867,0.5608031795,0.7027585624,0.5350091317,0.5250617079,798.0827686
test_seen,328,scLambda-MultiCtx,0.5,2,0.2357288846,0.2630162662,0.03134402284,0.2359717641,0.387382676,0.3174704343,0.7870162624,0.6351696103,0.5637370339,232.902572
test_unseen,108,scLambda-MultiCtx,0.5,2,0.3513027007,0.423677621,0.03719903295,0.2582048624,0.7337395728,0.3853766831,0.8804504564,0.5352490421,0.8843763304,27.60780772
Combined,436,scLambda-MultiCtx,0.5,2,0.2540867627,0.2891574618,0.03279434644,0.2414790453,0.4731775036,0.3342912483,0.8190604805,0.6104186439,0.6431614468,285.628733
test_seen,369,scLambda-MultiCtx,0.5,3,0.1406597851,0.1763434661,0.0247603416,0.183070446,0.2555860939,0.4087145805,0.7422961166,0.5243825595,0.5161192822,307.0470669
test_unseen,161,scLambda-MultiCtx,0.5,3,0.04860797517,0.06583274828,0.01478521524,0.1341999346,0.4783445437,0.3036134552,0.5593611243,0.7117026148,0.6581385246,102.4291613
Combined,530,scLambda-MultiCtx,0.5,3,0.1192213715,0.1511751884,0.02173016171,0.1682248755,0.3232542268,0.3767876349,0.6950546625,0.5812854442,0.5592609766,427.4238587
test_seen,629,scLambda-MultiCtx,0.3,2,0.1053109034,0.09451531058,0.02440884966,0.1980343486,0.2710409356,0.3033124595,0.7273597715,0.5869327608,0.4870092279,541.0879524
test_unseen,108,scLambda-MultiCtx,0.3,2,0.2808850283,0.3376369032,0.03244561263,0.2350720703,0.7403655679,0.3124398458,0.8671996797,0.4841988728,0.9071683776,36.24547205
Combined,737,scLambda-MultiCtx,0.3,2,0.1297034749,0.1297394409,0.02558655713,0.2034618574,0.3398157799,0.3046499869,0.771939608,0.571878134,0.5485793611,605.592386
test_seen,527,scLambda-KP,0.3,3,0.07809496786,0.1048645035,0.03210469288,0.2518113899,0.3981380305,0.1394546035,0.7782588416,0.470817486,0.5622802438,417.5352139
test_unseen,161,scLambda-KP,0.3,3,-0.007089360488,0.02170401425,0.01584890269,0.148648418,0.4729247508,0.0505029712,0.5502767588,0.6996121403,0.5413671829,100.6685164
Combined,688,scLambda-KP,0.3,3,0.06309530288,0.09039290141,0.02830064895,0.2276700549,0.4156389927,0.1186388872,0.7438049577,0.5243580955,0.5573863444,527.6933627
test_seen,805,scLambda-MultiCtx,0.1,2,0.08621466165,0.07405864558,0.02533367908,0.2136254817,0.3278007217,0.1227371628,0.716128247,0.562081835,0.5018211289,655.8340267
test_unseen,108,scLambda-MultiCtx,0.1,2,0.2618127448,0.30002448,0.03768811915,0.2797944885,0.7056990782,0.3109274237,0.8591341872,0.3576896524,0.8771320663,38.38130911
Combined,913,scLambda-MultiCtx,0.1,2,0.1073821964,0.1010000022,0.02679510244,0.2214527027,0.3725028274,0.1449984423,0.7512330643,0.5379040084,0.5462171653,716.2674376
test_seen,595,scLambda-MultiCtx,0.3,1,0.004325504219,0.0624952233,0.02852211534,0.2217192886,0.3210065193,0.1156948816,0.670419868,0.5161257999,0.5412971693,500.7035496
test_unseen,144,scLambda-MultiCtx,0.3,1,0.01431853064,0.06798133887,0.02437854476,0.1928917578,0.4633290747,0.09207015107,0.7217920787,0.6296296296,0.6160512647,94.71409821
Combined,739,scLambda-MultiCtx,0.3,1,0.006519155623,0.06394995738,0.02771470781,0.216102016,0.3487391958,0.1110914159,0.6793398016,0.5382429196,0.5558635965,603.4364286
test_seen,805,scLambda-KP,0.1,2,0.005789423606,0.009668456371,0.02687157222,0.231214512,0.3107985516,0.05879696111,0.6269041369,0.541252588,0.4713046202,711.3718363
test_unseen,108,scLambda-KP,0.1,2,0.02493579054,0.0474703741,0.0446843236,0.3406405588,0.6617453744,-0.1496582667,0.7878128855,0.2430352502,0.7894229207,48.82440826
Combined,913,scLambda-KP,0.1,2,0.008862913713,0.01581648488,0.02897866657,0.2441586665,0.3523125241,0.03413851138,0.6664037005,0.5059760573,0.5089352626,783.7204797
test_seen,629,scLambda-KP,0.3,2,0.09257004609,0.09444437054,0.02358717013,0.1948985519,0.2786164229,0.2958700041,0.6775638333,0.596361547,0.4781075033,545.1272464
test_unseen,108,scLambda-KP,0.3,2,0.1216573177,0.1428336348,0.03529694151,0.2645220247,0.7158149597,0.06759982688,0.8404813974,0.3689487721,0.8394474638,44.28510766
Combined,737,scLambda-KP,0.3,2,0.09747533999,0.1036347238,0.02530312035,0.2051011775,0.3426835084,0.2624192861,0.7295006406,0.5630364728,0.5310582709,618.2734513
test_seen,791,scLambda-KP,0.1,3,-0.04457313205,-0.07895011726,0.0351954296,0.2867382858,0.3078777742,0.2433648982,0.7143879807,0.4949344691,0.4827189691,664.5363147
test_unseen,161,scLambda-KP,0.1,3,-0.0973676023,-0.1499042816,0.02339510488,0.16768847,0.4864273889,0.2749167517,0.5319273611,0.7352900837,0.6685607174,103.1270269
Combined,952,scLambda-KP,0.1,3,-0.0524678609,-0.08886555047,0.03319978645,0.2666048611,0.3380736649,0.2487008734,0.6872498505,0.5355828451,0.5141480883,779.9283221
