Group,N,Model_Variant,TF,rs,Global_Score,Specificity_Score,Mean_MSE,Mean_WMSE,Mean_Pearson,Mean_Pearson_Pert,Mean_Pearson_TopK_DEGs,Mean_Rank_L1,Mean_Rank_Cosine,Matrix_Dist
test_seen,848,DNN_KP,0.1,1,0.0282278608554535,0.037460449258416,0.0132979870013857,0.1296587822576940,0.1858681974543990,0.2178180992306580,0.3784440061184350,0.5775257874834190,0.5339840424478810,611.0585136118650
test_unseen,106,DNN_KP,0.1,1,0.1342247338606810,0.1989706121228860,0.0248473497626002,0.2134032515578870,0.4107947787533530,0.1762248541099560,0.6154851646162570,0.3375339048486410,0.8111524678770120,55.88785410746060
Combined,954,DNN_KP,0.1,1,0.0478279230054972,0.0666698730999739,0.0145812495304095,0.1389637232910490,0.2108600398209500,0.2131966275505800,0.4347412812616680,0.5508600227462210,0.5647805341622290,665.1543824445910
test_seen,848,Ridge_Concat_KP,0.1,1,0.0209554713026298,0.0351710540091817,0.0159802114144011,0.1314119536315500,0.1983611759508260,0.1244963534183370,0.4621552102878450,0.5850937456690890,0.5470485458037180,517.6163817866590
test_unseen,106,Ridge_Concat_KP,0.1,1,0.1907149502349560,0.2672480445652300,0.0255715144965094,0.2153957312529220,0.4115638641886550,0.1806319834637410,0.6713203349885970,0.3152903442950760,0.8483438595101860,38.36022578955190
Combined,954,Ridge_Concat_KP,0.1,1,0.0483455066157826,0.070494489630579,0.0170459117568576,0.1407434844783690,0.2220503635328070,0.1307336456456040,0.5118319274042730,0.5551155899608650,0.5805258028822150,559.1424844353970
test_seen,848,KNN_KP,0.1,1,0.0256736538152586,0.0546038741557377,0.0158316302334308,0.1323750795595290,0.1932604832879730,0.1452088502337500,0.4224258275128070,0.5994525728088060,0.5435900037617060,482.2554517562130
test_unseen,106,KNN_KP,0.1,1,0.1694402042831960,0.2624077500481160,0.0265814138777917,0.2063209649615610,0.4138943306854630,0.2052361862172700,0.6260846118481640,0.4160545645330540,0.8278524619374760,48.724737668459700
Combined,954,KNN_KP,0.1,1,0.052178705522863,0.0918614620963405,0.0170260506383598,0.1405912890486430,0.2177753552210280,0.1518785542319190,0.4707947887924540,0.5790750163337230,0.5751747213367920,527.4147016938940
test_seen,848,KRR_KP,0.1,1,0.0405965363683684,0.0298724191873712,0.0145943735888744,0.1281344490934220,0.222229493171708,0.1603692547708070,0.4950074034691280,0.586557593696173,0.5498784870023170,612.6993584300140
test_unseen,106,KRR_KP,0.1,1,0.2405199102384700,0.2912347362400980,0.0237411833535685,0.2047718395104070,0.4747267122126860,0.2493486288378120,0.7115202493717210,0.3222692985408540,0.8694292106357280,44.9016532715452
Combined,954,KRR_KP,0.1,1,0.0718281147307226,0.0697025225881431,0.0156106857849515,0.1366497146953090,0.2502847397318170,0.1702558518893630,0.5464292043709940,0.5571922275678040,0.5853841229615840,654.6372815602100
test_seen,848,RIDGE_LatentReg_KP,0.1,1,0.0172970321661045,0.0122846494957418,0.0158138769810546,0.1310540313276410,0.2278358598479880,0.1397632688620090,0.4853351561516290,0.5819148567582020,0.556369904373478,640.6793295346630
test_unseen,106,RIDGE_LatentReg_KP,0.1,1,0.2520569626752540,0.3037050787403390,0.0232415738331696,0.2000411942649660,0.4798902280225490,0.260784575306586,0.712234926931846,0.3421370448830900,0.8663703498386430,43.46175287857500
Combined,954,RIDGE_LatentReg_KP,0.1,1,0.0552666182713912,0.0580821019300146,0.0166391766312896,0.1387192716540100,0.2558419007562720,0.1532100806891840,0.5392238517119300,0.5552728776609670,0.5908143983140520,677.4107359305390
test_seen,848,LLM_KNN_KP,0.1,1,0.0133337922213248,0.0741429939890928,0.0192496700227691,0.1317094177149170,0.1889615093087200,0.1233880371909630,0.4594635506062820,0.6121718406620600,0.5570220158783580,421.2167293017520
test_unseen,106,LLM_KNN_KP,0.1,1,0.2336892437903720,0.3523830104411700,0.0254985603580229,0.1843567308829600,0.4227926383131120,0.2690700243879620,0.6289280453911170,0.4604822902849000,0.8667861173256250,42.26790922918110
Combined,954,LLM_KNN_KP,0.1,1,0.0524015717705327,0.1217039944445140,0.0199439911711306,0.1375591191780330,0.2149427458647640,0.1395749246572970,0.4997113681176800,0.595317446175709,0.5914402493724990,453.36270670524700
test_seen,848,LLMRidge_Concat_KP,0.1,1,-0.0869227298778652,-0.0442157909664038,0.0167741650023018,0.143825410569523,0.1355150891511950,0.0170812291589503,0.2566160212988490,0.5587085964877550,0.5293846146231370,547.1134192847370
test_unseen,106,LLMRidge_Concat_KP,0.1,1,0.1658885044954510,0.2346948218815680,0.0241360472787593,0.2064313248671320,0.4555233977295740,0.2504709870283770,0.6032387145255740,0.3452454018095780,0.8338909897246040,57.626540945958900
Combined,954,LLMRidge_Concat_KP,0.1,1,-0.0455574624536261,0.0010571185670134,0.0175921519219082,0.1507816232692570,0.1710715678821260,0.0430134244777755,0.3389389109401960,0.5349904637457350,0.5632186563010770,621.6707817723560
test_seen,848,DNN_MultiCtx,0.1,1,0.2091478402945850,0.1994823826050420,0.0110454247035206,0.1044691230398220,0.2550189885892940,0.4344860277107540,0.6189039793231940,0.6177871765427940,0.6061184640361120,578.0854973876740
test_unseen,106,DNN_MultiCtx,0.1,1,0.2369707393502630,0.2889268446361600,0.0228688365270225,0.2001237112167100,0.474521559676296,0.2644611400389660,0.691107720842487,0.3039260329842210,0.8664198459680450,45.65630244829370
Combined,954,DNN_MultiCtx,0.1,1,0.2130020535050560,0.2133963058956550,0.0123591371283542,0.1150974106150320,0.2794081631545160,0.415594373525,0.6360523679340260,0.5829137161473970,0.6350408398063270,614.9590480734500
test_seen,848,MLP_Concat_KDP,0.1,1,-0.000284323706475,-0.0246573440412222,0.0138884833860123,0.1349356076498820,0.2078723527665030,0.0990127858565968,0.4399466581314370,0.5852150111861250,0.5350692450850340,684.8664586634030
test_unseen,106,MLP_Concat_KDP,0.1,1,0.1477516228318020,0.1888572640914370,0.0245536104688104,0.2162428163292160,0.4493386068135360,0.1972505205915610,0.6483901092292450,0.3098160723831400,0.8272090122552420,62.7296817098058
Combined,954,MLP_Concat_KDP,0.1,1,0.0250577345536361,0.0116230814622651,0.0150734975063232,0.1439697419475860,0.2347019365495070,0.1099280897160370,0.4894519777671670,0.5546151290969050,0.5675292192150570,751.3861142085080
test_seen,848,Ridge_Concat_KDP,0.1,1,0.109251401466,0.1173421352578340,0.0134760027807337,0.1186117323012600,0.2141019828271070,0.2272457540312740,0.5194708708765320,0.6236462808608370,0.5685805994971190,500.1688734453620
test_unseen,106,Ridge_Concat_KDP,0.1,1,0.0755813601185207,0.135179493848167,0.0273034747531813,0.2339842078765750,0.3499874701407160,0.0476365922477498,0.6356991249798360,0.2312756142469660,0.7846720386465780,45.53717384772280
Combined,954,Ridge_Concat_KDP,0.1,1,0.1065038136343900,0.1222254196070200,0.0150123885554501,0.1314308962540730,0.2292003703063970,0.2072891804997710,0.5470750812260670,0.5800495401259620,0.5925907594026150,555.6794807590910
test_seen,848,KNN_KDP,0.1,1,0.032393124419502,0.0634778033465981,0.0159386836254866,0.1321965455552410,0.1974057197996890,0.1336155546257280,0.430012731509726,0.6108540062167140,0.5563179334376050,471.6261789101920
test_unseen,106,KNN_KDP,0.1,1,0.1694402042831960,0.2624077500481160,0.0265814138777917,0.2063209649615610,0.4138943306854630,0.2052361862172700,0.6260846118481640,0.4160545645330540,0.8278524619374760,48.724737668459700
Combined,954,KNN_KDP,0.1,1,0.0580738760930297,0.0996108711983744,0.0171212092090761,0.1404325921559430,0.2214600098981080,0.1415734025803440,0.4765798030901050,0.5892096238074180,0.5864884366042580,518.3902930802260
test_seen,848,KRR_KDP,0.1,1,0.0694248654080126,0.0552078586457115,0.0138113129547867,0.1241873644548700,0.2312372419591660,0.2016375178592810,0.5170293064372600,0.5984416143657570,0.557254647686551,621.4052045631740
test_unseen,106,KRR_KDP,0.1,1,0.2068496373556260,0.2535019866711550,0.0246192614256008,0.213836029591771,0.4492071174781180,0.1826561459785830,0.710412920275264,0.2760300144528700,0.8626185432299200,44.96763332997300
Combined,954,KRR_KDP,0.1,1,0.0900103538373953,0.0837027322311535,0.0150121961182105,0.1341483272478590,0.2554561170168270,0.199528476539203,0.5629579147237860,0.5626181032643250,0.591183969413592,667.7318421440450
test_seen,848,RIDGE_LatentReg_KDP,0.1,1,0.0767396165533773,0.1209604764039130,0.0168767055477468,0.1183275767466880,0.209696498697671,0.2002071331690800,0.5051890323324340,0.6169519293591240,0.5813765863509470,458.60953770443700
test_unseen,106,RIDGE_LatentReg_KDP,0.1,1,0.2236705333495220,0.3266197911990850,0.026107759526739,0.205920715894663,0.370712538325515,0.1793568121254920,0.6949769907092810,0.2886317289987920,0.8913955928646380,29.115465039715200
Combined,954,RIDGE_LatentReg_KDP,0.1,1,0.0998798559916194,0.149484927751183,0.0179023782120793,0.1280601477631300,0.2275871697674310,0.1978904308309040,0.5502636724469350,0.5804719070968650,0.6158231426302460,483.0862396348660
test_seen,848,BalancedKRR_lambda0.5_KDP,0.1,1,0.1232211149647660,0.1112862704590400,0.0127760265500061,0.1170144173349070,0.2436240987932970,0.2730246252906550,0.5535536418172090,0.6210588706963120,0.5755199568393750,601.3922149621150
test_unseen,106,BalancedKRR_lambda0.5_KDP,0.1,1,0.1030012193884320,0.1682689414613970,0.027383246496806,0.2346835921976990,0.3519830825865060,-0.0028661959242369,0.657498611498299,0.2037161693955530,0.8379001762062210,42.721692411646400
Combined,954,BalancedKRR_lambda0.5_KDP,0.1,1,0.1199100931982230,0.1179307416908210,0.0143990509885394,0.1300887700974390,0.255663985881431,0.2423700896001120,0.5782405721164680,0.5746874594406720,0.6046733145468020,644.1308084119650
test_seen,842,DNN_KP,0.1,2,0.0935872553803386,0.0747471470373963,0.014005821013509,0.1292251703830970,0.2301041037147740,0.3975564161821960,0.5783579183276740,0.5861426830092430,0.5821692542969350,640.0829574316930
test_unseen,108,DNN_KP,0.1,2,0.1488103698088580,0.1585148845865180,0.0182148598143141,0.1674435878340460,0.3472482127146110,0.3683016524030900,0.5469894812831400,0.4437126800140500,0.7106018030675560,73.24808843879610
Combined,950,DNN_KP,0.1,2,0.100421328604303,0.0857855342348184,0.0144843222666531,0.1335700009985740,0.2434215392642290,0.3942306114578350,0.5720683078542780,0.569950640563474,0.5967700072098050,720.8206463489330
test_seen,842,Ridge_Concat_KP,0.1,2,0.043710817135409,0.0474680109488189,0.0162334417948618,0.1401391448678970,0.2099555356292120,0.2792184491756250,0.526643032004081,0.6008775332954550,0.5761296426542250,503.235863682104
test_unseen,108,Ridge_Concat_KP,0.1,2,0.1429551404105160,0.1813333897168740,0.0205330370011291,0.1627596537816500,0.3299614246934650,0.2779943336578880,0.533731936111669,0.4706611247707140,0.7228173906256100,58.00943362604000
Combined,950,Ridge_Concat_KP,0.1,2,0.0571279940669796,0.0651737947095232,0.0167222378814691,0.1427107395654600,0.22359831038599,0.2790792865693980,0.5280644112540800,0.586073983694748,0.5928057234762350,568.0291132140980
test_seen,842,KNN_KP,0.1,2,-0.068982309273214,-0.0602297714087227,0.0196744608239867,0.1593994019697700,0.1911426159503340,0.1733968309785000,0.4609963714589390,0.5876519601831160,0.5240145271056670,548.4931326382590
test_unseen,108,KNN_KP,0.1,2,0.0971355326075025,0.12080140148383,0.0207278333708579,0.1834989796453590,0.3266572969787560,0.248764692844403,0.5066721926413120,0.4603090972953990,0.6893513640088980,63.063646974763700
Combined,950,KNN_KP,0.1,2,-0.0454678604730359,-0.0356557406261235,0.0197942126503679,0.1621391434318370,0.206548495477776,0.1819649668537820,0.4701547213914450,0.5731750873495650,0.542810714879929,618.1819649324930
test_seen,842,KRR_KP,0.1,2,0.0550275042065579,0.0355828687235795,0.0151463234782428,0.1383693350665170,0.2252491737095370,0.3007013746354270,0.5596944473504710,0.5994483504326340,0.575686620996223,594.2632600617740
test_unseen,108,KRR_KP,0.1,2,0.1723066567401410,0.1834169262613230,0.0189452697965066,0.1645528457297610,0.3656883865561950,0.3491521542756040,0.5872994907526650,0.4668364360145180,0.7316083206494170,68.26897519303750
Combined,950,KRR_KP,0.1,2,0.071126886000288,0.0552264774590584,0.0155782036912665,0.1413459868050750,0.2412148947489460,0.3062094632682050,0.5652294687432960,0.5843724696356280,0.5934124563252180,669.8997723852570
test_seen,842,RIDGE_LatentReg_KP,0.1,2,0.0522065958330711,0.0343411422609216,0.0153284888717636,0.1385459014002550,0.2268823589780880,0.3174782482551330,0.556034885895962,0.5899884614133140,0.574050944987723,609.065020543186
test_unseen,108,RIDGE_LatentReg_KP,0.1,2,0.1812880072259520,0.186085785245458,0.0188166129206583,0.1654002238576170,0.3804484029042450,0.3761078296832630,0.6048603828808060,0.4733735315927100,0.7335401787456580,72.0285808105742
Combined,950,RIDGE_LatentReg_KP,0.1,2,0.0703958064826576,0.0548204028842665,0.01572503350048,0.1415988138480390,0.2443403934454830,0.3241435059332780,0.5658247698091670,0.576731185181077,0.592182352614941,688.109044923885
test_seen,842,LLM_KNN_KP,0.1,2,0.0400640882448227,0.0717290484306549,0.0187344839072984,0.1369927778244280,0.2239529808801300,0.2624882128896360,0.5200452564197790,0.6326737233091970,0.5996310655797200,483.9521848933240
test_unseen,108,LLM_KNN_KP,0.1,2,0.2009109693833630,0.2571493926252400,0.0208661429281815,0.1512339975939600,0.3639026471451590,0.3168478860700930,0.563689566240519,0.5433594817156460,0.7649670218163370,53.9437233119764
Combined,950,LLM_KNN_KP,0.1,2,0.062278137938957,0.0962068940272797,0.0189768198801988,0.1386117796508590,0.2398630482028920,0.2686680494196250,0.5287962728559170,0.6225201042648770,0.6184271532360930,544.5609393532570
test_seen,842,LLMRidge_Concat_KP,0.1,2,-0.0597293874416993,-0.0872258305290293,0.0172051215979033,0.151506812129558,0.1869362091969540,0.1704437568985210,0.4926688571770990,0.5426865133694930,0.5276725844682110,619.2799678183690
test_unseen,108,LLMRidge_Concat_KP,0.1,2,-0.01200204485442,0.0118075071779667,0.0213235395365498,0.1928824844010950,0.2522569407398500,0.1325965273885110,0.398757742175573,0.3831030714592360,0.6396206533192830,69.5585589571379
Combined,950,LLMRidge_Concat_KP,0.1,2,-0.0541461151986139,-0.0734277623443847,0.0176733206898758,0.1562105727667430,0.1943621449934100,0.1661411244910680,0.4738389635600410,0.5245443957628530,0.5403993122954910,696.4152263180680
test_seen,842,DNN_MultiCtx,0.1,2,0.2549165307997910,0.2318593415792840,0.0112379854572649,0.1042184597526240,0.2803247732385560,0.5711815903722530,0.7190961140547950,0.6311519313992230,0.6304686268080670,592.5095054739740
test_unseen,108,DNN_MultiCtx,0.1,2,0.2220368273276700,0.2245290523059390,0.0166522573498595,0.1513929315946020,0.3731897662704190,0.4648306439652410,0.6253209886483000,0.4305214065488040,0.7323888693751710,67.5451488964865
Combined,950,DNN_MultiCtx,0.1,2,0.2482442416689180,0.2298168745396550,0.0118535026829493,0.1095814523409750,0.2908820566569150,0.5590911669912460,0.7002934873869960,0.6083434085741220,0.6420553491209580,667.4886991199560
test_seen,842,MLP_Concat_KDP,0.1,2,0.1182098059806290,0.1014081866199710,0.0133877563884265,0.1266260756290050,0.2466528552386800,0.4297835269752320,0.5810227802082420,0.6104550608341320,0.5861376771148030,650.5932102802660
test_unseen,108,MLP_Concat_KDP,0.1,2,0.1548452267461410,0.1600116409452040,0.0179854819154435,0.1627932448435080,0.3607465419573360,0.3907740461932400,0.5532055696991240,0.4337216563243960,0.7071966592514540,75.83809701058130
Combined,950,MLP_Concat_KDP,0.1,2,0.1225316279457580,0.1089653937394230,0.0139104451851821,0.1307377117081270,0.2596235059393270,0.4253487649494900,0.5754452176949930,0.5903632632688150,0.5999001719261270,734.0709508932220
test_seen,842,Ridge_Concat_KDP,0.1,2,0.1559056601277360,0.159844813122924,0.0135694601071994,0.1224613795879380,0.2401656013229890,0.4163944049910700,0.5957939846396800,0.642696775453096,0.6071011115588610,501.81028217220400
test_unseen,108,Ridge_Concat_KDP,0.1,2,0.1378397891709500,0.1632408646900320,0.0189982616704785,0.1601473743751500,0.3214792972344350,0.3298059296383160,0.5261109072384960,0.4113296647543220,0.7092163290793430,63.757729630288400
Combined,950,Ridge_Concat_KDP,0.1,2,0.1522611007629280,0.1599335195592060,0.0141866291270248,0.1267456821532210,0.2494096846476590,0.4065506625299150,0.581821997038935,0.6163939881315510,0.6187099994454000,572.2938321983820
test_seen,842,KNN_KDP,0.1,2,-0.0452437746974252,-0.0381057056148544,0.0193265639035468,0.1550913611555530,0.2010197609190530,0.1844329342014490,0.4846006656275570,0.6003419025903000,0.5403938137156500,548.2424294504850
test_unseen,108,KNN_KDP,0.1,2,0.0971355326075025,0.12080140148383,0.0207278333708579,0.1834989796453590,0.3266572969787560,0.248764692844403,0.5066721926413120,0.4603090972953990,0.6893513640088980,63.063646974763700
Combined,950,KNN_KDP,0.1,2,-0.0253336411831161,-0.0165424140400231,0.0194858661166727,0.1583208588365000,0.2153027650184720,0.1917464393945420,0.4890261748511270,0.5844223836725640,0.557327935222672,618.507586131826
test_seen,842,KRR_KDP,0.1,2,0.1059800581375800,0.089282378271333,0.0141075667059022,0.1316294377721400,0.2411978482280200,0.3667179076439200,0.5882773775554360,0.6224679560182120,0.5901774339284510,590.7007251361430
test_unseen,108,KRR_KDP,0.1,2,0.1827960181881420,0.1970376256717280,0.0184084463133446,0.1607103764887830,0.3623945782954940,0.3701705233925680,0.5840500776581620,0.4520060102251880,0.7381746868048240,66.24795609540380
Combined,950,KRR_KDP,0.1,2,0.1157325963611370,0.1028885930098770,0.014596508808643,0.134935481331506,0.2549760028041120,0.3671104155395560,0.5874297717384700,0.603089124285952,0.6070023847817650,664.6196306463940
test_seen,842,RIDGE_LatentReg_KDP,0.1,2,0.0915885053072174,0.0784832338198877,0.0146835241004177,0.1328409545733090,0.2413565034674380,0.3643806671260780,0.5750062932533580,0.6127790473282290,0.5904302315977060,607.7498641455980
test_unseen,108,RIDGE_LatentReg_KDP,0.1,2,0.1927224264057800,0.201591210642617,0.0186538146895901,0.159275611368005,0.3838486013095890,0.3940652232032070,0.6056356464757030,0.4730613121024080,0.7393747804706710,71.62245426735780
Combined,950,RIDGE_LatentReg_KDP,0.1,2,0.1055573277901460,0.0948475629007899,0.0151348834516078,0.1358461576615480,0.2575556051168620,0.3677553324485310,0.5811477117928630,0.5968953469025570,0.6073628750485280,686.4659567180460
test_seen,842,BalancedKRR_lambda0.5_KDP,0.1,2,0.1963360877018160,0.187630142096827,0.0127127220935516,0.1166764094891720,0.2685272203612790,0.4569976042282730,0.6458157802780780,0.6648979172976180,0.6186935116099210,546.7827864499190
test_unseen,108,BalancedKRR_lambda0.5_KDP,0.1,2,0.1910491725683960,0.2336416033500300,0.0171488812718438,0.1509245625719380,0.3195325149405480,0.4329035053709930,0.5184842980544640,0.3487199000897630,0.7642255005268700,54.39213452910620
Combined,950,BalancedKRR_lambda0.5_KDP,0.1,2,0.1927432154552700,0.1921537181111840,0.0132170433475049,0.1205698837343710,0.2743257170081860,0.4542584856213400,0.6202848485631910,0.6289534690255670,0.6352382008762690,604.4111655620110
test_seen,793,DNN_KP,0.1,3,0.1579613128238720,0.1251703619780380,0.0152978138216568,0.1288456368965200,0.286550062450329,0.4375247845305250,0.613877719326703,0.5168863441789320,0.6188170627301590,595.1032131681020
test_unseen,161,DNN_KP,0.1,3,0.0243616753419486,-0.036692005151962,0.0094994829522202,0.0741357656093672,0.0992279830909339,0.4937887015361080,0.2171217715367670,0.6735969445947090,0.468777903058664,132.54479969420100
Combined,954,DNN_KP,0.1,3,0.1423387296387420,0.1046017056304860,0.0143192695135024,0.119612629268395,0.25493700712867,0.4470200577358700,0.5985441561270920,0.5433333113350540,0.5934959886136900,733.1541076410970
test_seen,793,Ridge_Concat_KP,0.1,3,0.1007643504404720,0.0801253562636073,0.018288742556515,0.1356674455802950,0.2630713627172820,0.2475674829681830,0.5847140467999480,0.5299598136368990,0.6164154081688010,476.933100439212
test_unseen,161,Ridge_Concat_KP,0.1,3,-0.1810200485502360,-0.2520635680425870,0.0136221626380122,0.0887863234173853,0.0898090690780743,0.1810646904629520,0.0065241905977018,0.6529038733518870,0.466979072298658,104.36536823062000
Combined,954,Ridge_Concat_KP,0.1,3,0.0707592966030337,0.0418343697395107,0.0175011960503526,0.1277556419448360,0.233831080457416,0.2363442653650990,0.5623685451109720,0.5507082346160530,0.5911960684674460,586.0280773100110
test_seen,793,KNN_KP,0.1,3,0.1666476401626510,0.1764601917475230,0.0183020865612566,0.1272813145066080,0.2742034399091210,0.2955365456431260,0.6031209955799400,0.5841750151178530,0.6603584089005450,369.3336165640560
test_unseen,161,KNN_KP,0.1,3,-0.1026300936447400,-0.1669326073777210,0.0141893937559922,0.0851925280302644,0.0942961091977195,0.2236543296337520,0.2155607615109700,0.6655999687159870,0.5002965463752910,81.64751869839220
Combined,954,KNN_KP,0.1,3,0.1359763672553940,0.1361062659185400,0.0176080157628838,0.1201782803109140,0.2438417205752260,0.2834054798386090,0.5881428222825890,0.5979165429263430,0.6333458723527820,455.4279387949500
test_seen,793,KRR_KP,0.1,3,0.1411721548850530,0.1023432355234580,0.0165002434548524,0.1297586889563730,0.2924608712783030,0.3229893054097930,0.6331705974344090,0.5325308410819220,0.6269376985665500,548.2913478052740
test_unseen,161,KRR_KP,0.1,3,-0.1469052861341770,-0.2257177390674610,0.011930790217132,0.0856336759957747,0.0972218727269846,0.2472682414126640,0.0100506640851794,0.6508704124927490,0.4630033956189350,121.16665771765000
Combined,954,KRR_KP,0.1,3,0.1102616369613300,0.0637336275755573,0.0157290883486962,0.1223120148613450,0.2595117321097890,0.3102103837079720,0.6090886676431340,0.5525021943284040,0.5992716369579900,674.8538666264160
test_seen,793,RIDGE_LatentReg_KP,0.1,3,0.1281583607745270,0.0858728241653724,0.0166054427277198,0.132653185709042,0.2972805029542410,0.3217052818014780,0.6200289393805000,0.5283547409190330,0.62198354171932,581.1552458051940
test_unseen,161,RIDGE_LatentReg_KP,0.1,3,-0.1608050500502510,-0.2486312958057220,0.0119612087627358,0.0875785501796481,0.1000740675240460,0.2357701931209250,0.0122502325418798,0.6480809213141890,0.4659753768745970,129.4206509579170
Combined,954,RIDGE_LatentReg_KP,0.1,3,0.0971358026536504,0.0468420164205007,0.0158216673940066,0.1250462503628870,0.2639993330336310,0.3072026096027680,0.5965399072321480,0.5485601025999770,0.595655119769634,715.7029954905080
test_seen,793,LLM_KNN_KP,0.1,3,0.1602763429915000,0.1851531082154080,0.0202870574607005,0.1272594523593910,0.28323759391965,0.2837844601044670,0.6000253665392100,0.6184214182597200,0.6613547978177360,371.3462031912930
test_unseen,161,LLM_KNN_KP,0.1,3,-0.1886988748992550,-0.2211773479478820,0.0165992989823151,0.1007178746440560,0.0901118814273809,0.1999626522031410,0.0158727418153057,0.6570490051032050,0.5016000469260200,84.22341815613640
Combined,954,LLM_KNN_KP,0.1,3,0.1218304539532200,0.1375050172799090,0.0196646998977864,0.1227802133529250,0.2506450994634070,0.2696384317269890,0.5774494196899770,0.62494032966622,0.634394090382132,459.6578963971530
test_seen,793,LLMRidge_Concat_KP,0.1,3,0.0486427495830318,0.0251210546572496,0.0179245718590407,0.1402351937224820,0.2438981315627860,0.2824012110673670,0.5059349367011280,0.5057381680470120,0.5588921425537460,588.003119952279
test_unseen,161,LLMRidge_Concat_KP,0.1,3,-0.1512702977513770,-0.2010039165898600,0.0120158070114134,0.0835227669131785,0.0911468122001182,0.2751632689138390,-0.1166224261032770,0.6510659375753590,0.4574700357810900,118.4415065793080
Combined,954,LLMRidge_Concat_KP,0.1,3,0.0291838258682167,0.0002891077665857,0.0169273903700806,0.1306642286110590,0.2181193449617490,0.2811797134921910,0.4818747487666590,0.5302641333447730,0.5417758331298490,712.614898501683
test_seen,793,DNN_MultiCtx,0.1,3,0.3427274350225110,0.3225880284375760,0.0122998206148659,0.0940945746746343,0.3583293247711770,0.5505176594743520,0.7568348636909220,0.6299811175699230,0.6994570805143110,464.65913242395100
test_unseen,161,DNN_MultiCtx,0.1,3,0.0497246295402343,0.0339022364724461,0.0091501366627628,0.0698221858892341,0.1231808372316250,0.5268959990114800,0.0398593409918248,0.6926997451656420,0.5138659871083800,122.96789365727500
Combined,954,DNN_MultiCtx,0.1,3,0.309841660397762,0.2850302862457960,0.0117682701785047,0.0899982910326538,0.3186449364128250,0.5465311947631120,0.7291256647460290,0.6405657077616530,0.6681361517529330,592.2640609210870
test_seen,793,MLP_Concat_KDP,0.1,3,0.1597575138673590,0.1161698805116800,0.0156669485533062,0.1273115636067820,0.3030822541240490,0.3847217491680670,0.6468404552029990,0.5432238275889900,0.6262813786423440,610.2571562613790
test_unseen,161,MLP_Concat_KDP,0.1,3,-0.1295464119528370,-0.2197096635334500,0.0116878920639662,0.0861251001031522,0.0962271659727945,0.2848438495834600,0.0897702589863911,0.6517307228562300,0.4680674952585170,136.94287189209100
Combined,954,MLP_Concat_KDP,0.1,3,0.1280443089053190,0.0766350457563014,0.0149954306342457,0.1203608082356250,0.2681727476331140,0.3678660449404760,0.6253111722574300,0.5615357879013860,0.59958071278826,752.6306706590590
test_seen,793,Ridge_Concat_KDP,0.1,3,0.2388096709653260,0.2248031851826390,0.0150871693610576,0.1122941248911750,0.3032428834107360,0.384374132983477,0.6814486374423360,0.5873825141022780,0.6779493707400410,415.49670627346500
test_unseen,161,Ridge_Concat_KDP,0.1,3,-0.1019782944496000,-0.1525736146623030,0.0113321857162467,0.0795474982191753,0.0885103654967543,0.3148639983342450,-0.0268014788161963,0.6601317839056790,0.449323157339034,109.4542916508640
Combined,954,Ridge_Concat_KDP,0.1,3,0.200372639834842,0.1771019114563850,0.0144534666704763,0.1067677025702190,0.2670039574315420,0.3726433869892150,0.6540766522729240,0.5996599065953040,0.6393657016021350,529.8285791080530
test_seen,793,KNN_KDP,0.1,3,0.195258984390128,0.1994793213473410,0.0181129394470626,0.1229250440789990,0.2965914592087170,0.3002623354333580,0.6468404762889920,0.5994013727142930,0.6851953544193750,370.1496336917650
test_unseen,161,KNN_KDP,0.1,3,-0.1026300936447400,-0.1669326073777210,0.0141893937559922,0.0851925280302644,0.0942961091977195,0.2236543296337520,0.2155607615109700,0.6655999687159870,0.5002965463752910,81.64751869839220
Combined,954,KNN_KDP,0.1,3,0.1611662377144590,0.1558405580274280,0.0174507897025528,0.1165571875969800,0.2624514682739470,0.2873337306810130,0.6301726612251070,0.6105732531716020,0.6539912578836330,455.87960253224500
test_seen,793,KRR_KDP,0.1,3,0.1992246441845220,0.1649687594673510,0.0152846532769393,0.1212856023569620,0.3101358646482640,0.3911721885834390,0.6719409141837380,0.5540015005378910,0.6552613436827220,524.6037408239070
test_unseen,161,KRR_KDP,0.1,3,-0.0216608223287029,-0.0528783287291819,0.0100004756931665,0.0725948394683506,0.0928865470164269,0.4236811808290100,0.0060754003446161,0.6700970456160020,0.4628143880390790,108.03234565616400
Combined,954,KRR_KDP,0.1,3,0.1756135642399370,0.1378704969253040,0.01439287907255,0.1130683981378150,0.2734721957397470,0.3966585069812770,0.6462069812817430,0.5735941449378660,0.6227833983382500,636.6621032367910
test_seen,793,RIDGE_LatentReg_KDP,0.1,3,0.2278965057025320,0.2368112593003580,0.0167129395143362,0.1145932227572660,0.2954075103625970,0.3265587360780820,0.6496867555842650,0.6182427827964790,0.6980584309984140,353.2372149012580
test_unseen,161,RIDGE_LatentReg_KDP,0.1,3,-0.0910408773255492,-0.0863734006610568,0.0125937667386616,0.0753367877567981,0.0709594334510691,0.3119326969612880,-0.1382988637876530,0.6714787561997750,0.4725906421695460,75.25725217833530
Combined,954,RIDGE_LatentReg_KDP,0.1,3,0.1935127880730290,0.1971110351788780,0.0160177751360515,0.1079681849846500,0.2575289565022660,0.3240904003361490,0.6192332050771380,0.6272270508446240,0.6600077873910260,430.01313439188500
test_seen,793,BalancedKRR_lambda0.5_KDP,0.1,3,0.3023673301017220,0.2820960857900930,0.0135462763811139,0.104393921812335,0.3421007698144510,0.4677703425548880,0.7358127512797210,0.6120434706091730,0.7078397150301230,437.8582733779070
test_unseen,161,BalancedKRR_lambda0.5_KDP,0.1,3,0.180353384520701,0.2370361315613130,0.0067621255764941,0.0476233945274755,0.0693897330467868,0.6690333959989340,-0.0411934280988752,0.70338844968162,0.4783912196202900,69.60275117081680
Combined,954,BalancedKRR_lambda0.5_KDP,0.1,3,0.2920796202058010,0.2769788446234410,0.0124013620419694,0.094813151484387,0.2960772091020890,0.5017361199180860,0.70578352695591,0.6274591326958230,0.6691172750290930,494.3030919824910
test_seen,624,DNN_KP,0.3,1,0.1296211049950490,0.1747986606844970,0.0128059856487641,0.1279506496613820,0.2204965096934760,0.2271073493961250,0.4865478637219650,0.599596391263058,0.5912604199641240,382.4491156825170
test_unseen,106,DNN_KP,0.3,1,0.2712202226645230,0.3332573178684670,0.025159463312758,0.2067946366013110,0.4333174192535530,0.2655002728168090,0.6579628804012350,0.2975903926288270,0.8461578279887150,41.86724750673910
Combined,730,DNN_KP,0.3,1,0.1559691033998110,0.2022775631254780,0.0145997782958645,0.1393992285869060,0.2513992719035690,0.2326822122489920,0.5333421929878580,0.5557434654339780,0.6282729203074210,418.6766183295870
test_seen,624,Ridge_Concat_KP,0.3,1,0.1253322371858770,0.229021034838235,0.0151121349694081,0.1278654612250290,0.165356119569482,0.1366810188418900,0.4487799722185960,0.6037401955611830,0.6042040378460130,179.98691443108700
test_unseen,106,Ridge_Concat_KP,0.3,1,0.2654508996491150,0.3823228244678160,0.0267181037793392,0.1957308856618750,0.3413028848414610,0.228692283945167,0.6136962329380610,0.3100007764578000,0.848603670057199,25.561654810979900
Combined,730,Ridge_Concat_KP,0.3,1,0.1530092856440550,0.2557945682151290,0.0167973852349598,0.1377198927185980,0.1909045539788380,0.1500415587062010,0.4938002158058060,0.5610876223763080,0.6396922036191440,201.42840495583900
test_seen,624,KNN_KP,0.3,1,0.1130422010751100,0.1637253937793550,0.0138255894195338,0.1306787079974750,0.2181205991937360,0.1655905305448560,0.4865622625117190,0.6062660476240720,0.5715548169251870,347.7249619944960
test_unseen,106,KNN_KP,0.3,1,0.3001183167095020,0.3759206610693440,0.0252198615807921,0.1898821339640100,0.4427045670003510,0.329632341826207,0.6605547544110300,0.406514480937961,0.8393897041695780,44.615533412003300
Combined,730,KNN_KP,0.3,1,0.1503412634375340,0.204325444055043,0.0154801001717165,0.1392753698501500,0.2507314219163400,0.1894103004021480,0.5340602128865310,0.5772610256121170,0.6104459101414960,384.31860308789800
test_seen,624,KRR_KP,0.3,1,0.12399022345772,0.1719916319694550,0.0134045941051026,0.1301608119183000,0.2188641901113560,0.1709281440809580,0.4945900136741270,0.5942237346558330,0.5862768632830360,329.93141672501700
test_unseen,106,KRR_KP,0.3,1,0.3240644557423630,0.3859425664600740,0.0246591578132837,0.1985666430746280,0.4575531935233570,0.3192397896450120,0.7075352606659890,0.3119807438465720,0.8733467919351920,34.517940644063000
Combined,730,KRR_KP,0.3,1,0.1609946739190340,0.2080144158278770,0.0150388184243727,0.1400937134286710,0.2535231412917290,0.1924638076834100,0.5527216184563880,0.5532405058533930,0.6279609899092400,361.1078698066580
test_seen,624,RIDGE_LatentReg_KP,0.3,1,0.1114237877199600,0.1607407479565910,0.0133646939147181,0.1309877887295370,0.2253716817604380,0.1815582687539130,0.464275274284724,0.5939049804790550,0.5855030600400970,365.92080651549300
test_unseen,106,RIDGE_LatentReg_KP,0.3,1,0.3400171668862280,0.3944286517924770,0.0237781241616825,0.1921345623154010,0.4759029120274850,0.3519507729562590,0.7195569438926640,0.335662706731889,0.8752361725806870,38.27289069409370
Combined,730,RIDGE_LatentReg_KP,0.3,1,0.1551853657809580,0.201651244570242,0.0148767810464691,0.1398666353050180,0.2617501891690780,0.2063001940216510,0.5339642358156270,0.5564067873048090,0.6275738955596900,398.53233289279800
test_seen,624,LLMRidge_Concat_KP,0.3,1,0.017411452882098,0.0376307535594973,0.0136061025677451,0.1399620342791530,0.197281132598292,0.0988021307532436,0.4181471332270840,0.5668944110302130,0.5032293095564700,505.95756705167500
test_unseen,106,LLMRidge_Concat_KP,0.3,1,0.1252981238363750,0.1613526611400990,0.0269141727838805,0.229443023098305,0.411194799577747,0.2495616139186120,0.55727261407791,0.2344773144912910,0.7254833449802000,69.88907267573430
Combined,730,LLMRidge_Concat_KP,0.3,1,0.0361903680726611,0.0575989783777378,0.0155385072840607,0.1529551641624820,0.228342569173391,0.120693233788215,0.4561267903559020,0.5186256271492190,0.5355018133303270,591.9957748807900
test_seen,624,DNN_MultiCtx,0.3,1,0.2368837789635090,0.2362620660839190,0.0111996221321766,0.11105886031121,0.2860482543274440,0.3352202312272410,0.6798156984960260,0.6352792726249520,0.6204165347683870,425.3645155566580
test_unseen,106,DNN_MultiCtx,0.3,1,0.3173383293833840,0.3449199919056730,0.0238955988513551,0.1990305394923010,0.4991156076485260,0.310805788077569,0.7358995422720910,0.2744519502031730,0.8655692729766800,44.50717713776970
Combined,730,DNN_MultiCtx,0.3,1,0.2485550900816950,0.252786937329322,0.013043147518797,0.1238328301649030,0.3169868015220120,0.3316751203041380,0.6951259432050090,0.5828851682732960,0.656014055658906,464.57570937148900
test_seen,624,MLP_Concat_KDP,0.3,1,0.1698337902006080,0.2006834023363010,0.0118652492189236,0.1215711924922830,0.2437073052246770,0.2741470375274540,0.5385972993234870,0.6158506559741130,0.5974354577749640,393.1901681958660
test_unseen,106,MLP_Concat_KDP,0.3,1,0.2525569567739040,0.3049604042135790,0.0258423449726388,0.2148859879676390,0.4371984956680600,0.2067058737426610,0.6630025081238460,0.2934363434014030,0.8346662525558400,43.57938019040360
Combined,730,MLP_Concat_KDP,0.3,1,0.1827432416219610,0.2161479966492570,0.0138948001091891,0.1351210121092520,0.2718032863027570,0.2643542110052790,0.5725584913810570,0.5690343311347880,0.6318826690719130,437.3359981906750
test_seen,624,Ridge_Concat_KDP,0.3,1,0.2389597181165050,0.3196196236681160,0.0130140178483158,0.1127432858644590,0.2123600272933780,0.2101217795290390,0.5830239685833930,0.6580668988076400,0.6578668530829020,158.3880966851010
test_unseen,106,Ridge_Concat_KDP,0.3,1,0.1551887245391800,0.2776283451242310,0.0286653266850648,0.2203849619662970,0.2630453191978750,0.1045297091056300,0.5337578615663870,0.2418018997334160,0.7661956156016250,26.559189010983100
Combined,730,Ridge_Concat_KDP,0.3,1,0.2214887754253190,0.3102197886304540,0.0152866736520081,0.1283734470518490,0.2197198094055380,0.1947892323168730,0.5695748876448420,0.5976229400379580,0.6735967829828810,186.88436926370800
test_seen,624,KNN_KDP,0.3,1,0.1205577765587320,0.172682523356714,0.0139010633008049,0.1292259047766220,0.2257916835277140,0.1658521189308700,0.4927735491346130,0.6204978720410820,0.5760723330167780,351.4693989478300
test_unseen,106,KNN_KDP,0.3,1,0.3001183167095020,0.3759206610693440,0.0252198615807921,0.1898821339640100,0.4427045670003510,0.329632341826207,0.6605547544110300,0.406514480937961,0.8393897041695780,44.615533412003300
Combined,730,KNN_KDP,0.3,1,0.1563005652139940,0.2112946010462880,0.0155446148318715,0.1380335216175310,0.2572886227716860,0.1896339047211520,0.5385758896554740,0.5894263111411770,0.6143074581430750,388.2329412661400
test_seen,624,KRR_KDP,0.3,1,0.1723185214779910,0.2101930929705110,0.012643814231705,0.1251033568078050,0.2431376602064720,0.2237136348207550,0.5549468708446840,0.6108561077696880,0.6072860609897650,320.33457737550300
test_unseen,106,KRR_KDP,0.3,1,0.2854585207325920,0.36881048728658,0.0261313073578868,0.2093377778687920,0.3904688606794500,0.2229933568248270,0.6758942866731780,0.2815953619587440,0.877449077309315,28.976630223197900
Combined,730,KRR_KDP,0.3,1,0.1912673039405610,0.2347874810391670,0.0146022721376985,0.1373346563043320,0.2645309578093970,0.2236090465090180,0.5879641251656810,0.5630456433094690,0.6465152113046580,344.14562456872800
test_seen,624,RIDGE_LatentReg_KDP,0.3,1,0.1569222426543860,0.2028085520329410,0.0126792833643268,0.1265395680521580,0.2455618877531590,0.2314206476856210,0.5074027397337940,0.6110077907917410,0.6102713587281490,345.3093318157640
test_unseen,106,RIDGE_LatentReg_KDP,0.3,1,0.3026993768539680,0.3732554036842750,0.0250284201071355,0.1999633154746840,0.4192275236930210,0.2751319318642080,0.6909693885430950,0.3096384294846910,0.8796490410746180,37.08832504054680
Combined,730,RIDGE_LatentReg_KDP,0.3,1,0.1844742962802410,0.2321829260839190,0.0144724456858853,0.137201098499812,0.2707790896841520,0.2377677656622370,0.5575143248972520,0.5672473081909920,0.6493864742469510,374.42305933959500
test_seen,624,BalancedKRR_lambda0.5_KDP,0.3,1,0.2379663402196840,0.2656196040773370,0.0117983273170693,0.117551276245342,0.2740297627556670,0.2863626166328330,0.6361719846546150,0.6345516337800290,0.6498628257887520,310.9462238646870
test_unseen,106,BalancedKRR_lambda0.5_KDP,0.3,1,0.1885714058606520,0.3017074996770210,0.0284493305668471,0.2337203914656760,0.2812653320129140,0.0181479505885625,0.5866066845376730,0.2376090276160160,0.8638351838910890,26.25158978413150
Combined,730,BalancedKRR_lambda0.5_KDP,0.3,1,0.2248390873747130,0.2678088163638400,0.014216144227311,0.1344196683184320,0.2750804070587740,0.247416377453802,0.6226412274387830,0.5769133923370350,0.6809327846364880,328.39356750837500
test_seen,554,DNN_KP,0.3,2,0.1788134394900050,0.2714397283274770,0.0137256402833326,0.1687949318151170,0.2449785175438870,0.2087949726517270,0.5569010585024780,0.6061049607585050,0.6729083491264190,206.767891485608
test_unseen,108,DNN_KP,0.3,2,0.1650456654799250,0.2536451757015380,0.0170755883445963,0.1689731981586890,0.2917696230492930,0.1381830949096620,0.5091678895250760,0.4365999887936350,0.706491287051045,40.90517714515190
Combined,662,DNN_KP,0.3,2,0.1764647270201210,0.2688049524099390,0.0142721574897019,0.1688240145418630,0.2526121117955240,0.1972752101197890,0.5460961291351010,0.5784515816464120,0.6783871365824010,249.78499604387700
test_seen,554,Ridge_Concat_KP,0.3,2,0.1881506698747940,0.3164434757992340,0.0157268699443485,0.1611994014886760,0.212883393847608,0.1619778284539970,0.5688423403211080,0.6185273379683990,0.7001671245296210,132.5079187346260
test_unseen,108,Ridge_Concat_KP,0.3,2,0.2051537200515330,0.3378894048660460,0.0184327588002714,0.1533163522896820,0.2491267712666070,0.1618465184138620,0.5266369592598820,0.4778674286995010,0.7502381352608280,26.670389441559700
Combined,662,Ridge_Concat_KP,0.3,2,0.191599935755008,0.3210278304901040,0.0161683140477317,0.1599133451238860,0.2187962107075050,0.1619564062722230,0.5592886867284520,0.5955797999003620,0.7083358090597880,158.52006868404400
test_seen,554,KNN_KP,0.3,2,0.1477895111667080,0.2430659636586230,0.0159015636956107,0.1716108083460240,0.2569032137413110,0.1753019582105700,0.5670432376814530,0.6299147446435500,0.6278803038826410,231.30910831070500
test_unseen,108,KNN_KP,0.3,2,0.2470685786773710,0.3209817768068450,0.0165030170458175,0.1587277573918570,0.3643533725972250,0.2418266053711560,0.6006592989266620,0.4689863842662630,0.7636017257802430,39.945368885527100
Combined,662,KNN_KP,0.3,2,0.1662347602708610,0.2564076069752830,0.015999685994436,0.1695090417251020,0.2744328469081370,0.1861549217956810,0.5746526039805120,0.6036605710472550,0.6500221672737910,273.2561991164630
test_seen,554,KRR_KP,0.3,2,0.1989787661985520,0.2694767147218930,0.0137345679990187,0.1667598876687250,0.2690630736325340,0.1999620823597240,0.6192731897883070,0.6038602489390870,0.6645138915438270,201.40626195581400
test_unseen,108,KRR_KP,0.3,2,0.2372438074774350,0.2942357952487330,0.0164199298231071,0.1593602069494580,0.352898061388851,0.2394905796177400,0.6332741105364540,0.4423992827926260,0.7351375581330200,42.3905603386934
Combined,662,KRR_KP,0.3,2,0.2066740666049450,0.2743212261837410,0.0141726632814984,0.1655526890015340,0.2827400806985190,0.2064108402205490,0.6224424526510680,0.577519184975616,0.6760355773317920,245.20945382030200
test_seen,554,RIDGE_LatentReg_KP,0.3,2,0.1980889193429660,0.2654171350658830,0.0136993613476004,0.1643242203265970,0.2775237876279400,0.211859399527138,0.6189882680355540,0.6116593936547290,0.6611877857092140,228.6735027418670
test_unseen,108,RIDGE_LatentReg_KP,0.3,2,0.2623789329275080,0.3038856426725750,0.0161093029885891,0.1576016476528530,0.3839761214931980,0.2758003479379380,0.6785096212364720,0.4487308791393510,0.7563035804336860,47.0098936093076
Combined,662,RIDGE_LatentReg_KP,0.3,2,0.2113388273954570,0.2730655107128930,0.014092524032233,0.1632274864160770,0.2948906336361700,0.2222908533464230,0.632461582943498,0.585078910924124,0.6767051661174360,276.0005925906630
test_seen,554,LLMRidge_Concat_KP,0.3,2,0.0560892601404499,0.0800827105866211,0.0148277810130886,0.1850609069761060,0.2646816062740140,0.1160496385162930,0.5666697400768670,0.5363140848839690,0.5653587988880210,406.1505923123410
test_unseen,108,LLMRidge_Concat_KP,0.3,2,0.0346907354163928,0.0746641514629051,0.0176722166490637,0.1756050825825300,0.2639403456856530,0.0555386567238107,0.4720476440867240,0.3884406342802710,0.5537065052950080,76.67615253103750
Combined,662,LLMRidge_Concat_KP,0.3,2,0.0512546010241374,0.0787929966922211,0.015291827914426,0.1835182649300250,0.2645606755435870,0.1061777562903290,0.5452509848240840,0.5121897152990750,0.5634578204770760,492.4416592508470
test_seen,554,DNN_MultiCtx,0.3,2,0.3338241428270630,0.3762349378618160,0.011369146540297,0.1445999156708310,0.3520260032950690,0.3417526122541030,0.742498168680403,0.6488391399094470,0.7633139811138360,216.54281666676000
test_unseen,108,DNN_MultiCtx,0.3,2,0.2247241694932790,0.2724391626319500,0.016363497202595,0.1622055843688500,0.3679390819570810,0.2305809708535150,0.6257646224591170,0.4622905810500360,0.7199809491791340,50.30682993236200
Combined,662,DNN_MultiCtx,0.3,2,0.3126991592478180,0.3577598632415680,0.0121839348658683,0.1474721395671850,0.3546220946779950,0.32361584900446,0.7160742427449260,0.6184052360471870,0.7562445438797760,273.7293199941140
test_seen,554,MLP_Concat_KDP,0.3,2,0.2559049686212780,0.3107642750589970,0.0124812567428373,0.1600158252419100,0.306023671647949,0.2751820531504340,0.6709777061792990,0.6259851335630840,0.700885323080116,215.997475946146
test_unseen,108,MLP_Concat_KDP,0.3,2,0.1853819815848740,0.2522845800276350,0.0171912728153445,0.1666953460497090,0.3118232681795400,0.1455195577753240,0.5819456500673220,0.4247352496217850,0.7309771950467870,46.21451438461850
Combined,662,MLP_Concat_KDP,0.3,2,0.2421747261299810,0.3001810679484370,0.0132496581564789,0.161105535585176,0.3069698293902630,0.2540286551134070,0.6508243181195680,0.5931528262131440,0.7057945710746790,266.9103426091400
test_seen,554,Ridge_Concat_KDP,0.3,2,0.3312502553039410,0.4307134494912200,0.0132298023845085,0.1419480143981510,0.2801549722590160,0.2545429759341960,0.7104359470307830,0.6871084725582620,0.7843793180663800,106.25583431954100
test_unseen,108,Ridge_Concat_KDP,0.3,2,0.1449551619257790,0.2711307052319650,0.0187557495018053,0.1648225256421730,0.2163025641434450,0.0997784340552107,0.4854125953692050,0.4178013111447300,0.6830559757942510,24.334479649135400
Combined,662,Ridge_Concat_KDP,0.3,2,0.294807797787499,0.4021616888058040,0.0141313164157292,0.1456798077733080,0.2697379630800400,0.2292943799781080,0.6594994290328900,0.6431731652581690,0.767849225973646,133.83532865227300
test_seen,554,KNN_KDP,0.3,2,0.1417327364861740,0.1881939131169330,0.0142078211107159,0.174195791753128,0.2923879386242440,0.1749685359843030,0.5961311108381640,0.5971042671370910,0.6073693179025330,304.42675776919400
test_unseen,108,KNN_KDP,0.3,2,0.2045090042118390,0.251574811687561,0.0165891547258873,0.1643033562973330,0.363531766208503,0.22477296679918,0.606831461827175,0.4420070600100860,0.70658934274668,52.76653551925850
Combined,662,KNN_KDP,0.3,2,0.1532576054381150,0.1989857012912370,0.0145963166249735,0.1725819201077720,0.3039944845141240,0.1830937301353700,0.598553253325648,0.5718013995091210,0.6235562705961400,361.7209393826030
test_seen,554,KRR_KDP,0.3,2,0.2827763317618810,0.3400378004039340,0.0126872771248621,0.1560274054758330,0.3124535198781110,0.2625789061637440,0.7039941183088590,0.6386259742103910,0.7256153841952630,186.3407683137530
test_unseen,108,KRR_KDP,0.3,2,0.2189797597625220,0.3363459358633010,0.0174447764118205,0.1605994199117220,0.2701263819853950,0.17448550408506,0.5430271785646550,0.4450607945312940,0.7913234717319440,27.58419237199360
Combined,662,KRR_KDP,0.3,2,0.2696954165660320,0.3400652231373970,0.0134634250447889,0.156773293027307,0.3055481862037710,0.2482071728941100,0.6675574757879650,0.607047364836762,0.736335132615144,212.71195314853000
test_seen,554,RIDGE_LatentReg_KDP,0.3,2,0.2622108453689540,0.3103698757418220,0.0126690008251969,0.1565051226274050,0.3206968432353180,0.2713332848197480,0.6911802924255510,0.6389127074719960,0.699907699197693,236.79770464442400
test_unseen,108,RIDGE_LatentReg_KDP,0.3,2,0.2564730494258730,0.3312254330136010,0.016654108004473,0.1588733946638970,0.3433003564827040,0.2244247947516560,0.6310400093624390,0.4511822715302290,0.8051353168599770,38.788789867172300
Combined,662,RIDGE_LatentReg_KDP,0.3,2,0.261155884136874,0.3150361153174390,0.0133191391565591,0.1568914872496730,0.324384425456946,0.2636805402164940,0.6775668759155630,0.608285989825907,0.7170747425625370,274.12848129199300
test_seen,554,BalancedKRR_lambda0.5_KDP,0.3,2,0.3513370600782810,0.3965252787332030,0.0117356415652819,0.1451041045247630,0.3604583648338940,0.3338230652159870,0.7656651857452540,0.6716221456386500,0.7737510718362400,195.77497690321600
test_unseen,108,BalancedKRR_lambda0.5_KDP,0.3,2,0.1402897128982820,0.2906922049254350,0.0184543798238061,0.1712456356984520,0.1865228014718800,0.0784781417640916,0.4310183113111310,0.4127164229282230,0.778113968734241,27.31133795478740
Combined,662,BalancedKRR_lambda0.5_KDP,0.3,2,0.30970458559284,0.3789153259561090,0.0128317499216575,0.149368886045546,0.3320821702068580,0.2921655852570680,0.6899141740538630,0.629383749788611,0.7744628435356120,221.2824285115390
test_seen,573,DNN_KP,0.3,3,0.158254230924743,0.1629828408730650,0.0124014920748471,0.1179183579319060,0.2664828705426670,0.4147779137195030,0.5762681032075740,0.5651188426914660,0.6073417474387450,364.8923825520480
test_unseen,161,DNN_KP,0.3,3,0.0394373019351433,0.0296468494811563,0.008974258920976,0.0756370027410619,0.1196395835400580,0.4101894894789250,-0.0134322345256805,0.6477083033225150,0.516544787438672,104.2941057028720
Combined,734,DNN_KP,0.3,3,0.1395724871201610,0.1416068956115120,0.0116497420233849,0.1086441097224700,0.2342733757096700,0.4137714609909840,0.5367902563300340,0.5832345145737540,0.5874257929973130,473.67687145092700
test_seen,573,Ridge_Concat_KP,0.3,3,0.1115428377789320,0.1673431798863480,0.0156097066496055,0.1188553263716480,0.2207542911888110,0.2703267478050700,0.5118149528760180,0.5767685930539580,0.6156391886840520,228.50962718329300
test_unseen,161,Ridge_Concat_KP,0.3,3,-0.0350199093714552,-0.0189097160661801,0.0124876265824766,0.078538429457734,0.0839851929463434,0.2470748174240100,0.0238383610267192,0.6410480201333750,0.5030547482057060,61.38735084604970
Combined,734,Ridge_Concat_KP,0.3,3,0.0876460646361489,0.1371775527651410,0.0149248907220745,0.1100119743237730,0.1907545298576970,0.2652265287432840,0.4791470638819230,0.5908680314187900,0.5909442364810360,293.1587796510820
test_seen,573,KNN_KP,0.3,3,0.1029282763069080,0.1232042134571990,0.0147579994185475,0.1284186622047740,0.2516367728913370,0.2702066141638800,0.5414813550889750,0.5745757828998900,0.6209366942136950,318.2847588918750
test_unseen,161,KNN_KP,0.3,3,-0.0901413087387166,-0.0884328006702233,0.0114619297168349,0.0880924894761461,0.1004355030860050,0.2299012245956800,-0.1981738938455980,0.6349215764364940,0.5072153067882350,90.77308495329980
Combined,734,KNN_KP,0.3,3,0.0724622749351708,0.0886605800790881,0.0140350195520956,0.1195732755435900,0.2184713717487500,0.2613657862068220,0.4919646857042340,0.5878123942887090,0.5959923571898550,413.0819232344440
test_seen,573,KRR_KP,0.3,3,0.1343472933461410,0.1400903766550590,0.0130826445772864,0.1194090971137320,0.2643037075396950,0.3376667164157180,0.5613920175534450,0.5621712868057590,0.6123392593968230,348.14118185666000
test_unseen,161,KRR_KP,0.3,3,-0.0383743891504753,-0.0414299515069334,0.0100579429197094,0.0779089340911167,0.1060541593979600,0.3078817836403730,-0.1635921498245530,0.6337776346673670,0.4934286900595700,99.80527468021520
Combined,734,KRR_KP,0.3,3,0.1069112318863640,0.1101277358592680,0.012419188219153,0.1103062003199430,0.22959229439144,0.3311335090903360,0.5128575126243740,0.5778778562958390,0.5862566958228480,452.150073193934
test_seen,573,RIDGE_LatentReg_KP,0.3,3,0.121783766040087,0.1258346928889640,0.0132941850117819,0.1215789206551300,0.2671918178882310,0.329592484450482,0.5514968232737150,0.5589094519403160,0.6108607196512460,366.0522294217910
test_unseen,161,RIDGE_LatentReg_KP,0.3,3,-0.0518081253215748,-0.0562607674545563,0.0102489299038585,0.0781752456516244,0.106785389518258,0.3016771957349390,-0.1793100997905550,0.6278376111106400,0.4955047325294670,106.21956721013600
Combined,734,RIDGE_LatentReg_KP,0.3,3,0.0942153628690153,0.0958634985033078,0.0126262203355207,0.1120584960290200,0.2320073015836450,0.3234693761627400,0.502572510432592,0.5740285713223620,0.5855578396422450,476.306583406665
test_seen,573,LLMRidge_Concat_KP,0.3,3,0.0190350976985393,0.0318254506994912,0.0147415417072608,0.1375421345156070,0.2138863819193470,0.2188998279685970,0.4511782904427010,0.515796090083784,0.5770519203159930,370.822078497944
test_unseen,161,LLMRidge_Concat_KP,0.3,3,-0.1240168946619890,-0.1579662905026890,0.0108535740183238,0.090533134172426,0.0858955807023629,0.1771194407575090,-0.1648208277183590,0.6302271783617060,0.4617796344470530,103.61012158639300
Combined,734,LLMRidge_Concat_KP,0.3,3,-0.0035692463849082,0.0015437599018527,0.0138887313558727,0.1272308960207130,0.1858121053581280,0.2097354651062200,0.4099398557540950,0.5408960971856170,0.551767399846103,478.7422677710890
test_seen,573,DNN_MultiCtx,0.3,3,0.2978108651097220,0.2952927470683140,0.0100383360693019,0.0930434439919368,0.3160696577853990,0.5414794735731060,0.7008860705153090,0.6373958653266950,0.655335957086634,350.5526813147280
test_unseen,161,DNN_MultiCtx,0.3,3,0.1046465241112580,0.1081423597736470,0.0079315428141944,0.0651988975988401,0.1224166363208720,0.5082601211932490,0.0098554051946848,0.6554447391389080,0.5237134891918690,107.33334341116800
Combined,734,DNN_MultiCtx,0.3,3,0.2660963651702870,0.2628774172047790,0.0095762192926367,0.086935852753124,0.2735926326412720,0.5341929398767070,0.6546246033808740,0.6413548144871400,0.6264650887881910,461.7556457657410
test_seen,573,MLP_Concat_KDP,0.3,3,0.1951402041211780,0.2002097770993190,0.0114990896179647,0.1100217362348500,0.281285983772707,0.4552578237818990,0.5918683675524980,0.5858398272417970,0.624019961477016,372.9094972800110
test_unseen,161,MLP_Concat_KDP,0.3,3,0.0317224817163298,0.0126477919386404,0.0087020664927057,0.074580397999999,0.1149064844462630,0.4163976408221260,-0.011996206594631,0.6392600815164430,0.4974621440010850,113.12191334922600
Combined,734,MLP_Concat_KDP,0.3,3,0.1681682493915110,0.1684987271751740,0.010885573646348,0.1022478187201210,0.2447912979531460,0.4467339961844560,0.5514422872748660,0.5975573489559910,0.5962600042377450,489.8217617695510
test_seen,573,Ridge_Concat_KDP,0.3,3,0.2493696051902920,0.3009003071340650,0.0125997384374613,0.0983042755362873,0.2530726735487440,0.4012279396971760,0.6136006176505120,0.635631617417722,0.6678880690651870,190.4759336007140
test_unseen,161,Ridge_Concat_KDP,0.3,3,-0.0105102988001378,-0.0093318956063764,0.0103184405153166,0.075846816056515,0.0824655997089648,0.2938376893132370,-0.0448073124571237,0.6379297196071620,0.4798962826129330,70.79410671442860
Combined,734,Ridge_Concat_KDP,0.3,3,0.2058113637066600,0.2471981600874530,0.0120993447515413,0.0933783205277813,0.2156506859626350,0.3776723125693640,0.5695230993169470,0.6361356970532800,0.6266528134537250,261.3283875249350
test_seen,573,KNN_KDP,0.3,3,0.1121896209124720,0.1264719703037660,0.014825671661142,0.1281892341217280,0.2612559268397460,0.2573524684441140,0.5685050517109020,0.5898254561211780,0.629353180527084,323.25932142387200
test_unseen,161,KNN_KDP,0.3,3,-0.0901413087387166,-0.0884328006702233,0.0114619297168349,0.0880924894761461,0.1004355030860050,0.2299012245956800,-0.1981738938455980,0.6349215764364940,0.5072153067882350,90.77308495329980
Combined,734,KNN_KDP,0.3,3,0.0801379597968592,0.0910538739397686,0.0140878481556469,0.1193941716041010,0.2259806022834080,0.2513311465645530,0.5171792645606760,0.5997171119396610,0.602562720483549,418.1134039084080
test_seen,573,KRR_KDP,0.3,3,0.1998657666687920,0.2093446836468900,0.0118526897943759,0.1113580209112880,0.2823891364817020,0.4157558776251900,0.5998204598286180,0.5961229402227100,0.6378125230649820,331.024650021656
test_unseen,161,KRR_KDP,0.3,3,0.0649422221732375,0.0901331012540022,0.0085805733006625,0.0666290186722941,0.0934835238934346,0.4447685234860660,-0.1266820125263170,0.6416920169811800,0.4992755035462200,80.0941427244347
Combined,734,KRR_KDP,0.3,3,0.178813792763067,0.1901990482791940,0.0111349639694606,0.1015468909923810,0.2409534367177910,0.4221196868671530,0.5511843110517190,0.6061183371683690,0.6074249751868880,411.4644933202870
test_seen,573,RIDGE_LatentReg_KDP,0.3,3,0.1883374024444480,0.2035375671139830,0.0120672219011072,0.1134657351812200,0.2799774383821090,0.4119523383269990,0.5753574967653330,0.594103935868041,0.6393029673173670,335.1785069054660
test_unseen,161,RIDGE_LatentReg_KDP,0.3,3,0.0595675510128967,0.0814300586600583,0.008742365647174,0.0656187949735417,0.0914994685490865,0.4457148420267270,-0.1071358098261730,0.637039987120063,0.5036224822689030,87.95878409589150
Combined,734,RIDGE_LatentReg_KDP,0.3,3,0.1678906223471130,0.1837964950259770,0.01133792781816,0.1029706978877100,0.2386355403669640,0.4193580101194460,0.5296675682905880,0.6035217890718220,0.6095419889892980,422.2976763078790
test_seen,573,BalancedKRR_lambda0.5_KDP,0.3,3,0.2864932423689040,0.3007582524301790,0.0106987994540222,0.099826343580243,0.3085113058183590,0.4965848114787600,0.6668126461607370,0.6315245625688970,0.6842972412495920,294.63779181009100
test_unseen,161,BalancedKRR_lambda0.5_KDP,0.3,3,0.1844370213291110,0.2463611944438210,0.0067225801708942,0.0540007605234592,0.0599573691824606,0.6096468780619140,-0.0989221805070042,0.640395549642836,0.5273910501385440,57.84446742561900
Combined,734,BalancedKRR_lambda0.5_KDP,0.3,3,0.2726873408707010,0.2955346238355880,0.0098266314641263,0.0897746829914934,0.253991981842365,0.5213845290807870,0.6155500636223100,0.6334703785347070,0.6498804881584770,337.6826370496090
test_seen,350,DNN_KP,0.5,1,0.1491633526524470,0.2127441111133970,0.0153192088323911,0.1572879198991440,0.2566988443456860,0.1607402500567340,0.5109739801066150,0.611083202511774,0.6122072213500790,172.67377878179500
test_unseen,106,DNN_KP,0.5,1,0.3132610579507810,0.3650662494136520,0.0244832066291908,0.1983952833346440,0.4780080854400710,0.3280732344887030,0.6918378479631720,0.4095583661621400,0.8339829981339420,43.95828352922920
Combined,456,DNN_KP,0.5,1,0.1972385976368080,0.2586343146525770,0.0174494363904191,0.1668435789433610,0.3081435363544680,0.1996378297711830,0.5723385067008040,0.5642375168690960,0.6637603624445730,208.9407968883070
test_seen,350,Ridge_Concat_KP,0.5,1,0.1742121724848890,0.3040328038770570,0.0174855869948597,0.1483162355192610,0.1962744143737450,0.1433681101749020,0.4879548916542850,0.6289984301412870,0.6567786499215070,79.26456189492750
test_unseen,106,Ridge_Concat_KP,0.5,1,0.3110135671064300,0.4251000461327250,0.0260524332198261,0.1825151817792580,0.3555060375734720,0.2746857411023430,0.6561304860993440,0.4155504872486000,0.8602736885755750,27.361186343147000
Combined,456,Ridge_Concat_KP,0.5,1,0.2146182233457430,0.3390329671996240,0.0194770030032949,0.1562659905709270,0.2332887829245580,0.1738936998203160,0.5450144683410010,0.5793811451706190,0.7040823211875840,101.50565252944400
test_seen,350,KNN_KP,0.5,1,0.1422769473657060,0.1779378629705650,0.0156441021086217,0.1606636113968460,0.2818266882706210,0.1656570484709060,0.5647092474469670,0.5968100470957610,0.5872967032967030,197.4103955942770
test_unseen,106,KNN_KP,0.5,1,0.3056936632681620,0.3592016962203640,0.0250334450801852,0.1988066726869960,0.4658387434189220,0.3632213510402290,0.6950331288126700,0.4229525191789340,0.8034418411776900,44.66085958421430
Combined,456,KNN_KP,0.5,1,0.1890878227741070,0.2302655509335240,0.017826712536222,0.1695302002055220,0.3246014203884280,0.2115820837172840,0.6089262786246160,0.5563957971852710,0.6375409678041260,238.1325865394060
test_seen,350,KRR_KP,0.5,1,0.184630247082698,0.2518553565519910,0.0155685631194775,0.1551527719124160,0.2655890155503210,0.1843122764229280,0.5577687193871540,0.601149136577708,0.6433971742543170,134.0504953894720
test_unseen,106,KRR_KP,0.5,1,0.3689466270018370,0.4211910310622900,0.0240137689426522,0.189379015964069,0.4916496426888930,0.4008201046754980,0.7516347482493260,0.4009537632179140,0.8584698320547380,33.05832589638280
Combined,456,KRR_KP,0.5,1,0.2360759606338200,0.2983057041811870,0.0175317030696015,0.1631088725033710,0.3181381964202520,0.2346408505342710,0.6235446934653910,0.5546124927703880,0.693392134181608,165.49426913183500
test_seen,350,RIDGE_LatentReg_KP,0.5,1,0.1774483669286640,0.2332293390500440,0.015428257344392,0.1561697357045050,0.2842618805110080,0.1967712561723120,0.5589039439221260,0.5999497645211930,0.636916797488226,160.8487849219690
test_unseen,106,RIDGE_LatentReg_KP,0.5,1,0.3893455350800120,0.4291332482873410,0.0231495361338305,0.1828872010594630,0.5210380338865760,0.4368231653057130,0.7742097830729510,0.4191167323242800,0.8642338793282190,37.49821977273950
Combined,456,RIDGE_LatentReg_KP,0.5,1,0.2379935776712450,0.2889684507576530,0.017223116010358,0.162380374580877,0.3393019512518190,0.2525727964533220,0.6319541393482990,0.5579140158087530,0.6897580489685750,193.2865102534660
test_seen,350,LLMRidge_Concat_KP,0.5,1,0.0320161256227335,0.064069906611738,0.0166333172457026,0.1711020431045100,0.2374567360587290,0.0735479709248478,0.4653030236402680,0.5687912087912090,0.5028131868131870,256.9019441212620
test_unseen,106,LLMRidge_Concat_KP,0.5,1,0.1577638914513200,0.1871283924078440,0.0268514688293678,0.2258860707377990,0.428611858396457,0.2985301341703530,0.6002822213561130,0.320422973253162,0.6930541156956250,68.22618735907900
Combined,456,LLMRidge_Concat_KP,0.5,1,0.0646769731038362,0.0944989821676798,0.0190085893243616,0.1838369267210200,0.2818919180056570,0.1258464562406890,0.5110995371510010,0.5110564873722770,0.5470358588779640,340.58456773928100
test_seen,350,DNN_MultiCtx,0.5,1,0.3119843069724260,0.3431547806578110,0.0128860505397564,0.1285841738481100,0.3454696895421620,0.3183118647535930,0.7085845198985690,0.6888414442700160,0.6880816326530610,171.81464803924800
test_unseen,106,DNN_MultiCtx,0.5,1,0.3520097432438050,0.4013951908976800,0.0223696562110112,0.1856988534190590,0.4970201282006390,0.3566155145909030,0.7033192938487780,0.3967240306862950,0.8407837445573290,35.5436149854293
Combined,456,DNN_MultiCtx,0.5,1,0.3204976192505540,0.3574394476438420,0.015090572910706,0.1418608318185500,0.3806985195811940,0.3272157833561250,0.7067981039173900,0.6209369577790630,0.7235781762097550,206.7871390761780
test_seen,350,MLP_Concat_KDP,0.5,1,0.1971455010057380,0.2312242080563530,0.0139621730428189,0.1491814891116580,0.3077918255276750,0.2382357111538400,0.5835051548336890,0.6372433281004710,0.6177394034536890,205.2296932905450
test_unseen,106,MLP_Concat_KDP,0.5,1,0.2276543917677890,0.2676819438165530,0.0265324933032663,0.2219684328436720,0.4447303520480420,0.1830537487500800,0.6568241547597080,0.3464026539498240,0.7837652913124610,48.94821756198550
Combined,456,MLP_Concat_KDP,0.5,1,0.2037339486667180,0.2400243685299080,0.0168842211735369,0.1661012611195390,0.3396240268679350,0.2254083251564750,0.6083812440943020,0.5696356275303640,0.6563331405436670,257.6807806907210
test_seen,350,Ridge_Concat_KDP,0.5,1,0.3248119002733640,0.4222750561524240,0.0147767772026626,0.1251344082527250,0.2717839983142250,0.2348271224290670,0.6672496022404850,0.7047660910518050,0.7370423861852440,68.05661770360830
test_unseen,106,Ridge_Concat_KDP,0.5,1,0.1995889936303010,0.3219295025169910,0.0279236746213908,0.2094506359763740,0.2786635293115700,0.1556774141619570,0.5659268750171910,0.3361393323657470,0.7730250881194280,27.00796930354910
Combined,456,Ridge_Concat_KDP,0.5,1,0.289232320182008,0.3950661941238660,0.017832854234209,0.1447342331183100,0.2733831875372920,0.2164282867353960,0.6328722483611530,0.6190765374975900,0.7454067861962600,95.20592506568410
test_seen,350,KNN_KDP,0.5,1,0.1576547147376970,0.1897395490355730,0.0150708407614158,0.1561664163077180,0.2948194581169920,0.1892858183117100,0.5709413244260360,0.612734693877551,0.5860784929356360,205.21229950581300
test_unseen,106,KNN_KDP,0.5,1,0.3056936632681620,0.3592016962203640,0.0250334450801852,0.1988066726869960,0.4658387434189220,0.3632213510402290,0.6950331288126700,0.4229525191789340,0.8034418411776900,44.66085958421430
Combined,456,KNN_KDP,0.5,1,0.1996087077822590,0.2381430795602060,0.0173867093091999,0.1660784057292170,0.3345739411038440,0.2297182009196550,0.6130439009143580,0.5686186620397150,0.6366059379217270,245.9827720747450
test_seen,350,KRR_KDP,0.5,1,0.2443731516581340,0.2961874469871130,0.014469533432423,0.1471802076569440,0.306376687238346,0.2487772963161350,0.627296109639165,0.6264301412872840,0.6816326530612240,140.93255936995100
test_unseen,106,KRR_KDP,0.5,1,0.3289408806734650,0.4111077594879140,0.0255772341409843,0.200543704099688,0.4238082660733530,0.2964901180409820,0.6995752713028230,0.3787061994609160,0.87522289031723,26.83284291177830
Combined,456,KRR_KDP,0.5,1,0.2672162089277790,0.327523929565392,0.0170515866673079,0.1595848800756520,0.3336743788096420,0.2598684346995420,0.6518193966321920,0.5688451898978210,0.7266338924233660,162.37635631740800
test_seen,350,RIDGE_LatentReg_KDP,0.5,1,0.2276699986255340,0.2762170985617800,0.0144579524696437,0.1494098645030300,0.3136077778687400,0.2563016953534640,0.6046472511032290,0.6248665620094190,0.6757237048665620,166.20030477837000
test_unseen,106,RIDGE_LatentReg_KDP,0.5,1,0.3499357816154290,0.4153686741006280,0.0245976920160037,0.1921266893718540,0.4588833897914260,0.335185741307733,0.7270449251493480,0.4015757827078580,0.8786439975119220,33.644055887382700
Combined,456,RIDGE_LatentReg_KDP,0.5,1,0.2634242248677500,0.3174970634288570,0.0168149971887537,0.1593396527400810,0.347377985903399,0.2746387762112550,0.6461750333688760,0.5729612492770390,0.7228937728937730,189.8833197955260
test_seen,350,BalancedKRR_lambda0.5_KDP,0.5,1,0.3258937450151970,0.3706560957909440,0.0132757802480899,0.1327875758388440,0.347081503105953,0.3122072312896610,0.7060333941726080,0.6755604395604400,0.7353281004709580,138.3559034058970
test_unseen,106,BalancedKRR_lambda0.5_KDP,0.5,1,0.234607476299119,0.3481159198217830,0.0278517612355349,0.225335312588865,0.3245435705308030,0.1062525994887060,0.6019838365602800,0.3364088741447230,0.873356831847398,25.67320929835610
Combined,456,BalancedKRR_lambda0.5_KDP,0.5,1,0.2985468069464600,0.363796442621396,0.0166640565302592,0.1543008655219630,0.3418424222880450,0.2643318124938250,0.6707308656969970,0.5967225756699440,0.7674137266242530,157.9480815585850
test_seen,422,DNN_KP,0.5,2,0.2057325795066720,0.270520839464822,0.010700945237594,0.1242864117349150,0.2606030527755540,0.3341148345155400,0.5557000683151980,0.6245755650919650,0.6987296069665560,161.712138236428
test_unseen,108,DNN_KP,0.5,2,0.2194335613013570,0.2773422536871020,0.0169228299486416,0.1674497997105950,0.3217087643462470,0.2468382555459730,0.6033998563461290,0.386981026395015,0.7741195827207170,43.78806507131970
Combined,530,DNN_KP,0.5,2,0.2082619257700110,0.2707950541860260,0.0119688009900339,0.133081970039393,0.2730547826805260,0.316330173140609,0.5715331912330280,0.5761600741876800,0.7140920925919320,209.44569022865700
test_seen,422,Ridge_Concat_KP,0.5,2,0.1734094891394430,0.2840433634250340,0.0137483440560257,0.1224947447801090,0.207962512822111,0.2100584677854900,0.5589628060108180,0.6450604287800460,0.7143452279629810,106.18982039827500
test_unseen,108,Ridge_Concat_KP,0.5,2,0.208489369640286,0.3217057251105260,0.0191010647599964,0.1563708555199340,0.2555962644724380,0.1959069143917390,0.5525730631632520,0.4408212560386470,0.7631625008751660,28.85946120415150
Combined,530,Ridge_Concat_KP,0.5,2,0.1816438939257310,0.292895671744403,0.0148390871428726,0.1293978013082240,0.2176690131584040,0.2071747550184620,0.5568418409479700,0.6034418803723650,0.7242928986696150,135.851999333186
test_seen,422,KNN_KP,0.5,2,0.2199538774117040,0.2896953390088090,0.0120760520297679,0.1173859226600860,0.2881206890204860,0.2614142414211160,0.6106899003777220,0.673630833460253,0.7077020937295620,155.6058520346100
test_unseen,108,KNN_KP,0.5,2,0.2683801635476890,0.3364072877110970,0.0169620043777483,0.1523059641037960,0.346671119423972,0.2666200586328180,0.6368786923046590,0.4310018903591680,0.7791955471539590,33.15542445141590
Combined,530,KNN_KP,0.5,2,0.2303401807941600,0.2983212353407000,0.0130716800553941,0.1245017046901250,0.3000517201215740,0.2624750494567080,0.6193828187064110,0.6241894639226740,0.7222705710311380,192.17912826740400
test_seen,422,KRR_KP,0.5,2,0.2057978005497860,0.2646523104716090,0.0112152093817589,0.119808109006566,0.2699460193081930,0.2717692343760740,0.5896648089644300,0.6338616185416460,0.6978516202438650,160.54260853199500
test_unseen,108,KRR_KP,0.5,2,0.237541226666206,0.2925066931885200,0.0167072449928077,0.1591466164594970,0.3411894893116340,0.2681462874262100,0.619235125744405,0.4115907022334240,0.7526254988447810,42.407339827448800
Combined,530,KRR_KP,0.5,2,0.2125558233582500,0.2699430642427560,0.0123343411666519,0.1278242576950880,0.2844635565919130,0.271030973488177,0.599480166214926,0.5885686771052540,0.7090130898455610,207.3327601648610
test_seen,422,RIDGE_LatentReg_KP,0.5,2,0.1975208067065920,0.2410233719080510,0.0107095485042899,0.1208910593951900,0.2920718302427930,0.3047551592798290,0.5782356571187610,0.6266271871276390,0.6852999937286660,204.40777113156500
test_unseen,108,RIDGE_LatentReg_KP,0.5,2,0.2545255004701540,0.2808125535872400,0.0162192508656212,0.1590194658537130,0.3829751832475570,0.3083674421035500,0.6765029357690710,0.4099453896240290,0.7559511307148360,52.471148741080700
Combined,530,RIDGE_LatentReg_KP,0.5,2,0.2117785907704240,0.2497550949800520,0.0118322803062216,0.128660621465983,0.3105955323645190,0.3054912471005110,0.6108537874270570,0.5824731604665260,0.699696829189999,260.4164246815190
test_seen,422,LLMRidge_Concat_KP,0.5,2,0.0895845833693712,0.1326722565316010,0.0116364288014708,0.131125158924437,0.2450675035488100,0.1936517374232960,0.4795380002004830,0.5859486288176740,0.6142368234798740,236.6740445737360
test_unseen,108,LLMRidge_Concat_KP,0.5,2,0.0763322927763861,0.1366227174705650,0.0180844248496685,0.1752834059646610,0.241506112480743,0.1187300043672330,0.4645590999081170,0.3567002730518800,0.6202128404396840,57.7866161001793
Combined,530,LLMRidge_Concat_KP,0.5,2,0.0855627882904,0.1333013144653870,0.0129503600716696,0.1401234432269730,0.2443417861236190,0.1783846672911180,0.4745660122883110,0.5392338695295500,0.6154545778792310,299.5498684133700
test_seen,422,DNN_MultiCtx,0.5,2,0.3202840308825610,0.3445126798258330,0.0095582417641673,0.1072243212497910,0.33315652980766,0.4044051045016140,0.7490184258059350,0.6713597147439060,0.7692328367034290,199.23928219638000
test_unseen,108,DNN_MultiCtx,0.5,2,0.2076366251544160,0.2501752007037800,0.0167095336192115,0.1652297777363240,0.3439620149761650,0.2628438326755120,0.6030029863873620,0.4043968353987260,0.7273156899810960,52.5410974901591
Combined,530,DNN_MultiCtx,0.5,2,0.2894985027952550,0.3215841625950410,0.0110154861421763,0.1190443010621410,0.3353584022570910,0.3755586566578050,0.700551116082963,0.6169597317830010,0.7606912294468030,256.4139105655160
test_seen,422,MLP_Concat_KDP,0.5,2,0.2488142148519410,0.2997780667836250,0.0098840147643063,0.1191531851755130,0.3002417818979710,0.3796316714568780,0.5972328322248410,0.65113914297745,0.7126071726139820,176.93713629883700
test_unseen,108,MLP_Concat_KDP,0.5,2,0.2166364030422440,0.2644415776021630,0.0172560896931423,0.1667922327508890,0.347157081692583,0.2435590093234780,0.6169290102169480,0.3733284324021560,0.7860743541272840,50.11648031520010
Combined,530,MLP_Concat_KDP,0.5,2,0.2397797939753830,0.2904734005393760,0.0113862489007483,0.1288607646814380,0.3098018807240430,0.351903657286298,0.6037706392054140,0.5945286585583340,0.727577843563862,229.5205193812100
test_seen,422,Ridge_Concat_KDP,0.5,2,0.2997213478426080,0.3936838650328720,0.0116626222428128,0.1090607368045080,0.2597818761965770,0.2955848782527840,0.6764728980572340,0.7091131438196010,0.7906046461623920,91.5900468321898
test_unseen,108,Ridge_Concat_KDP,0.5,2,0.1402819955673620,0.2467680974455020,0.0191976568721993,0.1683899509982970,0.2193055357611570,0.1323620857719250,0.4922162147969760,0.3729608625638870,0.691118812574389,27.6250774317194
Combined,530,Ridge_Concat_KDP,0.5,2,0.2572971408027520,0.3577968132648700,0.0131980632616312,0.1211504634704120,0.2515338672021900,0.2623243846906460,0.6153120662187450,0.640614188393908,0.7703320612048360,122.35561258736600
test_seen,422,KNN_KDP,0.5,2,0.232084239884387,0.297095928635893,0.012411864930063,0.1143701090755080,0.3111226122873980,0.2464775710555390,0.6428931333305150,0.7052114783325420,0.7161370376011250,176.14578039122200
test_unseen,108,KNN_KDP,0.5,2,0.2683801635476890,0.3364072877110970,0.0169620043777483,0.1523059641037960,0.346671119423972,0.2666200586328180,0.6368786923046590,0.4310018903591680,0.7791955471539590,33.15542445141590
Combined,530,KNN_KDP,0.5,2,0.2388842822641320,0.3033005566842370,0.0133390631571385,0.1221004342510840,0.3183664590246620,0.2505820779580790,0.6408967432421000,0.6493348075757040,0.7289866961515140,212.2952377005240
test_seen,422,KRR_KDP,0.5,2,0.2700385372154320,0.3243360230577120,0.0103767853517168,0.1135268334458690,0.301784464578038,0.3208808030108590,0.6452252928500230,0.6750060473575290,0.7437488241249250,160.10320840699500
test_unseen,108,KRR_KDP,0.5,2,0.2175142252200260,0.3353182973314740,0.0176925779727138,0.1583558275177760,0.2541410980765770,0.2461589542517060,0.5149260000902010,0.3969054120282850,0.7989568017923410,27.5816859864227
Combined,530,KRR_KDP,0.5,2,0.2542313868756300,0.3264346376638510,0.0118675506405238,0.122661798275616,0.2920760049890610,0.3056544640184280,0.6019746872700820,0.6183364839319470,0.7549987516496060,183.98639597242600
test_seen,422,RIDGE_LatentReg_KDP,0.5,2,0.2401314976939110,0.2839444133600990,0.010195275451821,0.1167478655521020,0.3105185782467890,0.3323942856939390,0.6098563124152730,0.6646807443177240,0.7183544020283290,206.47430796667300
test_unseen,108,RIDGE_LatentReg_KDP,0.5,2,0.2625450271326370,0.3371993117863600,0.0167146272081922,0.1562643645375630,0.3314504832259990,0.2864260718296690,0.6141684371344390,0.406392214520759,0.8202933557375900,37.35851748956790
Combined,530,RIDGE_LatentReg_KDP,0.5,2,0.2453776136748320,0.2974531600789940,0.0115237471304777,0.1248002842132900,0.3147839475633070,0.3230271779631060,0.6112876479312980,0.6120483646609840,0.739126868067197,236.73354714472900
test_seen,422,BalancedKRR_lambda0.5_KDP,0.5,2,0.345360929531171,0.3906083608822630,0.0096181772885522,0.1044433926761690,0.3374426319066310,0.3785768617760420,0.7323692699039190,0.7197833702147480,0.7889293041507270,161.62368862703800
test_unseen,108,BalancedKRR_lambda0.5_KDP,0.5,2,0.1398224305722200,0.2929313414640890,0.0185563532627579,0.1677562511175660,0.1693163311629250,0.1900979071254060,0.3871575006122680,0.3627739270461390,0.7738920394875030,27.10580361051610
Combined,530,BalancedKRR_lambda0.5_KDP,0.5,2,0.2887528537685450,0.3662153665403460,0.0114395414493337,0.1173448808113970,0.3031829328871590,0.3401698295076110,0.617782170012993,0.6470342761351070,0.7858651068231270,185.6442585031030
test_seen,369,DNN_KP,0.5,3,0.2139747408454720,0.3001373205312520,0.0135815442144759,0.1596115734783920,0.3534176284815650,0.2912435132032660,0.5703425586711440,0.5399613731487030,0.7607133160178480,129.20079932789700
test_unseen,161,DNN_KP,0.5,3,0.1551378353067940,0.2163985514077090,0.0071192200603657,0.0704293086524018,0.079610527085154,0.3703361460196650,0.0171367200091481,0.7252638870950700,0.4771689229649290,62.95317315618220
Combined,530,DNN_KP,0.5,3,0.2007316758093390,0.2826675132516390,0.0116184608393594,0.1325203571821950,0.2702422637177490,0.3152697658135310,0.5311775435446310,0.5962513821022220,0.6745800192602630,195.75157682565000
test_seen,369,Ridge_Concat_KP,0.5,3,0.1998164288480500,0.319893230199947,0.0159869287175638,0.1532084172700960,0.2853935717095220,0.2142386038778470,0.5916364891413000,0.5655196438542840,0.7542942915251460,91.5349191675773
test_unseen,161,Ridge_Concat_KP,0.5,3,0.074270037588046,0.1743313893202860,0.0105693383642721,0.073954201941441,0.0598386103588862,0.182172100044521,0.075106686912477,0.7108337540654460,0.485047376392819,32.32527301182600
Combined,530,Ridge_Concat_KP,0.5,3,0.1785565168748460,0.2942825726705740,0.0143412078743941,0.1291330801608260,0.216875932506782,0.2044976470530060,0.555068007567578,0.6096622320505050,0.6725041908906090,125.33408401130900
test_seen,369,KNN_KP,0.5,3,0.2316992443843540,0.31180614790644,0.0145013451324134,0.1539612569151160,0.3737372262165400,0.2725934718257910,0.6222681716209520,0.5796128093606080,0.7594889370443800,134.90909191989300
test_unseen,161,KNN_KP,0.5,3,0.0324840805001574,0.0989472854437755,0.0089162208793779,0.0790603275347016,0.0946879479081699,0.2015233533793580,-0.1710622394795730,0.7043642639927670,0.4131432798318640,68.21052838282220
Combined,530,KNN_KP,0.5,3,0.1888138403462790,0.263164393191638,0.0128047319159252,0.1312083330844620,0.2889694265794690,0.251004247165648,0.566103186764278,0.6175090059564150,0.6542782751364270,209.46907770211300
test_seen,369,KRR_KP,0.5,3,0.2419771728024320,0.3171762881245410,0.0136856430026893,0.1537714974598850,0.3576059730879330,0.2742663247270390,0.6341552634814390,0.5560166187673220,0.7632747783054390,117.63217818687400
test_unseen,161,KRR_KP,0.5,3,0.0843153405267969,0.1590372793849250,0.0080682682838497,0.0724703887299351,0.0859862142477089,0.2400004052139950,-0.1609293242794400,0.711620425272106,0.4277377919195950,51.426423905040500
Combined,530,KRR_KP,0.5,3,0.2086039795983680,0.2810706307613040,0.0119792329465889,0.1290743682041840,0.275095065213827,0.2638572435164730,0.5778660891266870,0.6032849448942470,0.6613475050825690,174.10712864604300
test_seen,369,RIDGE_LatentReg_KP,0.5,3,0.2394362788558140,0.3002839415548230,0.0132589154284478,0.1561140296643290,0.382749409119059,0.2952253233707490,0.633616502409483,0.5516109036326660,0.7632184261351120,144.7658812216510
test_unseen,161,RIDGE_LatentReg_KP,0.5,3,0.0769731417831103,0.140767171375894,0.0074973007777752,0.0724675404531063,0.0940123599157067,0.277155157741386,-0.2209232346104570,0.707616621071047,0.4119339196186410,70.32563955458640
Combined,530,RIDGE_LatentReg_KP,0.5,3,0.2032457585860550,0.2617325489176470,0.011508689091168,0.1307044357718630,0.2950387205874750,0.2897360843776790,0.5731181139478940,0.5990013196847020,0.6565074722687880,221.12522946029300
test_seen,369,LLMRidge_Concat_KP,0.5,3,0.0994341529189013,0.1715349226847580,0.0150551054264522,0.1724033040016480,0.3276300926560360,0.1700469594042970,0.5069332318380480,0.4813346243103260,0.7011285802839130,184.12731834735300
test_unseen,161,LLMRidge_Concat_KP,0.5,3,0.0058087879953651,0.0264293327320428,0.0079941980581244,0.0806876392726986,0.0751578125519524,0.1346611375144380,-0.119576035067439,0.7017341990630390,0.3373880167666640,86.11176682356550
Combined,530,LLMRidge_Concat_KP,0.5,3,0.0793993423031714,0.1409302194769300,0.0129101882824885,0.1445425077349300,0.2509356830395120,0.1592976814339810,0.4625785934730570,0.548286193244641,0.5906338053286730,276.9027401191750
test_seen,369,DNN_MultiCtx,0.5,3,0.3806188667467200,0.416582827156804,0.0109256657369202,0.1257162912222330,0.4538519559125230,0.4303074355559160,0.7661499780735800,0.6335981885338700,0.8088841757982800,143.7907696221060
test_unseen,161,DNN_MultiCtx,0.5,3,0.1475013262336260,0.1754932474105910,0.0068488556115095,0.0700210209142986,0.1091199364388070,0.3782065284938770,0.1011046876083130,0.7176320022543410,0.4366847092251880,85.31991401171310
Combined,530,DNN_MultiCtx,0.5,3,0.3237648716057110,0.353991101801178,0.0096872385101445,0.1087975392985020,0.349131474525224,0.4144805562408440,0.7190671256512600,0.6591254413810320,0.6958198095373970,237.3299506504750
test_seen,369,MLP_Concat_KDP,0.5,3,0.2831514092991370,0.3281651127376160,0.0119043967735809,0.1470993882508880,0.4194358878700840,0.3615003577001140,0.6643388878110620,0.5873894088657330,0.7642122735026970,158.9837666502870
test_unseen,161,MLP_Concat_KDP,0.5,3,0.1075948315941550,0.1261245237759870,0.0066715104943604,0.0714917374257888,0.0951075272966156,0.3820516320245790,0.0099119003862142,0.7170214514670830,0.3332080921462030,100.58616434039600
Combined,530,MLP_Concat_KDP,0.5,3,0.2362598227297330,0.2713113083691260,0.0103147841491385,0.1241317811134520,0.3209134990921060,0.3677432919760370,0.6180077736570900,0.6267681991653890,0.6332845882227060,267.5072121593890
test_seen,369,Ridge_Concat_KDP,0.5,3,0.3534263064548790,0.4535740997584540,0.0131792615806345,0.1294212754785320,0.3606319196514660,0.3159962763951910,0.7128682288030780,0.6626759084226000,0.8300521001429300,75.89769743364740
test_unseen,161,Ridge_Concat_KDP,0.5,3,0.029046027240395,0.0734502907411922,0.0094476170687479,0.0778824507071158,0.0663664510957799,0.1074249316221110,0.0568809080868959,0.6920710587185480,0.3484248963824870,45.87761814041360
Combined,530,Ridge_Concat_KDP,0.5,3,0.2754027375445210,0.3549334146527000,0.0120456865496652,0.1137651419158940,0.2712418433543620,0.2526378112848780,0.666426648575384,0.671605378606841,0.6837464778685310,126.66782350686500
test_seen,369,KNN_KDP,0.5,3,0.2562246472731040,0.3261237416101060,0.0142416060094227,0.1485040949150710,0.3957798379703570,0.2844473526842780,0.6565262561473670,0.6069026285726000,0.76683521088519,147.06255694849000
test_unseen,161,KNN_KDP,0.5,3,0.0324840805001574,0.0989472854437755,0.0089162208793779,0.0790603275347016,0.0946879479081699,0.2015233533793580,-0.1710622394795730,0.7043642639927670,0.4131432798318640,68.21052838282220
Combined,530,KNN_KDP,0.5,3,0.2081806617612370,0.2746251422156750,0.0126238946774657,0.1274089127485820,0.3043160751401450,0.2592572321407080,0.5979359201737780,0.6365088989549520,0.6593929450369160,221.908957050546
test_seen,369,KRR_KDP,0.5,3,0.3080194687916570,0.3683749457234450,0.0124026477307272,0.1441699768187070,0.4042817627242440,0.3376265286291350,0.688615224779624,0.5947869119522950,0.7956926450171870,124.49763258543800
test_unseen,161,KRR_KDP,0.5,3,0.1729963001321010,0.2801121107356430,0.0077216989245743,0.0680631205315875,0.052778891831023,0.3314849244026750,-0.0558921882621171,0.7375453510079960,0.5777571651657290,33.96109579547210
Combined,530,KRR_KDP,0.5,3,0.2837685986876110,0.3568420652794510,0.0109806991311222,0.121050724248469,0.297504475528379,0.3357608714961920,0.6359067353607400,0.6381531547597820,0.7294896030245750,160.58749520596500
test_seen,369,RIDGE_LatentReg_KDP,0.5,3,0.2841301357381650,0.3323406253766630,0.0123222395954421,0.1487472902447480,0.4144389564302370,0.3469245711708410,0.6742849180569510,0.5869795748997190,0.7768402825805200,155.6445795287210
test_unseen,161,RIDGE_LatentReg_KDP,0.5,3,0.1508727322938640,0.2452554329868210,0.0072370110456716,0.0685423031745964,0.0687373357434057,0.3554027294848720,-0.152203244577395,0.7294438117155300,0.5411593420141130,54.981499558738600
Combined,530,RIDGE_LatentReg_KDP,0.5,3,0.2613041471530010,0.3225272876755380,0.0107774814888137,0.1243831337951360,0.3094239358065010,0.3495000117152920,0.6157724817642540,0.6302564468381070,0.7052466383707240,208.47910259406300
test_seen,369,BalancedKRR_lambda0.5_KDP,0.5,3,0.3820281481615000,0.4288106750317360,0.0112596803514926,0.1302413506313060,0.4492038246921650,0.4075763168489140,0.756494875617963,0.6392077909436940,0.8314250439290780,132.32572877542100
test_unseen,161,BalancedKRR_lambda0.5_KDP,0.5,3,0.2167126805440980,0.3321355760705790,0.0067675358326391,0.0659906418665772,0.0272298253482537,0.4059216103936550,-0.068891912521899,0.7391421761439020,0.6562364240510050,34.49367946299260
Combined,530,BalancedKRR_lambda0.5_KDP,0.5,3,0.3503269461124510,0.4155664931126300,0.0098950855070861,0.1107236824971140,0.3210192701744860,0.4070736607370330,0.6980604127408050,0.6695652173913040,0.7782073688340410,171.8149875130400
test_seen,793,Presage_MultiCtx,0.1,3,0.4306110939939650,0.4892477461951320,0.0148637245009377,0.0693758922537873,0.3300033037658740,0.5131886346050470,0.7780040260720570,0.7474147478792000,0.8338160901593030,277.8540750446690
test_unseen,161,Presage_MultiCtx,0.1,3,0.0458829760952052,0.0211824575604177,0.0102612842730467,0.0640815720631353,0.0739735464797325,0.464526285348319,0.1899969668238230,0.6890043211043260,0.4345870836130430,85.33315501802190
Combined,954,Presage_MultiCtx,0.1,3,0.3831155100410700,0.4263759749251540,0.0140870024079708,0.0684824063515913,0.2867949275362430,0.5049762255585770,0.7552791155697100,0.7375572230251600,0.7664409643165900,360.33920641800300
test_seen,848,Presage_KP,0.1,1,-0.0008175873833474,-0.019401743944514,0.0131999096375962,0.1328879665373060,0.1864620254181160,0.1690850193397970,0.4056940742347150,0.5633934051357180,0.5100514264784490,693.2563761010360
test_unseen,106,Presage_KP,0.1,1,0.1368776276442930,0.1731207840358850,0.024744564958609,0.2179340123870050,0.4551574434958870,0.1704076224458520,0.6439071715165440,0.2882852560929740,0.8258726167613690,63.77114875538660
Combined,954,Presage_KP,0.1,1,0.0200039960164279,0.0097930559833058,0.0144826491177088,0.1423375271872730,0.2163170718712010,0.1692319752404700,0.4622696848391500,0.5328258330198580,0.5451426698432180,770.9942608189130
test_seen,848,Presage+,0.1,1,-0.0093088108820974,-0.0327316885666563,0.0134810015818062,0.1345578705372590,0.1854273331552540,0.1219715084734930,0.4184527544957590,0.5650094537607160,0.5114892890375970,678.6444663296560
test_unseen,106,Presage+,0.1,1,0.1252759053937090,0.1575575042126340,0.0250180683076311,0.2217668009576670,0.4436273293931630,0.1429803144499680,0.650212126258935,0.2757825338058560,0.8151913520362710,61.94467568345490
Combined,954,Presage+,0.1,1,0.0117907489793869,-0.0030069835496298,0.0147628978846756,0.1442477516950820,0.2141162216261330,0.1243058202486560,0.4734956052895130,0.5328731293212870,0.5452339627041170,754.9810839642280
test_seen,350,Presage_KP,0.5,1,0.1548353781746260,0.2062697718754590,0.0156141354860543,0.1573902009885240,0.2759665374679870,0.1822254716852140,0.5466891452886340,0.6115227629513340,0.6097080062794350,188.367477662504
test_unseen,106,Presage_KP,0.5,1,0.186207457056346,0.2505211007236850,0.0273265655947596,0.2228231042481880,0.3641278163685490,0.1911578803421540,0.6122680756692560,0.3435828322620780,0.7019904623678210,41.448414615325
Combined,456,Presage_KP,0.5,1,0.1627573757339960,0.2172318570462090,0.0183367617832534,0.1726004811322180,0.2964601680896090,0.1843018649256430,0.5689391395249160,0.5492384808174280,0.6311596298438400,236.2834730225760
test_seen,554,Presage_KP,0.3,2,0.0974962282732909,0.1768816856136110,0.0145322460087599,0.1824947434774600,0.2351068352569080,0.1489401028862010,0.5073141711227620,0.5496895088395770,0.6126233635723140,252.881134086652
test_unseen,108,Presage_KP,0.3,2,0.1556367802305770,0.2152168468393500,0.0174424926433573,0.1693889406319740,0.2958481200408960,0.1214063489132090,0.5739754172012920,0.4134588446237460,0.701042191965036,52.448223239671000
Combined,662,Presage_KP,0.3,2,0.1088784018790460,0.1825961534731070,0.0150070294476368,0.180356636668831,0.2450162895721200,0.1444481913619060,0.5224036795474150,0.5274645666412240,0.6270481875397070,313.06185251011300
test_seen,554,Presage_MultiCtx,0.3,2,0.388481287386251,0.5029752568185640,0.0131130454642856,0.1088337601594730,0.3313224203476840,0.3267933102538570,0.7191382610283030,0.7662277372103310,0.8066789734403080,157.0648351935350
test_unseen,108,Presage_MultiCtx,0.3,2,0.2229970946469320,0.3309630391693700,0.0169546367401352,0.1566612963687090,0.2990424517760160,0.2016317916028620,0.53868664019652,0.4724463495265310,0.7461478119571920,30.069235486513000
Combined,662,Presage_MultiCtx,0.3,2,0.357209930875986,0.4733998120178420,0.0137397703249982,0.1166364397827320,0.3260562019100100,0.3063742105343590,0.6782910459976130,0.7182996558359350,0.7968037990593760,187.16386169337100
test_seen,422,Presage_KP,0.5,2,0.1521679162878970,0.1919351057766880,0.0110122398860731,0.1283680291905760,0.2773374136923180,0.2832096624909470,0.5388024783176490,0.593966976948369,0.6568729338195110,216.78389351496500
test_unseen,108,Presage_KP,0.5,2,0.1742695855263210,0.2169574304948810,0.0167634054828037,0.170163039943926,0.3168719156623620,0.235537351359581,0.5713376663069560,0.3768641041797940,0.7112476370510400,55.67755016423050
Combined,530,Presage_KP,0.5,2,0.1568744174530760,0.1967799575373420,0.012184175517105,0.1368847483629570,0.2853935008862130,0.2734953047509700,0.5496019734905700,0.5497271462709990,0.667953062025181,278.3455841269910
test_seen,624,Presage+,0.3,1,0.0691670485212862,0.0927140565005038,0.0131873623061911,0.1352801801539050,0.2275540074806010,0.1947672998015120,0.4568375666600720,0.5807503253490910,0.5527747001512430,503.8447637404650
test_unseen,106,Presage+,0.3,1,0.1137259929651460,0.1577572141545080,0.0273907129499362,0.232294750617765,0.3786223401618280,0.0809354946104484,0.5539756507591460,0.2580686906333310,0.7088412661438520,57.99746104209300
Combined,730,Presage+,0.3,1,0.0769559640619324,0.1034691958112170,0.0152497666462418,0.1493672273719450,0.2494899571576010,0.1782382979518510,0.4833551470894170,0.533895183869816,0.5754364206926360,570.3584190605050
test_seen,369,Presage_MultiCtx,0.5,3,0.4040328321620830,0.4948244052042020,0.0124738986684237,0.1096193787672100,0.4182285444547410,0.3953139919525350,0.7434456199984680,0.7087002628060310,0.8496626554167240,113.46666231426000
test_unseen,161,Presage_MultiCtx,0.5,3,0.1190892420365610,0.1460715714424030,0.0075955097603373,0.0714871086786922,0.0772707575811689,0.2727941291316860,0.163537435817223,0.7081919477744250,0.3896018504385400,62.84321710810090
Combined,530,Presage_MultiCtx,0.5,3,0.3326633205207990,0.4043215495910920,0.0109919729812503,0.0980358023818303,0.3146545752346560,0.3580956940012960,0.7023901733307700,0.7085458501266180,0.7099083354139170,179.44031524181600
test_seen,573,Presage_MultiCtx,0.3,3,0.3769575275034140,0.4150341968122290,0.0112785201132332,0.0715008648256227,0.3072414476125670,0.5206256657502400,0.7705913278301890,0.7089990928765810,0.7268606148915860,238.999879231062
test_unseen,161,Presage_MultiCtx,0.3,3,0.0831201711702095,0.0796105212333574,0.0089316553039832,0.0622010112273872,0.1013109572711140,0.4353835829805160,0.1066974837577950,0.6409293891350950,0.4913272266614700,88.52853092508850
Combined,734,Presage_MultiCtx,0.3,3,0.3262279038803150,0.354167473056608,0.0107637445896784,0.0694609786821406,0.2620714081779980,0.5019281516822220,0.7261465516579790,0.6940682723011330,0.6751972967648160,328.93540530216200
test_seen,842,Presage+,0.1,2,-0.0103891380869022,-0.0351081935924286,0.0149371037225806,0.1438967780248720,0.1962917733756870,0.3318197282069960,0.4834996468995230,0.5350350037168770,0.5282332446455700,719.2933053778000
test_unseen,108,Presage+,0.1,2,0.0654324780697485,0.0621270643838881,0.0190594924304881,0.1773827790759640,0.304103145542667,0.3109170481089680,0.5004412554210920,0.3986164773836010,0.6445185965733910,83.27603193682170
Combined,950,Presage+,0.1,2,0.0006789006984991,-0.0214696302494624,0.0154057542283216,0.1477036076180490,0.2085482241062490,0.3294434235221680,0.4868965684051170,0.5195263712495150,0.5414530530752590,810.9796907842710
test_seen,573,Presage_KP,0.3,3,0.1194714041388500,0.110831002903151,0.0122832172229847,0.1241762369922680,0.2557942897897210,0.4339439777007840,0.5525393029116760,0.5217150108688150,0.5811970695866040,427.5161457348910
test_unseen,161,Presage_KP,0.3,3,0.034267447068381,0.0197829666473876,0.0084016161371491,0.0745529463914596,0.1101358288646200,0.4643770519973500,-0.0535809504922915,0.6368027251235030,0.4861413573080930,124.15233205257800
Combined,734,Presage_KP,0.3,3,0.1061053993566310,0.0961043427485644,0.0114318033608328,0.113291564258303,0.2238446818756320,0.4406193523080690,0.5119622148176860,0.5469590462843530,0.5603469746590290,556.5883997291770
test_seen,793,Presage+,0.1,3,0.0865804938392993,0.0618921386552421,0.0159283252614455,0.1334298004447850,0.2511980440962040,0.4314166445349930,0.5110997659070110,0.4948983034923890,0.545616219570772,657.8729930677840
test_unseen,161,Presage+,0.1,3,0.0401044784140253,0.0009728958844977,0.0091079897576187,0.0698096145705352,0.1065319931937110,0.541790185832804,0.1296343620793030,0.6700449055939730,0.4753540633370920,135.54674799282400
Combined,954,Presage+,0.1,3,0.0824773049670737,0.0553561585736195,0.0147773042801917,0.1226930604806820,0.2267837524868730,0.4500436258231980,0.4963571416044900,0.5244565874948580,0.5337585600806020,799.7137119959400
test_seen,369,Presage_KP,0.5,3,0.2069843793912470,0.2767936600906730,0.0134351585682376,0.1607809581934380,0.3661611747231670,0.2665813252439320,0.5851125560516650,0.5216571636415800,0.7569069830584890,142.09725307432300
test_unseen,161,Presage_KP,0.5,3,0.091647285812984,0.1325418390946400,0.0074314685427644,0.0733760698518886,0.0813318975150315,0.2951213378951530,-0.0371559100538708,0.7130528713499040,0.3611760147471500,72.39814391729840
Combined,530,Presage_KP,0.5,3,0.176510835654518,0.237374602202149,0.0116113961265372,0.1342296619236460,0.2796375640995630,0.2752510272002460,0.5410581513716270,0.5797981239076940,0.6366943681563650,221.92966577819300
test_seen,842,Presage_MultiCtx,0.1,2,0.275216835811895,0.2925508789880770,0.0150825625606723,0.0761103210125072,0.2704288609301870,0.4704933794464730,0.7754894135073750,0.7179766675260120,0.6746556570361600,529.6535847659330
test_unseen,108,Presage_MultiCtx,0.1,2,0.1261133597184490,0.1612774142238820,0.0207564714682388,0.1526577631915690,0.3109344184900070,0.3587527803998220,0.5348135681278930,0.437497560785232,0.6818971236779460,69.92560328452320
Combined,950,Presage_MultiCtx,0.1,2,0.2517213101193160,0.2755337263936250,0.0157275964154272,0.0848125565444427,0.2750337032633030,0.457790237660117,0.7272320739515910,0.6860906217070600,0.675478897454384,607.0190831880080
test_seen,624,Presage_MultiCtx,0.3,1,0.3648585831085860,0.4491355630556210,0.0127727809304832,0.0849282822095976,0.2891571734970680,0.3203758081045770,0.7183675828972290,0.7569950054517960,0.7621236502409340,216.44631128226500
test_unseen,106,Presage_MultiCtx,0.3,1,0.3269267974242500,0.3917418630049020,0.0243033268540248,0.19534032250306,0.4570464766234340,0.3216084147211790,0.6989216832635240,0.3064678934699900,0.8787949374951470,34.01535796329940
Combined,730,Presage_MultiCtx,0.3,1,0.3550994567632170,0.4351503443672070,0.014447079379655,0.1009607154576890,0.3135356202524030,0.3205547893393160,0.7130590758133150,0.6915760001503280,0.7790649604449700,249.55092455362600
test_seen,848,Presage_MultiCtx,0.1,1,0.3496535667147390,0.4272858725278330,0.0133750552250393,0.0729234759011681,0.2505048175468650,0.4271222652283600,0.718918096867995,0.7468607079926350,0.7687169613336240,309.6544376383830
test_unseen,106,Presage_MultiCtx,0.1,1,0.210182565141645,0.3145483183853500,0.0250351059328373,0.2017219968139280,0.3916296485502510,0.1848945968121710,0.6440503303968670,0.278970084539389,0.8802193668455130,31.130784056969700
Combined,954,Presage_MultiCtx,0.1,1,0.3298110614748910,0.4115501937963890,0.0146706164147946,0.0872344226692525,0.2661853543250190,0.4002080798487830,0.7011370023311020,0.6948728609422740,0.7811061175016110,338.5037130028580
test_seen,624,Presage_KP,0.3,1,0.0907382023068519,0.1137179234711410,0.0131634506541075,0.1342123074163270,0.2224737943211810,0.2050780384905220,0.496395082049112,0.5808954134571420,0.5614052442756150,463.2637265026300
test_unseen,106,Presage_KP,0.3,1,0.1607329745131940,0.1967009265836930,0.0272496992952536,0.2296225450818420,0.4008736273427810,0.1118367104407140,0.6216754304940780,0.2502135258948680,0.7529181872298580,53.84140771797420
Combined,730,Presage_KP,0.3,1,0.1024527437566180,0.1261783516684660,0.015208851141726,0.1480663967211830,0.2483784276092490,0.191538886746303,0.5305951771705830,0.5328785914275510,0.5892139729785600,525.6222066994770
test_seen,422,Presage_MultiCtx,0.5,2,0.3765051840736100,0.4405005437231700,0.0099446832654542,0.092297647313761,0.3397822093174800,0.3952158590114840,0.7459582992644990,0.7565020292244150,0.788929304150727,138.49437198359500
test_unseen,108,Presage_MultiCtx,0.5,2,0.2414500020489720,0.305159490537412,0.0166040478048104,0.1541002547029280,0.3486338988720390,0.2853996986975070,0.5943415256523680,0.4518133445354620,0.7344920534901630,42.97977778438890
Combined,530,Presage_MultiCtx,0.5,2,0.3403949629413220,0.4076327716902020,0.0113016858508324,0.1048913861779690,0.3415859498304840,0.37283822634373,0.6956317231495480,0.6944145236651570,0.7778364304312160,184.34831543646600
test_seen,842,Presage_KP,0.1,2,0.019544569430749,-0.0158919163348375,0.0139976045788302,0.1443633904187570,0.205202663772482,0.3916304020284870,0.5219173293872550,0.5379309136508240,0.5258191520515410,746.2069907434590
test_unseen,108,Presage_KP,0.1,2,0.0867276305575557,0.0729619309508858,0.018261497420402,0.178161445737602,0.3105951496243680,0.3571870286579620,0.5375455948942320,0.3849861452601180,0.6607247394918630,86.54173372034560
Combined,950,Presage_KP,0.1,2,0.0290710411258188,-0.0038949831387891,0.0144823418702931,0.1482056956550040,0.2171841253219600,0.3877147343189950,0.5250509156183500,0.5205435084021960,0.5411557872552830,841.0736217242110
test_seen,422,Presage+,0.5,2,0.142730283333896,0.1959269746976620,0.0111619113486529,0.127585499523792,0.259801620222784,0.2818606368994610,0.5061828680419260,0.5869654807873210,0.6607163654933300,207.4697255661180
test_unseen,108,Presage+,0.5,2,0.1558360764529460,0.2074855894772960,0.016986395500029,0.169442736772197,0.3091395774248390,0.2278954241458740,0.5312463563279390,0.3765665476440520,0.685465238395295,54.62047284306470
Combined,530,Presage+,0.5,2,0.1454669593715080,0.1982268884264400,0.012348787364405,0.1361148988121460,0.2698553926337690,0.2708639520364660,0.5145022612124930,0.544091735920391,0.6657595320469380,267.7625229972600
test_seen,573,Presage+,0.3,3,0.124312581653586,0.1105488292917910,0.0121751655107581,0.1255313691215900,0.261968067631508,0.4418723884938970,0.5660006370820580,0.5323433545471640,0.5837374913394710,445.439135038186
test_unseen,161,Presage+,0.3,3,0.0235112459122793,0.0006756504843366,0.0084620721788209,0.0765221525845983,0.1077944454903610,0.4605340552399040,-0.034786743152673,0.6325574301136320,0.475167989967207,129.43371012223200
Combined,734,Presage+,0.3,3,0.1080441721440240,0.092278269698059,0.0113607131586574,0.1147813911073450,0.2281506927476870,0.4459657513632530,0.525780561417808,0.5543249160814990,0.559923200166536,579.9307959041310
test_seen,554,Presage+,0.3,2,0.1231578839107410,0.1721747941837670,0.0143351136163352,0.1812566840664500,0.254513352506784,0.160851471362773,0.592237187201198,0.5506015936907760,0.6218916749045590,284.3409657872010
test_unseen,108,Presage+,0.3,2,0.1518100030366190,0.198378284173788,0.0173792390611206,0.1696466302985080,0.3098931878435200,0.1160346048003540,0.588946083174131,0.4111055079285030,0.7016865579649240,59.38270350554860
Combined,662,Presage+,0.3,2,0.1280319254439320,0.1757662406572460,0.0148317383112549,0.1793625967447920,0.2635481292686680,0.1535399583888440,0.591492209498796,0.527843924110224,0.6349095712346490,352.3627767766920
test_seen,350,Presage_MultiCtx,0.5,1,0.4224169741465310,0.5105296188085890,0.0135071795500907,0.1003636349719980,0.3578096669016890,0.3371640515052750,0.7431335099403310,0.774342229199372,0.8083390894819470,100.68927964130600
test_unseen,106,Presage_MultiCtx,0.5,1,0.3149135362356490,0.3855158951913150,0.0245547001700333,0.1986317486004300,0.4307729469672950,0.3111902136363670,0.684978021616359,0.3929711797636330,0.8355380468588020,33.17378919253630
Combined,456,Presage_MultiCtx,0.5,1,0.3918440456637450,0.4767484029288620,0.0160752435538493,0.1232066613856250,0.3747704293730800,0.3311262734041690,0.723402183544698,0.6856901870059760,0.8146616541353380,132.1083878222130
test_seen,369,Presage+,0.5,3,0.2301497511384850,0.2821572550033220,0.0130894218064708,0.1599582904063190,0.3851684042016720,0.2882209091390640,0.6343724592632380,0.5242237488537460,0.7619018345192900,148.12472749148000
test_unseen,161,Presage+,0.5,3,0.0976836001792694,0.1351664615725510,0.0070850171614066,0.0716658144347322,0.0897623786818491,0.3176506886174020,-0.0606347480315835,0.7099766346910260,0.3549178691777530,76.95360105714210
Combined,530,Presage+,0.5,3,0.1952658894755070,0.2403103665487650,0.0112654422822155,0.133137368460233,0.2954318568267820,0.2971608987541820,0.5851684091892680,0.5806505688911080,0.6382708563683700,233.31308114204800
test_seen,350,Presage+,0.5,1,0.1445958811396920,0.244742666835623,0.0161348530932207,0.1607155629331680,0.2251862641047230,0.1508749768102750,0.4569805471618930,0.5976389324960750,0.6428697017268450,121.78159192375700
test_unseen,106,Presage+,0.5,1,0.2723772697900440,0.3476714568762350,0.0262772494213258,0.2157538288190400,0.3954809202440340,0.22284155135276,0.6679529089777250,0.3646278250051840,0.831598590089156,32.65095483999140
Combined,456,Presage+,0.5,1,0.180289749414271,0.2718480140484560,0.0184925153975609,0.1735095457926030,0.2647723025932470,0.1676040489626950,0.5285604556351210,0.5434740697898590,0.686740890688259,156.1545544618950
test_seen,793,Presage_KP,0.1,3,0.0652651109307831,0.0413616098770549,0.016248684884807,0.1381756290377210,0.2497141570635620,0.4329060094999530,0.4822501549337940,0.4931609082091600,0.5356761484606260,697.2619614093110
test_unseen,161,Presage_KP,0.1,3,0.0257727201280962,-0.0247011704303338,0.0095402831666505,0.0741213550699459,0.1038382651915940,0.5398819375542490,0.1729344686269800,0.6605489040819120,0.4717824718280940,142.70602985815600
Combined,954,Presage_KP,0.1,3,0.0613887480855045,0.0344956386376434,0.0151165541965227,0.1273656310200980,0.2250956889384180,0.4509595990353220,0.4702959255113090,0.5214098257516260,0.5248932533475880,846.397651843322
test_seen,441,GEARS,0.1,2,0.0738851370881281,0.1975131673297770,0.016294204957354,0.1216686621269280,0.1185827531960890,0.3902614237119170,0.394484591201111,0.5740822190945340,0.5887676909844400,70.49780412779450
test_unseen,24,GEARS,0.1,2,-0.0273382510175897,0.1682489253908550,0.0244744674025607,0.1616272407561660,0.2073517007562470,0.2274313722886800,0.3837954927779570,0.2859195402298850,0.7684985632183910,5.141202906376510
Combined,465,GEARS,0.1,2,0.0687945088139,0.1978157316447140,0.0167164120513001,0.1237310403787590,0.1231643762959680,0.3818572920255560,0.3935414354578920,0.559209306637004,0.5980441230997400,74.9616551515344
test_seen,369,GEARS,0.1,3,0.0727479350572842,0.2228427701577730,0.0198278184278968,0.1453368875754290,0.201405762806139,0.2956354650932700,0.449826159704395,0.5108119323159210,0.7050322488102010,66.8103153871188
test_unseen,161,GEARS,0.1,3,0.0621200171621914,0.1657590164227100,0.0129522298327878,0.0613453706578175,0.0350576451344331,0.4387174784046180,-0.1105724689819360,0.7017341990630400,0.3719663257758100,22.136332863819100
Combined,530,GEARS,0.1,3,0.0794529362121457,0.2178063687129950,0.0177391962320241,0.119822483379702,0.1508735987586960,0.3391000012123770,0.4101519205053630,0.5688090737240080,0.6038556193601310,89.31924443047930
test_seen,328,GEARS,0.5,2,-0.0142981695155071,0.1824957236805800,0.0161488969194238,0.1421789024093860,0.1100657894368430,0.1267580074493710,0.2827913742175960,0.5693488986171910,0.5899867973038710,50.97790030174430
test_unseen,24,GEARS,0.5,2,-0.0124373769774871,0.1954946651241680,0.0244744674025607,0.1740762735071270,0.2073517007562470,0.0937597879746986,0.3837954927779570,0.2765906932573600,0.7781339031339030,5.141202906376510
Combined,352,GEARS,0.5,2,-0.0127033664796527,0.1847425061180630,0.016716549452365,0.1443537231660500,0.1166989197540750,0.1245081288488250,0.2955229858008350,0.5493881118881120,0.6028150090650090,55.45148593281440
test_seen,369,GEARS,0.5,3,0.0729027812386808,0.254044233615893,0.0198278184278968,0.1689496400213780,0.201405762806139,0.129947841796698,0.449826159704395,0.5108119323159210,0.7050322488102010,66.8103153871188
test_unseen,161,GEARS,0.5,3,-0.0276494974791899,0.1141489240457950,0.0129522298327878,0.0823439480872352,0.0350576451344331,0.1301589974396850,-0.1105724689819360,0.7017341990630400,0.3719663257758100,22.136332863819100
Combined,530,GEARS,0.5,3,0.057931349968462,0.2291078216534120,0.0177391962320241,0.1426411185093080,0.1508735987586960,0.1300119853033410,0.4101519205053630,0.5688090737240080,0.6038556193601310,89.31924443047930
test_seen,170,GEARS,0.5,1,0.0702291172563051,0.2556865079238660,0.0200550952535978,0.1694873367348510,0.1861039507015720,0.1031575046440940,0.3484320041411460,0.614938080495356,0.5974974200206400,32.036788437667700
test_unseen,59,GEARS,0.5,1,0.1746047585118680,0.3659171543402560,0.0266222287161614,0.1791710402755670,0.2685744017815280,0.1792898467266190,0.5252832758008040,0.5248290217068090,0.7554267023490930,17.805240723016100
Combined,229,GEARS,0.5,1,0.1094203209007370,0.3005818470432550,0.0217470641369657,0.1719822647213240,0.2073517961763200,0.1227723875387180,0.4118545291501270,0.5917222094537650,0.6381866237646520,44.516205206140700
test_seen,374,GEARS,0.3,2,0.0486548434255305,0.2425784788701800,0.0166200585823034,0.1525963980933760,0.131476681864307,0.0839242526470337,0.3903497416410460,0.5801398186936790,0.5988631312382980,58.93514686903410
test_unseen,24,GEARS,0.3,2,-0.0174605003694351,0.1985907751903620,0.0244744674025607,0.1715004052817440,0.2073517007562470,0.0857494825704283,0.3837954927779570,0.2942905121746430,0.7465365239294710,5.141202906376510
Combined,398,GEARS,0.3,2,0.046341132621502,0.2416597250061240,0.0170936912749822,0.1537363382253370,0.1360520598879420,0.0840343167630173,0.389731416276604,0.5629026745819780,0.6077680594407810,63.25746659751130
test_seen,327,GEARS,0.3,3,0.0611592256045333,0.2082142914247600,0.0193522794860725,0.1602550364156300,0.1959560965439160,0.2674779950584520,0.4281046587733380,0.4966938567903100,0.6829995792752230,58.414945574020400
test_unseen,161,GEARS,0.3,3,0.0311172282696471,0.1327326951338320,0.0129522298327878,0.0708518900772913,0.0350576451344331,0.3537832330850510,-0.1105724689819360,0.6817120920325990,0.3684747535296590,22.136332863819100
Combined,488,GEARS,0.3,3,0.0607725532090699,0.1995164489170150,0.0172407876947225,0.1307593262507270,0.1428727959764430,0.2959516494073910,0.3832148981270650,0.5577347089911470,0.5792321675026090,81.3446786425203
test_seen,225,GEARS,0.3,1,0.0559756440023988,0.236607270471172,0.0189731703539715,0.1546579177469860,0.1654854182959000,0.1057048810379380,0.3395970044482560,0.6059363957597170,0.5915194346289750,41.245915295525300
test_unseen,59,GEARS,0.3,1,0.1560492422170080,0.3596503172609410,0.0266222287161614,0.1795340963798050,0.2685744017815280,0.1668175497654620,0.5252832758008040,0.4915853147271970,0.7784033059831110,17.805240723016100
Combined,284,GEARS,0.3,1,0.0880160787081388,0.2766868267798000,0.0205622352954124,0.159825856265776,0.1869017916256610,0.1184008227806280,0.4018917535471750,0.5821803613198630,0.6303439008609960,52.915348160961100
test_seen,422,GEARS,0.1,1,0.063766398474984,0.1942746091729260,0.0162452512929915,0.1232528377074570,0.1139594233691120,0.2577423100772700,0.2647403511555110,0.5828593996840440,0.5641735781990520,68.27564559619780
test_unseen,59,GEARS,0.1,1,0.019578925092859,0.2298010800441690,0.0266222287161614,0.1869386695165020,0.2685744017815280,0.1240470056101970,0.5252832758008040,0.4013418079096050,0.8322033898305090,17.805240723016100
Combined,481,GEARS,0.1,1,0.0672238851750929,0.2129414329057350,0.0175181029935466,0.1310646133347610,0.1329246702014040,0.241343093936818,0.3379740380828370,0.5605942480942480,0.5970504158004160,79.87556805394220
test_seen,624,LLM_KNN_KP,0.3,1,0.1226856250793230,0.2228188224470150,0.0148380263415896,0.1290464746666500,0.1811717751139890,0.1554580280270710,0.4324468516302140,0.609748162217298,0.5995040624670260,209.1436462465240
test_unseen,106,LLM_KNN_KP,0.3,1,0.3065947703906820,0.4127508798094930,0.0255211253618498,0.1838743221178540,0.3887572195828710,0.2841167554840570,0.6425628716347190,0.4034474726298630,0.8528871289178770,31.53032917430980
Combined,730,LLM_KNN_KP,0.3,1,0.1607210012144960,0.2592534696192900,0.0163892708568603,0.1370077785431260,0.2113143191053610,0.1741399802331540,0.4898061099647770,0.579792171674465,0.6362966721160530,232.51895195895400
test_seen,350,LLM_KNN_KP,0.5,1,0.1838254737573600,0.3031322084329360,0.0166236585931311,0.1462721052757710,0.2155927814420100,0.1569353850419660,0.4898643129707580,0.6297770800627940,0.6504113029827320,85.28791748173310
test_unseen,106,LLM_KNN_KP,0.5,1,0.3394211001013940,0.4461371704013980,0.0257513538930346,0.184705636332263,0.3929307072942660,0.3018649075598760,0.6816777622488630,0.4745594028612900,0.8711382956665970,28.6991578699158
Combined,456,LLM_KNN_KP,0.5,1,0.2302420661192890,0.3459872412469650,0.0187454474128455,0.1552062155652190,0.2568160712234560,0.1906251424693750,0.5549438761186860,0.5936957779063040,0.7017206477732790,106.06753189670600
test_seen,551,scLambda-MultiCtx,0.3,2,0.1949459324,0.2280169184,0.01348293595,0.1666877739,0.3306862504,0.2353688695,0.6551641664,0.5789832248,0.6883643445,317.419721
test_unseen,108,scLambda-MultiCtx,0.3,2,0.1793522105,0.1940582237,0.01690698986,0.1651724124,0.3565717092,0.1770091441,0.6628176283,0.4099262636,0.6759681414,63.98496539
Combined,659,scLambda-MultiCtx,0.3,2,0.1928084069,0.2220830058,0.01404408591,0.1664394293,0.3349284804,0.225804605,0.6569015903,0.5512773798,0.6863327968,388.0456774
test_seen,349,scLambda-KP,0.5,1,0.06066229649,0.1035040261,0.01635440379,0.1669864172,0.2578578443,0.1041605236,0.4639109331,0.5834290547,0.5416987491,242.7577893
test_unseen,106,scLambda-KP,0.5,1,0.1095311016,0.1422694558,0.02818015603,0.234610244,0.3527912078,-0.01074679026,0.6007101346,0.3314146787,0.6356495719,53.69933893
Combined,455,scLambda-KP,0.5,1,0.07497394537,0.1139826709,0.0191094142,0.1827405395,0.2799741883,0.07739090765,0.5104913063,0.5247180133,0.5635861935,305.4478515
test_seen,793,scLambda-MultiCtx,0.1,3,0.07758327865,0.04435265785,0.01710792061,0.1314084302,0.2594624273,0.3728843786,0.5487967828,0.5133562202,0.5526140268,686.5073838
test_unseen,159,scLambda-MultiCtx,0.1,3,0.02137776932,-0.06084177638,0.01042094422,0.07378463678,0.1257062549,0.4540113671,0.3364286975,0.6768115654,0.5090768407,141.7517373
Combined,952,scLambda-MultiCtx,0.1,3,0.0719212629,0.03389481732,0.01599108317,0.1217842882,0.2371228985,0.3864339492,0.5405893206,0.54065601,0.545342585,834.6113643
test_seen,369,scLambda-KP,0.5,3,0.1320016334,0.198418935,0.01462046665,0.1693177991,0.3340381613,0.2031666605,0.5472803708,0.4957138376,0.7112561258,174.8686514
test_unseen,159,scLambda-KP,0.5,3,0.1135077337,0.131557565,0.007317868922,0.07257561826,0.08073979773,0.3566775859,0.1453572151,0.7167066461,0.3572732806,91.18292249
Combined,528,scLambda-KP,0.5,3,0.1248021243,0.1815662578,0.01242138892,0.1401852105,0.2577608132,0.2493943824,0.5188256341,0.5622628083,0.604659019,273.117076
test_seen,623,scLambda-MultiCtx,0.3,1,0.1677801999,0.1700379028,0.01224260235,0.1224532109,0.2604600621,0.2623117121,0.6207506007,0.595413014,0.5938696135,436.5561965
test_unseen,106,scLambda-MultiCtx,0.3,1,0.4427272406,0.4691447251,0.02175007654,0.1539189444,0.5605201689,0.4561827604,0.8361412011,0.4180489322,0.9170770267,45.38085918
Combined,729,scLambda-MultiCtx,0.3,1,0.2185832382,0.2222016114,0.01362503344,0.1270284753,0.3040902011,0.2905014667,0.6797192089,0.5696234493,0.6408654788,481.50754
test_seen,623,scLambda-KP,0.3,1,0.08179839571,0.1020688916,0.01310084543,0.1329544337,0.2214981625,0.1972786588,0.4907156731,0.5791477784,0.5466547898,473.6176522
test_unseen,106,scLambda-KP,0.3,1,0.1421084549,0.1708700931,0.02706335281,0.2275553056,0.3912779797,0.07257049481,0.6161444978,0.2467343977,0.7333609786,57.6666431
Combined,729,scLambda-KP,0.3,1,0.09276433042,0.1132546674,0.01513105913,0.1467098417,0.2461849398,0.1791455101,0.5250549767,0.5308133225,0.5738027405,538.2943259
test_seen,573,scLambda-MultiCtx,0.3,3,0.2013743714,0.2015573407,0.01101622604,0.1056436286,0.2680080959,0.5268680308,0.6062752801,0.5471144503,0.6021778004,388.8537005
test_unseen,159,scLambda-MultiCtx,0.3,3,0.1694764956,0.1705010338,0.006737003574,0.05939196329,0.1332667641,0.5980775131,0.08556610835,0.6651352072,0.545371637,115.6624407
Combined,732,scLambda-MultiCtx,0.3,3,0.1971186026,0.1974030902,0.0100867228,0.09559716034,0.2387405116,0.5423356643,0.5714160886,0.5727501065,0.5898387567,508.5546222
test_seen,839,scLambda-KP,0.1,2,-0.06452651093,-0.07564796467,0.01728479586,0.1498903104,0.1894968507,0.2235070135,0.4444292442,0.5559157559,0.526341386,688.051907
test_unseen,108,scLambda-KP,0.1,2,0.02778489535,0.03247807862,0.02119027618,0.185127326,0.307867814,0.2411302377,0.4712507934,0.4176062955,0.6376947772,84.04462623
Combined,947,scLambda-KP,0.1,2,-0.05062179324,-0.05983054556,0.01773019383,0.153908893,0.2029963903,0.2255168427,0.4498208533,0.5401423434,0.5390406112,780.5326153
test_seen,369,scLambda-MultiCtx,0.5,3,0.2687604392,0.3246869962,0.01278757307,0.1507045752,0.4027008064,0.3333353841,0.6574487023,0.5481145514,0.7860569877,146.1834965
test_unseen,159,scLambda-MultiCtx,0.5,3,0.1926082765,0.2116731296,0.006307739514,0.06716741391,0.1320780136,0.4296273,0.190140137,0.7361951476,0.4575561204,88.84830362
Combined,528,scLambda-MultiCtx,0.5,3,0.2467562573,0.2933316311,0.01083625956,0.1255484982,0.3212064427,0.3623323815,0.6243649101,0.6047524582,0.6871334311,239.3885836
test_seen,845,scLambda-MultiCtx,0.1,1,0.0627885921,0.0325268223,0.01304488264,0.1237860515,0.2271375444,0.226907789,0.5255799829,0.5744665213,0.5427530364,678.3783257
test_unseen,106,scLambda-MultiCtx,0.1,1,0.3087745787,0.3302334827,0.02256795725,0.1840250695,0.543586066,0.3688004824,0.7875611749,0.3597318769,0.8843594836,53.68208854
Combined,951,scLambda-MultiCtx,0.1,1,0.09780031261,0.07430212553,0.01410633996,0.13050039,0.2624094091,0.2427233784,0.5879564572,0.5505318501,0.5808290442,745.7259283
test_seen,551,scLambda-KP,0.3,2,0.03000379579,0.09326960228,0.01527861074,0.1864829821,0.2292120133,0.09391504388,0.4810094302,0.5348220147,0.5435157961,331.037441
test_unseen,108,scLambda-KP,0.3,2,0.126171062,0.1671417911,0.01780794631,0.1735018123,0.3281338888,0.0859386099,0.5643233611,0.4023696949,0.705983339,68.5955171
Combined,659,scLambda-KP,0.3,2,0.04845856847,0.1054001814,0.01569313008,0.1843555673,0.2454237926,0.0926078286,0.4999226502,0.5131151095,0.5701417364,408.0233675
test_seen,839,scLambda-MultiCtx,0.1,2,-0.02153718538,-0.03820609871,0.01573215889,0.139522645,0.1943457194,0.3227547483,0.4725460311,0.5568229066,0.5240105129,761.5271597
test_unseen,108,scLambda-MultiCtx,0.1,2,0.07563258543,0.07323026672,0.02009121248,0.1728027205,0.3089071006,0.2931758094,0.5383924356,0.4460985827,0.6413162634,83.48396917
Combined,947,scLambda-MultiCtx,0.1,2,-0.006784724009,-0.02263475269,0.01622928433,0.1433180496,0.2074107977,0.3193814374,0.4857823313,0.544195423,0.537388571,852.8959313
test_seen,793,scLambda-KP,0.1,3,0.0653270454,0.04630705442,0.01730652936,0.1351754499,0.2472423068,0.3176893766,0.5012076539,0.5130684764,0.5698667229,609.3090408
test_unseen,159,scLambda-KP,0.1,3,-0.0936586183,-0.1526554044,0.01095074495,0.07831507683,0.08004823693,0.3543968443,0.01360262395,0.6559001118,0.4388032458,125.2439138
Combined,952,scLambda-KP,0.1,3,0.04853288613,0.02335345858,0.01624500654,0.125678812,0.2193180872,0.3238201406,0.482363015,0.53692376,0.5479769195,740.7780515
test_seen,420,scLambda-KP,0.5,2,0.04352141673,0.09436987478,0.01203684451,0.1340066963,0.2419679859,0.2362455829,0.4024703553,0.5778395229,0.5710581007,283.4086662
test_unseen,108,scLambda-KP,0.5,2,0.1431224444,0.1674596507,0.01756804393,0.1722146446,0.3493677816,0.2059699778,0.5707656389,0.3627626678,0.6997505095,70.12341195
Combined,528,scLambda-KP,0.5,2,0.06865921651,0.1100938916,0.01316822621,0.1418219585,0.2639361259,0.2300528455,0.4583330755,0.5338465298,0.5973815479,359.7058724
test_seen,573,scLambda-KP,0.3,3,0.09260599659,0.1191681248,0.01361092742,0.1265136789,0.2322143206,0.3735288164,0.4791068172,0.5300229431,0.591670785,356.7481345
test_unseen,159,scLambda-KP,0.3,3,0.0364292869,0.03292123578,0.009423587906,0.07437664857,0.09555256091,0.420665403,0.0145284934,0.6360804963,0.4941537826,97.04472107
Combined,732,scLambda-KP,0.3,3,0.08349441431,0.1058487157,0.01270138236,0.1151888321,0.2025295941,0.3837675012,0.4480053395,0.5530600345,0.5704888131,457.6149631
test_seen,349,scLambda-MultiCtx,0.5,1,0.2592743991,0.2905830628,0.01372153935,0.1332307829,0.3334555174,0.2518229709,0.6654726566,0.6679184075,0.6649394746,193.0656769
test_unseen,106,scLambda-MultiCtx,0.5,1,0.5233123399,0.5705979425,0.02101555527,0.1328063862,0.6071663732,0.5263702461,0.84819104,0.6131867675,0.9238425734,36.61512082
Combined,455,scLambda-MultiCtx,0.5,1,0.333434897,0.3696587106,0.0154208046,0.1331319125,0.3972211233,0.315783435,0.7276885936,0.6551677397,0.7252553614,223.6680067
test_seen,845,scLambda-KP,0.1,1,-0.01962592754,0.01672252992,0.01470033375,0.1354252245,0.1569259471,0.158387357,0.2943727859,0.5671915291,0.5284908128,548.9693919
test_unseen,106,scLambda-KP,0.1,1,0.149389945,0.2052769683,0.02498751148,0.2124204096,0.4391554541,0.168673149,0.6342785449,0.3078252234,0.8356901688,57.83593697
Combined,951,scLambda-KP,0.1,1,0.007736955746,0.04677754304,0.01584695924,0.1440072325,0.1883837049,0.1595338281,0.3753027285,0.5382821407,0.5627317505,618.5193115
test_seen,420,scLambda-MultiCtx,0.5,2,0.213382567,0.2622263443,0.01030766238,0.1160790232,0.2934566771,0.3579247302,0.568697015,0.6163549291,0.7183111954,221.9035534
test_unseen,108,scLambda-MultiCtx,0.5,2,0.2874719736,0.322144455,0.01595257417,0.1500261631,0.4008384053,0.3081239572,0.6856999636,0.4128540305,0.8049757537,47.48607332
Combined,528,scLambda-MultiCtx,0.5,2,0.2319742218,0.2759581091,0.01146230343,0.1230227564,0.3154211215,0.3477382085,0.6075341282,0.5747297453,0.7360380369,270.604421