Group,N,Model_Variant,TF,rs,Global_Score,Specificity_Score,Mean_MSE,Mean_WMSE,Mean_Pearson,Mean_Pearson_Pert,Mean_Pearson_TopK_DEGs,Mean_Rank_L1,Mean_Rank_Cosine,Matrix_Dist
test_seen,848,DNN_DP,0.1,1,0.2941124508354510,0.3083175783876530,0.0102656398649175,0.1102399222793050,0.3354711545459890,0.4375286225446560,0.7281339149774330,0.6567257815438830,0.6708903363756950,495.4903624078250
test_unseen,106,DNN_DP,0.1,1,-0.0453199238235635,0.034518205435184,0.0159218481583696,0.1596069152559780,0.1715611903488920,0.1726159033848540,0.3160514670113720,0.4630065928844360,0.4940109683422760,77.41230958125960
Combined,954,DNN_DP,0.1,1,0.2524485412374230,0.2761970630512320,0.0108941074530789,0.1157251437211570,0.3172589363018670,0.4080938759713450,0.6746289046492660,0.6352014272483890,0.6512370732608710,575.2710429865270
test_seen,848,DNN_KP,0.1,1,0.1832407049723390,0.2318530390983160,0.0122047764823534,0.1251470437334910,0.2719067407064320,0.3471326525183000,0.5979101662719090,0.5823924944069370,0.6485378843374450,469.4695875831940
test_unseen,106,DNN_KP,0.1,1,0.2074429530233550,0.2543948737598960,0.0134403115426155,0.1299946129341880,0.2901730733168010,0.329467961032001,0.6081051227652970,0.55520798273575,0.6660892118236350,57.431374610107
Combined,954,DNN_KP,0.1,1,0.1862525914069380,0.2345657674904180,0.0123420581557159,0.1256856625335690,0.2739363332186960,0.3451699090198230,0.5992338849965630,0.5793719931101390,0.6504880318359100,526.7058016767500
test_seen,848,Ridge_Concat_KP,0.1,1,0.2015977531569310,0.2752310981464980,0.0131378499104615,0.1205261127031350,0.2571876975444810,0.2644754617259850,0.6046144187703960,0.620067710705023,0.6473957611514780,294.0736376918200
test_unseen,106,Ridge_Concat_KP,0.1,1,0.2004887989038730,0.2814442457605400,0.0147096137911573,0.1278758353018070,0.2607645652869730,0.2413618175874660,0.5741988867848070,0.5915084440396760,0.6544576214140050,38.50739509705310
Combined,954,Ridge_Concat_KP,0.1,1,0.2014782797084220,0.2760693438286370,0.0133124903416499,0.1213427485474310,0.2575851272936470,0.2619072790439280,0.600665249469306,0.6168944588533180,0.6481804122917590,332.35034217484000
test_seen,848,KNN_KP,0.1,1,0.1190558261609620,0.3233635552745710,0.0230636226290611,0.1226120038239370,0.2028336008363940,0.210647970067422,0.5433009050608770,0.6778556791858880,0.683292829000772,188.02164863866000
test_unseen,106,KNN_KP,0.1,1,0.1307292223049180,0.3482440020027100,0.0256518635256553,0.1290212309711290,0.2267221634190140,0.2097831560659220,0.5057727287437670,0.6553980478726560,0.717337504207171,24.86135540200190
Combined,954,KNN_KP,0.1,1,0.1202445189321950,0.3261516118798670,0.0233512049509049,0.1233241401736250,0.2054878855677960,0.2105518796228110,0.5384282261313200,0.6753603868177510,0.6870755706903720,213.34601809626300
test_seen,848,RIDGE_LatentReg_KP,0.1,1,0.1964717059646000,0.2228015616458470,0.0122568157872481,0.1251643066540620,0.2992712958853620,0.3051778677466110,0.6521301968001430,0.6025819655902910,0.6341765823912570,471.4546721079930
test_unseen,106,RIDGE_LatentReg_KP,0.1,1,0.1933839701060390,0.2275355975054470,0.0136878362156091,0.1343547076447090,0.2998948377603000,0.2885354491821030,0.6201389843557530,0.5619295571086340,0.64180641073868,59.32605378125420
Combined,954,RIDGE_LatentReg_KP,0.1,1,0.1960235790248780,0.2233369293799150,0.012415818057066,0.1261854623196900,0.299340578315911,0.3033287101283320,0.6479764402868630,0.5980650313145510,0.6350243410965260,531.0517022881560
test_seen,848,LLM_KNN_KP,0.1,1,0.1940160154242930,0.2875556406673910,0.0146763229852593,0.118930307889265,0.2644479883330950,0.2511357794810800,0.5936228220390680,0.650444722722683,0.6518664990397750,296.4912812602670
test_unseen,106,LLM_KNN_KP,0.1,1,0.2210014860012580,0.3277979497880690,0.0154592884489804,0.1142438645539760,0.2778337729010180,0.265339494879139,0.5541114174974460,0.6311152467877010,0.6666534676988260,36.649896932518000
Combined,954,LLM_KNN_KP,0.1,1,0.1970709134983970,0.2922452079281460,0.014763319147895,0.1184095919631220,0.2659352977295310,0.2527139700808640,0.5884926396726160,0.6482970031743520,0.6535094955574470,333.21197057267900
test_seen,848,LLMRidge_Concat_KP,0.1,1,0.0377561309348775,0.0440870068413026,0.0137760460701823,0.1456049069427600,0.2440927642873560,0.2187691389391550,0.5621123888709030,0.5221643667465200,0.540564552851967,702.9702873184110
test_unseen,106,LLMRidge_Concat_KP,0.1,1,0.0365209783636709,0.0445807001997606,0.0151357005025207,0.1537383488914990,0.2469650986516530,0.1948664173322160,0.53482315532471,0.4742026173553230,0.5312023599754500,88.36651591317530
Combined,954,LLMRidge_Concat_KP,0.1,1,0.037597143460992,0.0441641540988091,0.0139271187848866,0.1465086227148420,0.2444119125500550,0.2161132809828280,0.5585691398683220,0.5168352834808320,0.5395243091990210,791.7025488396760
test_seen,848,DNN_MultiCtx,0.1,1,0.3390598743286080,0.3633523639599270,0.0101660667001028,0.1007653977534520,0.3442625318466350,0.4536919393904010,0.7582075220839910,0.6685355580193630,0.7074457027460450,421.21120717519800
test_unseen,106,DNN_MultiCtx,0.1,1,0.2615311902554590,0.2896711667147040,0.0126700792055278,0.1230174670747950,0.3218365631303490,0.3784549826395320,0.6875400138005880,0.5718386822150510,0.678690926369558,55.95373372443180
Combined,954,DNN_MultiCtx,0.1,1,0.3297966717166430,0.3548997811041020,0.0104442903118167,0.1032378499002680,0.3417707575448260,0.4453322775291940,0.749032014174756,0.6577914607077730,0.7042507275931020,476.7164132856780
test_seen,848,MLP_Concat_KDP,0.1,1,0.238756570522066,0.2698179331271290,0.0114781457707307,0.1197707424261720,0.3001402820987870,0.3848898511970280,0.673825408207711,0.6103367716644560,0.6698868023520560,466.25266963069800
test_unseen,106,MLP_Concat_KDP,0.1,1,0.1857343889915540,0.2277547661758080,0.0136152679465254,0.1369003603859930,0.2825092669408370,0.3208431743555840,0.5989004791175060,0.5350333603912170,0.6568235363994540,59.75358884077680
Combined,954,MLP_Concat_KDP,0.1,1,0.2323170193450440,0.2649839502887710,0.0117156037902635,0.1216740333105970,0.2981812804145700,0.377773553770201,0.6640971144534020,0.6019697259674290,0.6684353283573220,525.8921215581440
test_seen,848,KNN_KDP,0.1,1,0.1788377697272600,0.2368236281753530,0.0140431364295819,0.1258801816358480,0.2757048319333370,0.2219883694037470,0.6269887386225890,0.6400876576451720,0.6357047753865650,388.80917282246500
test_unseen,106,KNN_KDP,0.1,1,0.1662032166890820,0.2415577835423670,0.0156915302409666,0.1363583279625900,0.278596233771172,0.2247338861841120,0.557373018083613,0.5937159714110360,0.635856975984478,47.70429818782700
Combined,954,KNN_KDP,0.1,1,0.177077759089643,0.2373369948550530,0.0142262912975135,0.127044420116597,0.276026098804208,0.2222934268237870,0.6179497954091000,0.6349352480636020,0.6357216865641110,436.689844918356
test_seen,848,KRR_KDP,0.1,1,0.2579405652834780,0.2913054443194360,0.0114545450750552,0.1158692114470290,0.3129981423787350,0.3424064431954930,0.6863659746497300,0.6434026609119170,0.6613091231265710,396.86537793793300
test_unseen,106,KRR_KDP,0.1,1,0.2179742094497230,0.2825290517768880,0.0138735855854642,0.1297580988747820,0.2731243153926720,0.2919869023241290,0.6051593863028650,0.5631570611178210,0.6643370488427800,39.93106988505340
Combined,954,KRR_KDP,0.1,1,0.253154059280036,0.2905978221092900,0.0117233273539895,0.1174124211612240,0.3085677171580610,0.336804271987564,0.6758220668233710,0.6344864831570170,0.6616455593172610,434.7423528389300
test_seen,848,RIDGE_LatentReg_KDP,0.1,1,0.2348077631130930,0.2590873209901760,0.0116870916872149,0.1205682108292360,0.3144714348587510,0.3458856953373020,0.6819724503478040,0.6260443683303970,0.6511834524540180,459.5049764483650
test_unseen,106,RIDGE_LatentReg_KDP,0.1,1,0.2089905448400080,0.25649805196225,0.0135956171990147,0.1331902723121830,0.2970659732976320,0.3156366070366290,0.6094648127822570,0.5621176424003640,0.6603872577164470,52.77946570958780
Combined,954,RIDGE_LatentReg_KDP,0.1,1,0.2316026321080220,0.2589305531975430,0.0118991500774149,0.1219706621051190,0.3125374946852930,0.342524685526116,0.6725580190465830,0.6189413987826150,0.6522060974831770,511.3586478126360
test_seen,848,BalancedKRR_lambda0.5_KDP,0.1,1,0.3294440836005780,0.3674968410111560,0.0105605840809282,0.1038447197756790,0.3440725180824700,0.3979855679628340,0.7263526436243920,0.6932712486883530,0.7082190797679620,372.1494236266640
test_unseen,106,BalancedKRR_lambda0.5_KDP,0.1,1,0.1479591263091830,0.2617525899985090,0.0150865911887741,0.1420723486904900,0.1884543960710430,0.2829188938247850,0.4767489497189330,0.4926844720742840,0.6876200281138020,33.142363311355500
Combined,954,BalancedKRR_lambda0.5_KDP,0.1,1,0.3086334595746830,0.3575356868157060,0.0110634737595777,0.1080922340995470,0.3267816156367560,0.3852003819474950,0.6939439635501070,0.6709838290645670,0.7059302962508330,393.0245113477830
test_seen,842,DNN_DP,0.1,2,0.2559903269293910,0.2654121569383650,0.0106736062519858,0.116737394089554,0.3285450591801690,0.4115152272367750,0.6872085385278330,0.6204405687697260,0.6476851492632580,549.0045525631140
test_unseen,108,DNN_DP,0.1,2,-0.0549883005468038,0.0242088722139866,0.016584191702013,0.1744720557415570,0.2252566057162500,0.1256675596765100,0.4328192724236130,0.4811497482730360,0.539066463723998,80.16879018030350
Combined,950,DNN_DP,0.1,2,0.2203501785034360,0.2371576295298480,0.0113455464926205,0.1233009135194660,0.3168027928916390,0.3790188608193980,0.6542005353196790,0.6046054018079970,0.6353369197493210,631.0455565200040
test_seen,842,DNN_KP,0.1,2,0.1781203871192770,0.2009328740097120,0.0126279606611076,0.1296371120631620,0.2841335180797750,0.3183048633172420,0.6366460069865560,0.5538421491306010,0.6354620065126690,517.6756687551410
test_unseen,108,DNN_KP,0.1,2,0.1836668867673610,0.2293160558786770,0.0136609920429893,0.1455036887580200,0.336931200068513,0.3273079009389960,0.6458639952129330,0.5277289934824180,0.6954103734925650,62.26456264684120
Combined,950,DNN_KP,0.1,2,0.1788626870500680,0.2041283221338150,0.0127454000182057,0.1314408913084730,0.2901357808742840,0.3193283665416100,0.6378420770472500,0.5508734956463870,0.6422771892851200,580.4288927510680
test_seen,842,Ridge_Concat_KP,0.1,2,0.1955725652354100,0.2686567031481190,0.0135506762815484,0.1236182308251050,0.250890557159506,0.226601930529191,0.5931524520435860,0.6034030070407910,0.6455288602329240,284.9938959705050
test_unseen,108,Ridge_Concat_KP,0.1,2,0.2008265625887590,0.295616884469249,0.0142037075064662,0.1322960229562040,0.2911800369749670,0.2526633704379690,0.6080035255130000,0.5732349841938880,0.6881512703430510,35.36081644810000
Combined,950,Ridge_Concat_KP,0.1,2,0.1964739240759750,0.2718976417721810,0.0136249156208022,0.1246047587726400,0.2554708348648430,0.2295647047503990,0.5950794369680290,0.5999733791803010,0.6503743552770230,320.66316030016800
test_seen,842,KNN_KP,0.1,2,0.128831620045012,0.3266383758643850,0.0230290493510486,0.1250732490500310,0.2025015235274600,0.1894695870852820,0.5465426650555070,0.6750173329095010,0.6801308540806800,181.57500954812900
test_unseen,108,KNN_KP,0.1,2,0.1326680187198830,0.3763764075166190,0.023876033412359,0.1274050975665640,0.2505375366978100,0.2282651776551990,0.4955121154508050,0.7057233735315930,0.6998107169340050,23.168970464721800
Combined,950,KNN_KP,0.1,2,0.1300010751161300,0.3328163456877110,0.023125338065387,0.1253383434077000,0.2079624597615630,0.1938800331711250,0.539921251460266,0.6785081248960120,0.6823681437524260,205.0031038474580
test_seen,842,RIDGE_LatentReg_KP,0.1,2,0.1891134174828530,0.2057587077347750,0.0124349288381286,0.1272148171929010,0.304863582467792,0.2820254637412310,0.6477367524271650,0.5750558782966940,0.6337099434584220,506.716475884751
test_unseen,108,RIDGE_LatentReg_KP,0.1,2,0.2141016384721840,0.2372487147869250,0.0128441670598736,0.1363525486702140,0.3508865201723120,0.2967609430768140,0.6978692517293360,0.5514967021816340,0.6809311946298250,61.40922092973250
Combined,950,RIDGE_LatentReg_KP,0.1,2,0.1921590956986800,0.2094776217151550,0.0124814527622849,0.1282536329819010,0.3100956638068320,0.2837006550762230,0.6542416404797950,0.5723775719594030,0.6390782541179080,568.6247204087270
test_seen,842,LLM_KNN_KP,0.1,2,0.2064361050831290,0.2815311562940920,0.0144025349820223,0.1205378481256580,0.2626326737807820,0.2222781898934920,0.6250740324229550,0.6260684455946880,0.657986028548616,302.29535626267900
test_unseen,108,LLM_KNN_KP,0.1,2,0.2333596789299870,0.3221356566305400,0.0148088618213843,0.1259033395241570,0.3098699379070420,0.2517704022133090,0.6624009459906810,0.6366350544432740,0.6915564141591540,38.69450551203690
Combined,950,LLM_KNN_KP,0.1,2,0.2099727900372470,0.2866357287565460,0.0144487279279708,0.121147819779382,0.268002804860399,0.2256309887677450,0.6299173455928170,0.6272697021795800,0.661802451333814,340.7496046156730
test_seen,842,LLMRidge_Concat_KP,0.1,2,0.033092199149968,0.0331975540163642,0.0139180652284552,0.1469530102039980,0.2468818966174170,0.1901225614551450,0.5493579955321470,0.5199284657684420,0.524697831696823,735.3348403095160
test_unseen,108,LLMRidge_Concat_KP,0.1,2,0.0394587367258682,0.0471678309652958,0.0155656024882638,0.1664413775704440,0.2847620678415600,0.1872785473568650,0.625612543638924,0.4867501853803220,0.581362447800804,91.12584427883390
Combined,950,LLMRidge_Concat_KP,0.1,2,0.0338459474668924,0.0348085112978786,0.0141053642011492,0.1491685298624990,0.2511882739776350,0.1897992419576570,0.5592523216847040,0.5161566191558980,0.5311397038433810,827.0888185328510
test_seen,842,DNN_MultiCtx,0.1,2,0.3460666462395370,0.3620341204952030,0.0102948277036719,0.0972360253897031,0.3591230543510230,0.4359591131341550,0.7689659252264810,0.6627403767936750,0.7007488818083290,443.9842734276480
test_unseen,108,DNN_MultiCtx,0.1,2,0.2429931750480850,0.2704342505493850,0.0120603218760893,0.1342915083811620,0.3712307321472540,0.3945272397163600,0.6932681946661970,0.5585216407134220,0.6977325059516840,62.53194986563420
Combined,950,DNN_MultiCtx,0.1,2,0.3343214032097630,0.3512971821727440,0.010495536514852,0.1014486487192580,0.3604995061425950,0.4312489633140260,0.7591438483305160,0.6508923520603410,0.700405967500416,506.79016957500700
test_seen,842,MLP_Concat_KDP,0.1,2,0.244677492705458,0.273093674584934,0.0114862272295229,0.1198714856070420,0.3026435576908700,0.3596823254922600,0.6689520840973600,0.6069296596742670,0.671647114477297,466.7751827062670
test_unseen,108,MLP_Concat_KDP,0.1,2,0.2036374028887970,0.233338987557308,0.0129587656680356,0.1423383863608330,0.3327385864944920,0.3255992823736270,0.6854173512165920,0.5388322991062720,0.6873999921945130,62.23733025631580
Combined,950,MLP_Concat_KDP,0.1,2,0.2400981003056210,0.2685931502830780,0.0116536315993749,0.1224256174822100,0.3060648872811760,0.3558076216429830,0.6710885169674170,0.5991880649991680,0.6734379679440960,528.9522439153540
test_seen,842,Ridge_Concat_KDP,0.1,2,0.3143470517046310,0.3875215292879180,0.0115502308902049,0.1060912641046760,0.2937809668070090,0.3290176774854050,0.6695669847393920,0.679974419879408,0.7131096866560380,237.78184383277900
test_unseen,108,Ridge_Concat_KDP,0.1,2,0.1611081110196810,0.2262451829799450,0.0146005727066141,0.1459939757455350,0.2932155378668410,0.2173347314040610,0.6278993590124720,0.5246165554384730,0.6650372712016550,43.335452739639000
Combined,950,Ridge_Concat_KDP,0.1,2,0.2969124367081340,0.3690742444772520,0.0118970065914388,0.1106275723754260,0.2937166864643380,0.3163210899308950,0.6641604471730350,0.662312683711386,0.707644612057013,280.25929578424900
test_seen,842,KNN_KDP,0.1,2,0.1599627441072130,0.1744208045967070,0.0129376570152768,0.1308569177259000,0.2978638502671390,0.2176855269585380,0.6323458804937340,0.579711360126549,0.6183481048935120,531.4660264237390
test_unseen,108,KNN_KDP,0.1,2,0.1689654656131770,0.1887603380165860,0.0140924286437744,0.1479317771761650,0.3289290627972220,0.2451119399583960,0.693821315887035,0.5235042735042740,0.6597685673028140,62.713151629619600
Combined,950,KNN_KDP,0.1,2,0.1610758616534330,0.1761089844443230,0.0130689363162008,0.1327980596423510,0.301395474428454,0.2208034770679950,0.640322558911657,0.5733215018579110,0.6230569574621490,594.5023926585710
test_seen,842,KRR_KDP,0.1,2,0.2618633729180380,0.2913575643754020,0.0117199496661502,0.1163277095056170,0.3151304931198790,0.3185757986071460,0.6910327375099590,0.6254865103659560,0.6675285148262080,395.26678963012600
test_unseen,108,KRR_KDP,0.1,2,0.2468499602439250,0.3110258030966110,0.0130810091032635,0.1315169293757440,0.3133052378471440,0.3077247758194530,0.6821876193750970,0.556697108066971,0.7104359364633340,36.35356958592210
Combined,950,KRR_KDP,0.1,2,0.2607146916224080,0.2942427480518020,0.0118746806337378,0.1180544839750630,0.314922990415189,0.3173422086481240,0.6898850488034220,0.6176662414730190,0.6724064111807440,428.3135384295390
test_seen,842,RIDGE_LatentReg_KDP,0.1,2,0.229328228156753,0.2511474606030260,0.0118564058059454,0.1222327693774780,0.3169051309242980,0.3247651609456670,0.6661693674332990,0.6027497378162790,0.6539137334211030,471.9344565276510
test_unseen,108,RIDGE_LatentReg_KDP,0.1,2,0.2245034343641970,0.2703837086420770,0.0127877863709544,0.1357026946565880,0.3394337416123860,0.3225768194338970,0.6705380367358500,0.5478769074659480,0.6937614643094090,50.45529360429950
Combined,950,RIDGE_LatentReg_KDP,0.1,2,0.2291426778989990,0.2536640105897230,0.011962289070178,0.1237640871986820,0.3194662782446280,0.3245163810685390,0.6667362193785960,0.5965115634185570,0.6584437912484060,521.1565327005440
test_seen,842,BalancedKRR_lambda0.5_KDP,0.1,2,0.3424925370403640,0.3860749231699440,0.0108086027350853,0.1035770276657300,0.3427547388642770,0.3797391645139100,0.7252461421037630,0.6837050627113430,0.732775342966343,344.60106654825500
test_unseen,108,BalancedKRR_lambda0.5_KDP,0.1,2,0.1448702168261720,0.2682787644118860,0.0148916120749655,0.1499783050870450,0.2218525475191040,0.2713140880189380,0.5408800678001530,0.4926921125551260,0.7143777075283920,31.281600675814000
Combined,950,BalancedKRR_lambda0.5_KDP,0.1,2,0.3215483290745550,0.3746586583833180,0.0112727764284611,0.1088521202567850,0.3290100686903000,0.3674129452913240,0.7013239221717510,0.6619899062725310,0.7306838223060290,363.6516609722870
test_seen,793,DNN_DP,0.1,3,0.2400850580852050,0.2574308444531450,0.0106085237388089,0.1136034155296420,0.3246025852732770,0.3794634585812380,0.6538279229468880,0.6265605792552620,0.6447985984393880,538.6023816858630
test_unseen,161,DNN_DP,0.1,3,-0.0228721579373268,0.0320113563914087,0.0146447212814197,0.1888980874398110,0.2120837492153180,0.1303907844856920,0.4386861689211070,0.5084043198008250,0.5443939700064520,122.65664248399300
Combined,954,DNN_DP,0.1,3,0.1952264960014810,0.2179938928908350,0.0112896849593124,0.126310377979891,0.3056135573850890,0.3374291812967700,0.6167513394866630,0.606620162303308,0.6278540018170580,661.9613635095000
test_seen,793,DNN_KP,0.1,3,0.1612809961078210,0.2297396991331920,0.0128284554855432,0.1250041941520570,0.2345357431723800,0.282594648487485,0.55068255804275,0.5684947911222150,0.6667747300950470,441.8783787138020
test_unseen,161,DNN_KP,0.1,3,0.1089129302158900,0.1860913484924080,0.0134258658772693,0.1709376648771870,0.2218552332542120,0.2514146659480950,0.5213294572343950,0.5494906571598030,0.6535295536162360,90.82320340975990
Combined,954,DNN_KP,0.1,3,0.1523063852905830,0.22200486266373,0.0129292763168513,0.1327560691905740,0.23239574097445,0.2773326178912150,0.5456239737764580,0.5652875945101090,0.6645394330163380,533.1866402825540
test_seen,793,Ridge_Concat_KP,0.1,3,0.188712339151313,0.2755000690449100,0.0137749107027236,0.1182903473783960,0.236872044054355,0.2037355260620510,0.5764449716008220,0.604395226331132,0.6462329750479340,257.7180092822210
test_unseen,161,Ridge_Concat_KP,0.1,3,0.1555822478658580,0.2588590372800960,0.0142429798063446,0.1635517790963000,0.2432059144864430,0.1944179397736750,0.5383928258364140,0.5863536527344180,0.678406861626899,51.44224573546800
Combined,954,Ridge_Concat_KP,0.1,3,0.1828522338547010,0.272104540428444,0.0138539034969405,0.125928807028902,0.2379409676807350,0.2021630612901140,0.5698872321947110,0.6013504743929030,0.651662739973734,309.50835004833000
test_seen,793,KNN_KP,0.1,3,0.0946129293074424,0.3232397736102210,0.024735763074353,0.1238063104230850,0.1934454972235970,0.1808673628265280,0.4988697973102140,0.6679259364137140,0.6786083371155530,175.72880955249800
test_unseen,161,KNN_KP,0.1,3,0.109118244150121,0.3240085889666460,0.0247083987046671,0.158660595711026,0.2016054767682460,0.1790658368823390,0.5799231477763610,0.6579288679749470,0.7075661689467060,35.066611225342800
Combined,954,KNN_KP,0.1,3,0.0969198798109435,0.323262166369792,0.0247311449784207,0.1296884277515530,0.1948226006897270,0.1805633317185470,0.5128381751683260,0.6662388001258300,0.6834953506635780,211.02358411332800
test_seen,793,KRR_KP,0.1,3,0.1764602718361280,0.2009562576622680,0.0123938979264261,0.1248088323773610,0.2908075807293240,0.2527685991890850,0.6270091657398210,0.5768364056427640,0.6189004259463380,464.3393860210570
test_unseen,161,KRR_KP,0.1,3,0.1525556663016760,0.1841122329856700,0.0129347298795179,0.1659460538015400,0.2979659292754420,0.2399987380642570,0.6205950338683010,0.5629688528543400,0.6370076841357460,93.07592461065830
Combined,954,KRR_KP,0.1,3,0.1723046824248950,0.1978479753312190,0.0124851704048829,0.1317512775024060,0.2920156458403560,0.2506135178042870,0.6259037824694460,0.5744960744069810,0.6219562630202320,557.7886362140940
test_seen,793,RIDGE_LatentReg_KP,0.1,3,0.1821652355857900,0.2197951195219060,0.0124366849247675,0.1234215799054240,0.2894019807953250,0.2575749382585540,0.6062214516817960,0.5898609157515460,0.6269191734073990,437.12639972762
test_unseen,161,RIDGE_LatentReg_KP,0.1,3,0.1651007994898970,0.2011190077207560,0.0128930435340947,0.1630080924571330,0.2981432141739390,0.2541027562373690,0.6260224502779660,0.573475067293216,0.6408790807714120,89.63992987774010
Combined,954,RIDGE_LatentReg_KP,0.1,3,0.1791768898446780,0.2164590712912260,0.012513701419633,0.1301023225897270,0.2908771784619470,0.2569889620474310,0.609633868673426,0.5870955891249300,0.6292750906879080,527.0731241768310
test_seen,793,LLM_KNN_KP,0.1,3,0.197709927204878,0.2904755077254210,0.0142086112817728,0.1147715182155870,0.2583325179412100,0.2108278572331560,0.5760873253734600,0.6257494419295810,0.6544515295826940,270.82185060458600
test_unseen,161,LLM_KNN_KP,0.1,3,0.2076593905617040,0.295795124383002,0.0142911268844605,0.1484101053804570,0.2725008006747460,0.2270750358855510,0.6258617932885340,0.628684833119342,0.6761778756851520,53.89996312372300
Combined,954,LLM_KNN_KP,0.1,3,0.1992588209383770,0.2912235497382970,0.0142225368709056,0.1204484705568280,0.2607236012956110,0.2135697815130680,0.5846652382114330,0.6262448276544770,0.6581181351618300,325.22020572623700
test_seen,793,LLMRidge_Concat_KP,0.1,3,0.0282890766216972,0.0372779740909092,0.0140181076856773,0.1429169382284510,0.2455794644897770,0.1545679720089860,0.5352014400256310,0.5130436968807600,0.5326975675142810,669.2899060407950
test_unseen,161,LLMRidge_Concat_KP,0.1,3,0.008680968014333,0.0301052162816121,0.0141052649434517,0.1819407558950840,0.2531468079581580,0.1272721477302860,0.5140976265661030,0.5098903104286560,0.5589019311360660,134.28179338193700
Combined,954,LLMRidge_Concat_KP,0.1,3,0.0250444362365911,0.0360478919191,0.0140328166149244,0.1495027187780610,0.2468565528528900,0.1499614440122660,0.5315645016516540,0.512511521599011,0.537119897224037,804.1353344248470
test_seen,793,DNN_MultiCtx,0.1,3,0.3383224691733470,0.3670955236341220,0.0102100814484214,0.0980619417526268,0.348280953042107,0.414615452122117,0.7386456175783830,0.6699332697302870,0.7049392043973440,395.669459711918
test_unseen,161,DNN_MultiCtx,0.1,3,0.2229830106541180,0.2583615301197540,0.0122651543181898,0.1592040685553090,0.3166157660220590,0.3267391932920470,0.6742078452616150,0.5957193041914060,0.6887110334804120,84.86984228865540
Combined,954,DNN_MultiCtx,0.1,3,0.3183147494234640,0.3476668830348360,0.0105569019222503,0.1083804767790750,0.3429370378322250,0.399785182026057,0.7275406953650620,0.6574086906403920,0.7022004879218440,480.16759353412000
test_seen,793,MLP_Concat_KDP,0.1,3,0.173494090767309,0.1901578343892760,0.0124332016334818,0.1239217920575850,0.2955123683747310,0.2878248651134360,0.6397658919915560,0.5573426453133330,0.6299374511233530,527.7477379985500
test_unseen,161,MLP_Concat_KDP,0.1,3,0.0958550315060913,0.1198587139229110,0.0135330574020095,0.1735222675330090,0.2803060568755950,0.2072617452148380,0.5908577351242700,0.5300554639484340,0.627342227552091,116.1939228909370
Combined,954,MLP_Concat_KDP,0.1,3,0.1601794602475200,0.1777722063343890,0.0126188167055289,0.1322925221954710,0.2929461040651290,0.2742287830341130,0.6313372753885770,0.5527375759215630,0.6294994731412000,644.3002477249410
test_seen,793,Ridge_Concat_KDP,0.1,3,0.2997809092885460,0.372169350180473,0.0117201149401408,0.1042736285600880,0.287062685447044,0.2980687427403480,0.6689066705281200,0.6675011809788960,0.7043781567202,235.7618453003620
test_unseen,161,Ridge_Concat_KDP,0.1,3,0.1207619574914830,0.2016654061729070,0.0141961509983708,0.1708727883957920,0.2429386410256270,0.1576214457707020,0.5403905086415380,0.5511786903729970,0.6478593262205650,61.32105812277860
Combined,954,Ridge_Concat_KDP,0.1,3,0.2691980867049270,0.3424195716514540,0.0121379784677876,0.115513109412864,0.2796161748056940,0.2743664211343600,0.6467587605431300,0.647870236547502,0.6948398635226730,296.15766945310600
test_seen,793,KNN_KDP,0.1,3,0.1372149351796960,0.1653226943743930,0.0133533520024492,0.1295265169023060,0.2804009622504950,0.1839995524546040,0.6010546569445060,0.5710327379258970,0.6049112843360520,481.8842924957920
test_unseen,161,KNN_KDP,0.1,3,0.1101398069138190,0.1572381479491620,0.0137759442881723,0.169885378984529,0.2792572361300720,0.1850982491905590,0.5666897705409910,0.5501033024186450,0.6210789074058380,91.2787691374189
Combined,954,KNN_KDP,0.1,3,0.1327516490440070,0.1639797672860270,0.0134246699877756,0.1363376036897670,0.2802079434817440,0.1841849719247180,0.5951323635960550,0.5675006214514030,0.6076397825690030,572.651056393928
test_seen,793,KRR_KDP,0.1,3,0.2111832755566250,0.2317134480774970,0.0118727487415144,0.1209366563815890,0.3098266278361890,0.2952826019978300,0.6566054864724750,0.5951961615870240,0.6373581005889680,462.9189140474790
test_unseen,161,KRR_KDP,0.1,3,0.1551635329518090,0.2006684963080340,0.0131327912164501,0.167168481739251,0.2812036991817730,0.2438149997715530,0.6092042486524160,0.55508267452243,0.6457215853173700,80.77370101497650
Combined,954,KRR_KDP,0.1,3,0.2018594931245850,0.2264996345236920,0.0120853974191503,0.1287388826736050,0.3049961335873830,0.2865967697562890,0.6484365656690180,0.5884264850488690,0.638769548221329,541.5989575368380
test_seen,793,RIDGE_LatentReg_KDP,0.1,3,0.2161813933275370,0.2520404961710740,0.0119373139426569,0.1197132517085300,0.304105109031254,0.2930918201204960,0.633029754795187,0.608184944603158,0.6458042499361540,423.6064498383200
test_unseen,161,RIDGE_LatentReg_KDP,0.1,3,0.1711173147457360,0.218544739594575,0.012991383868129,0.1631025338093760,0.286527353969905,0.2616502321181660,0.6186553305547670,0.5711026962908890,0.6513070851772440,80.48672192988800
Combined,954,RIDGE_LatentReg_KDP,0.1,3,0.2087434358926750,0.2465537674261430,0.012115202053769,0.1270357615808950,0.3011386325481540,0.2877856401746100,0.6305525297560220,0.601926829321947,0.646732925485227,501.9600920811040
test_seen,793,BalancedKRR_lambda0.5_KDP,0.1,3,0.3294287209730870,0.3719057658209540,0.0108324783456508,0.1040267009454440,0.3356100502705480,0.3571263638312540,0.7221485027210090,0.671772553388847,0.7222734604600330,324.49344051516200
test_unseen,161,BalancedKRR_lambda0.5_KDP,0.1,3,0.0912999524316513,0.2037301932794330,0.0144037074374317,0.1771149488981550,0.1677466318245300,0.2121990911042260,0.4821230869038330,0.5146154999250490,0.6530928809317420,54.9430049245909
Combined,954,BalancedKRR_lambda0.5_KDP,0.1,3,0.2914314023222400,0.3463207528335540,0.0114351700477228,0.1163613004427050,0.3072808989395110,0.3326679876163150,0.6807835784531960,0.64525024143112,0.7105983312104990,360.42207273510900
test_seen,624,DNN_DP,0.3,1,0.3620231363699090,0.3806526273744610,0.0096420447531645,0.0917810781828565,0.3666759067431610,0.4357697515972970,0.7830312577475400,0.6941542682283420,0.7030727902641480,330.2872342408490
test_unseen,106,DNN_DP,0.3,1,0.004241987070831,0.0592201081592624,0.0157293019034319,0.1603771137368740,0.2066035026306600,0.1166046965206260,0.4249264319476330,0.4680228796231590,0.5227631544892200,71.1947380528055
Combined,730,DNN_DP,0.3,1,0.3052146639984390,0.3319808686780020,0.0105259478462171,0.1017415984139880,0.343432516556962,0.3894252367505480,0.7224615987843510,0.6613187515267680,0.6768908431516250,401.5804720689950
test_seen,624,DNN_KP,0.3,1,0.2677253789929270,0.3023097879008920,0.0109397377300177,0.1126888211041570,0.3356860186788530,0.3738689566893770,0.6806584645228990,0.6411861172663640,0.6616633252435720,319.73517571697600
test_unseen,106,DNN_KP,0.3,1,0.2893178721507490,0.3137844870596940,0.0120737180750781,0.1210047936257840,0.3483539918988930,0.3526124316161630,0.7070767313503380,0.6129228459766550,0.6782617698061450,54.59787462750240
Combined,730,DNN_KP,0.3,1,0.2714711689500200,0.3041614211758120,0.0111043978897114,0.1138963458812700,0.3375254778039550,0.370782392774636,0.6851268360634450,0.6370821354078580,0.6640735103444390,374.1453352213030
test_seen,624,Ridge_Concat_KP,0.3,1,0.2537642021174170,0.3516557021841370,0.0135048059317528,0.1071949005444320,0.2597299377717220,0.2479053343156920,0.6466711624446490,0.6591902324927020,0.6937190039041890,166.88464250751800
test_unseen,106,Ridge_Concat_KP,0.3,1,0.2814238926726810,0.3808496721511920,0.0145776700008801,0.108484486486965,0.2774668298593070,0.2441348879242810,0.6386135286537180,0.6430235266713260,0.714781168310169,29.25774472663650
Combined,730,Ridge_Concat_KP,0.3,1,0.2581840148862470,0.3561819783164030,0.0136605916732973,0.107382155489512,0.2623054316912890,0.2473578448396790,0.6453082985690320,0.6568427382227480,0.6967773455850570,196.0526757551320
test_seen,624,KNN_KP,0.3,1,0.1852840628627460,0.381867485356114,0.0210046430411662,0.1115124882669710,0.2248397005385030,0.2197359070762010,0.5926182609473670,0.7028111920087230,0.7122001512433610,115.77673044963400
test_unseen,106,KNN_KP,0.3,1,0.2169823872738000,0.406806646463824,0.0228968652666106,0.111112669525015,0.2367374920137870,0.2270525318682000,0.6154867973490330,0.6692807412583790,0.7262339208530680,19.889228132271500
Combined,730,KNN_KP,0.3,1,0.1905801506861270,0.3857306985915400,0.0212794040766417,0.1114544323948520,0.2265673250540920,0.2207983210870940,0.5964862329796960,0.6979423868312760,0.7142379314880590,135.45851089809800
test_seen,624,RIDGE_LatentReg_KP,0.3,1,0.2477183237226960,0.2821612461673390,0.0115880085612494,0.113993912466696,0.328107023513832,0.3236747625762100,0.6791619253568460,0.6294669550842390,0.6599288628609620,321.87479669299800
test_unseen,106,RIDGE_LatentReg_KP,0.3,1,0.2412607476448810,0.2751712992861940,0.0130584406482162,0.1264297045883180,0.3215428990732070,0.2971618079910030,0.662637433382402,0.5905996842404950,0.6596785464709990,56.11278909433820
Combined,730,RIDGE_LatentReg_KP,0.3,1,0.2468303786655560,0.2811121854833680,0.0118015233574391,0.1157996576240820,0.3271538766772480,0.3198249362939750,0.6763669816104270,0.6238232143863800,0.6598925155495420,378.20533755136300
test_seen,624,LLM_KNN_KP,0.3,1,0.2610210168589640,0.3550188883764770,0.0133013311360793,0.103222355013651,0.2876977527308070,0.2675180971657480,0.6421549338279160,0.6747762125848550,0.6802697759487880,189.61205478515300
test_unseen,106,LLM_KNN_KP,0.3,1,0.3082750523131720,0.4007827606628320,0.0139683732446105,0.0969175640607877,0.3080087360259780,0.2841724514529640,0.6555674798732640,0.6664207883634860,0.6927944716204680,31.055641080936100
Combined,730,LLM_KNN_KP,0.3,1,0.2685622730614630,0.3620138526518950,0.0133981893052633,0.1023068648204960,0.2906470187983250,0.2699364006649880,0.6444235247020550,0.6735629592047650,0.6820884303887860,220.86911258208400
test_seen,624,LLMRidge_Concat_KP,0.3,1,0.0619739899220501,0.0762969355451956,0.0136327582522659,0.1387087119624190,0.2622881810796870,0.1964760106936490,0.5790155329300820,0.529395730013014,0.5553533115261510,492.58011519627200
test_unseen,106,LLMRidge_Concat_KP,0.3,1,0.052194558194625,0.0689809558066863,0.0149555136405704,0.1510543174860010,0.2614210652415900,0.1589700068968510,0.5276898237174020,0.4830861609338200,0.5465486450811400,84.6676250328206
Combined,730,LLMRidge_Concat_KP,0.3,1,0.0604178023012151,0.0752469346870943,0.0138248295826225,0.1405013615315970,0.262162271108676,0.1910299334300040,0.5703343298881750,0.5226713268316520,0.5540748257135880,577.5492819624540
test_seen,624,DNN_MultiCtx,0.3,1,0.4050277362368210,0.4356508252940950,0.0093981144925167,0.0829585729491588,0.3789075227205800,0.4503732694392490,0.7988923290278760,0.7277245788048260,0.7283027329323630,284.8173087814990
test_unseen,106,DNN_MultiCtx,0.3,1,0.3147369037171050,0.3588090579645070,0.011675558300065,0.1091563151625740,0.3551485818274810,0.3732863520174830,0.679522467940523,0.642583533918265,0.6982684991070740,51.467397925656100
Combined,730,DNN_MultiCtx,0.3,1,0.3905525274261100,0.4240263911066,0.0097288118125169,0.0867626286678191,0.3754575943169250,0.43917982663554,0.7787021744819440,0.7153616325610240,0.7239415976097860,336.07492333535300
test_seen,624,MLP_Concat_KDP,0.3,1,0.3109989138396960,0.3407403455810760,0.0104215436013197,0.1071082381109020,0.3538240710492040,0.4180412250574660,0.7222508422581350,0.6461410959867750,0.6964251169498080,307.82185875840300
test_unseen,106,MLP_Concat_KDP,0.3,1,0.2659910251199060,0.2856805862428180,0.0128375224918478,0.1274198086742140,0.3515918549536820,0.3494856305850950,0.7068597261320080,0.5534720604601810,0.6880321971167530,55.19888939931820
Combined,730,MLP_Concat_KDP,0.3,1,0.3043229705876640,0.3325880900249150,0.0107723569744649,0.1100575894529720,0.3534999410408130,0.4080865770929840,0.7196475970973360,0.6326850442527760,0.6952064190014470,362.1839340466960
test_seen,624,Ridge_Concat_KDP,0.3,1,0.372626896261357,0.4575175882180070,0.0113240187586201,0.0896777198627704,0.3123176012356850,0.3357984849381380,0.734698660214365,0.7342337589251170,0.7522048995814430,148.60635474124600
test_unseen,106,Ridge_Concat_KDP,0.3,1,0.2148605961525880,0.2778274530688430,0.0148338098957572,0.1244564445735350,0.2613756595715390,0.1941521887662790,0.6486207666937590,0.5335429769392030,0.6626290861091700,33.99208758069970
Combined,730,Ridge_Concat_KDP,0.3,1,0.3486225809659850,0.4309495750046750,0.0118336596634647,0.094727781259128,0.304920552172124,0.3152306665898960,0.7201394912806130,0.7050923577052450,0.7391980006388940,179.81971025209300
test_seen,624,KNN_KDP,0.3,1,0.2654654198302260,0.3013797827321160,0.0120230435368791,0.1089907251327830,0.3348301081890000,0.2833989200039230,0.7093849301000760,0.66829561042524,0.6652619499841720,310.14676245675800
test_unseen,106,KNN_KDP,0.3,1,0.2411528787044810,0.2900072822200150,0.0138618799615054,0.1249912252799260,0.3262152781588440,0.2791412166220610,0.6487098042610660,0.6120946243238350,0.6619690969795790,51.96368224002630
Combined,730,KNN_KDP,0.3,1,0.2614333205607710,0.2995568851427390,0.0122900526615508,0.1113140854281210,0.3335791876640730,0.2827806781429950,0.6991223717237450,0.6601349192927070,0.664783809684875,362.314949952649
test_seen,624,KRR_KDP,0.3,1,0.3133645654277860,0.3557513455287040,0.0108176293698695,0.1046633805771250,0.3446207384488060,0.3621458422166830,0.7151663194697670,0.6686869086560440,0.7001644331891250,265.46332998702900
test_unseen,106,KRR_KDP,0.3,1,0.2801585247211320,0.348598428398945,0.0134133777698119,0.1219260924447090,0.2886261567655650,0.3032389572363440,0.6678620484272520,0.5696223826901670,0.722545746305355,31.824889888542400
Combined,730,KRR_KDP,0.3,1,0.3085759286433880,0.3553196089259240,0.0111945462608201,0.1071700209305000,0.3364900183687740,0.3535922397400860,0.7071653003320120,0.6543021966664790,0.7034143224909330,293.7520064772220
test_seen,624,RIDGE_LatentReg_KDP,0.3,1,0.297182082502648,0.3359590220346240,0.0109301140687445,0.107832042829544,0.3439888351012090,0.3669473155716790,0.7055010591938590,0.6607004677992330,0.6947697935352260,298.4033519278620
test_unseen,106,RIDGE_LatentReg_KDP,0.3,1,0.2648652922839780,0.3271787571429820,0.0132181283533183,0.1265344809087570,0.3041380580733780,0.3202401708335040,0.6443172405190940,0.5804280870668010,0.714949400833398,42.102303141263000
Combined,730,RIDGE_LatentReg_KDP,0.3,1,0.2924021018838200,0.3352503650106150,0.0112623462799292,0.1105477393177580,0.338202283916346,0.3601651822261350,0.695152460782994,0.6490444782682230,0.6976999830881110,337.4647346919200
test_seen,624,BalancedKRR_lambda0.5_KDP,0.3,1,0.3799484408042090,0.4229211519537940,0.0099626844639231,0.0938317605062826,0.3738200409275860,0.4161720068672280,0.7586775562433290,0.710562414266118,0.7433787063416690,251.82987374585200
test_unseen,106,BalancedKRR_lambda0.5_KDP,0.3,1,0.2037256386381090,0.3003515586851970,0.0149534531220136,0.1407746430742910,0.2105350868475930,0.252472357026735,0.5871533239798860,0.4940342159070320,0.7507182234645550,29.932134694934900
Combined,730,BalancedKRR_lambda0.5_KDP,0.3,1,0.3533835371722140,0.4063607451915340,0.0106873714197554,0.1006481242764320,0.350110170883094,0.3924019207260060,0.7296660392136080,0.6791213334084970,0.7444444444444440,272.22704457096700
test_seen,554,DNN_DP,0.3,2,0.396177229090132,0.4390703016828380,0.0095375650402642,0.1003420906640690,0.3545947280120800,0.4443190627490000,0.7728723421927510,0.6996701202095070,0.7590211745686710,211.58881207377000
test_unseen,108,DNN_DP,0.3,2,-0.0913289889802955,0.0478995760805617,0.0174298843097252,0.1749693188118500,0.1548568328510520,0.0518902270039228,0.3400997298544850,0.4647839973104720,0.50120468426066,51.73930167425020
Combined,662,DNN_DP,0.3,2,0.3161106524738810,0.3749299264329300,0.0108251337428349,0.1125169254676350,0.3220090895265950,0.3802974399990480,0.6924210232324330,0.6613503297667640,0.7169604782646450,264.7646050599530
test_seen,554,DNN_KP,0.3,2,0.2737183944651020,0.3084566232774170,0.0107872358444298,0.1220711739622690,0.32787305397398,0.3877502427123190,0.6794157324681480,0.6462803868987480,0.6620370623221570,288.3378297860560
test_unseen,108,DNN_KP,0.3,2,0.3277815053414320,0.3668732644582800,0.0108580764844427,0.1165431101229300,0.390304096508569,0.4203743655429960,0.7368287605972130,0.6533030761472520,0.7095170056592140,51.191177656077400
Combined,662,DNN_KP,0.3,2,0.283048354783149,0.318461094884216,0.0107987929276947,0.1211693146047940,0.3380581787379310,0.3930726071620370,0.6900886671844490,0.6474260824256940,0.6697830349511630,340.1257934480230
test_seen,554,Ridge_Concat_KP,0.3,2,0.2565401213818390,0.3553307041301190,0.0135362126540042,0.1215863054513310,0.2475886858960010,0.2543206164103950,0.6487623799287930,0.6664664085157050,0.6944269977115950,136.74016137659500
test_unseen,108,Ridge_Concat_KP,0.3,2,0.2894668236716020,0.4033145203180070,0.0135379419705175,0.1130983199095180,0.2969108650512580,0.3022335814346430,0.6631544398079660,0.6572253039726560,0.720961506135485,25.166066916443300
Combined,662,Ridge_Concat_KP,0.3,2,0.2626409342927580,0.363762495422481,0.0135364947781484,0.1202015585653550,0.255635204549729,0.2621372330608770,0.6514378269576130,0.6649587962941800,0.6987558903245560,162.4417306751940
test_seen,554,KNN_KP,0.3,2,0.1692487952984930,0.3688297646738940,0.0210168856113324,0.1259795072000150,0.2053379630054030,0.2089147988699300,0.5731155690302350,0.6984112246514140,0.7028351092590270,101.39544161866100
test_unseen,108,KNN_KP,0.3,2,0.2360328453013210,0.4364147107683400,0.0222436813750423,0.1112960501725880,0.2616227706246350,0.2550487497664290,0.667681175489546,0.7264946489606100,0.7304589006555720,19.559644631240500
Combined,662,KNN_KP,0.3,2,0.1809869138824230,0.380752191281876,0.0212170275184029,0.123584018742368,0.2145203787499310,0.2164411836083310,0.5906950727951070,0.7029928104903770,0.7073417096681310,121.20977691852400
test_seen,554,KRR_KP,0.3,2,0.2605798909604060,0.2983186082643310,0.0116391161743838,0.1251678616285440,0.2988311061608870,0.3066455812400130,0.7008345806325210,0.6263537906137180,0.6596721956121620,228.569297201858
test_unseen,108,KRR_KP,0.3,2,0.3052024853476160,0.3535561568271250,0.0115637031088913,0.1186748675609800,0.3537371285791410,0.3434277024856250,0.729716216682874,0.6320109822379110,0.6990110382697370,41.573161901308600
Combined,662,KRR_KP,0.3,2,0.2685607619186780,0.3079891656118580,0.0116268131365089,0.1241085816296060,0.3077885841384870,0.3126462898420160,0.7062036027188050,0.62727671613549,0.666090012843307,270.4990174673140
test_seen,554,RIDGE_LatentReg_KP,0.3,2,0.2421496491623500,0.2738338026026230,0.0115633497210029,0.1282800421446800,0.3099020077231220,0.3248261585438300,0.6798309536357830,0.6185491843121410,0.6509336581156440,276.85608285338700
test_unseen,108,RIDGE_LatentReg_KP,0.3,2,0.2798952309484370,0.3273901298819590,0.011413843199227,0.122707092024935,0.3649612074341860,0.3535743134934340,0.6917250669802600,0.625441250630358,0.69613940718328,51.51617632437600
Combined,662,RIDGE_LatentReg_KP,0.3,2,0.2489811583952700,0.2831502346632490,0.0115389589289307,0.1273708599499180,0.3188844753497000,0.3295161898649130,0.6820420388087940,0.6196735697537830,0.6583086141568900,328.8538036678240
test_seen,554,LLMRidge_Concat_KP,0.3,2,0.1158092752827590,0.1635025596500570,0.0132738865789241,0.1450757649704310,0.2464990419699090,0.2023184183901220,0.5625958514627160,0.5526469576235550,0.5978907355117780,306.05548548325200
test_unseen,108,LLMRidge_Concat_KP,0.3,2,0.0996131100739946,0.165617997089861,0.0148862293076322,0.1556476014554120,0.286804446357699,0.2243814687243930,0.5727954803612730,0.4937384434358720,0.6263517678041130,57.8390575231427
Combined,662,LLMRidge_Concat_KP,0.3,2,0.1135292889566290,0.1642430612701200,0.0135369273866287,0.1468004754543860,0.2530745460090050,0.2059178284144440,0.5644919363220630,0.5430365051578900,0.602533925070044,364.40954940724600
test_seen,554,DNN_MultiCtx,0.3,2,0.3894354275213840,0.4191561257228070,0.0091097861663303,0.0977080367620477,0.3711623135966330,0.4646642933826810,0.7694610263542710,0.7092415495611620,0.720683572095665,255.55110175371300
test_unseen,108,DNN_MultiCtx,0.3,2,0.3176229150751480,0.3457397333458890,0.0112105406393917,0.12197375903266,0.3909545538740030,0.41974436817348,0.7548715663463650,0.624698828934835,0.7126828038325770,53.87763911831470
Combined,662,DNN_MultiCtx,0.3,2,0.3777355324596420,0.4072817214974870,0.0094525074398811,0.1016667950780990,0.374391259140373,0.457335967215621,0.7667488831476730,0.6954490815435740,0.7193783108080310,309.55206619152200
test_seen,554,MLP_Concat_KDP,0.3,2,0.3183736355415160,0.3360698781791130,0.0099466510307437,0.1165395045246910,0.3544572923690310,0.4369122030447100,0.7368088739458470,0.6559938174847210,0.6829467440755450,297.85840415178400
test_unseen,108,MLP_Concat_KDP,0.3,2,0.2622204399541070,0.2776035355906930,0.0121303518880503,0.1362644411916750,0.3904474472359720,0.3931447489978730,0.7379374743664060,0.5571244466857180,0.6992071496610070,60.81537245788810
Combined,662,MLP_Concat_KDP,0.3,2,0.3092200449810530,0.326659538354393,0.0103029043428118,0.1197574700232320,0.3603287979968710,0.429771893321057,0.7370186778701820,0.6398640711912280,0.685599499065318,358.2456399693820
test_seen,554,Ridge_Concat_KDP,0.3,2,0.3788957145637070,0.4629045180223330,0.0113633331365291,0.1015868854010770,0.2977436339210640,0.3441301693183130,0.7497596231061880,0.728165944827059,0.7672053610927540,119.91577758692500
test_unseen,108,Ridge_Concat_KDP,0.3,2,0.1854177549582350,0.2771987619761420,0.0150948373290399,0.13966234194227,0.2764257970266040,0.2101112465805730,0.6341260453236520,0.5251022580825910,0.6923992827926260,30.988010301096200
Combined,662,Ridge_Concat_KDP,0.3,2,0.3474846119640670,0.4330320890816920,0.0119720981709569,0.1077985913020570,0.2942657995032370,0.3222660550348140,0.7282636374927680,0.6950377300711640,0.7550013483187150,148.58826694748500
test_seen,554,KNN_KDP,0.3,2,0.2559273320031810,0.2926356929058440,0.0120162183273707,0.1225698538283420,0.3222178330678800,0.2851943180489610,0.6954331771350400,0.6567611703086340,0.6602565853072420,271.3534502956730
test_unseen,108,KNN_KDP,0.3,2,0.2971255267639450,0.348343328400034,0.0115512882206471,0.118439187209094,0.362362710730345,0.3257056347136070,0.7095651027099420,0.6603490782764610,0.6942763489662130,46.52818332326200
Combined,662,KNN_KDP,0.3,2,0.2635105984920550,0.3024765663169700,0.0119403687027089,0.1218959686397040,0.3287671484569230,0.2918034150274830,0.6980602658637080,0.6573465087686420,0.6658066373845360,317.99604343522000
test_seen,554,KRR_KDP,0.3,2,0.326103019069188,0.3620867330994470,0.0107635969433995,0.1167116632438670,0.3275683907324560,0.3644168641653950,0.7492644768465610,0.6642735817626720,0.7037335401453880,213.087992794984
test_unseen,108,KRR_KDP,0.3,2,0.2809956632172020,0.3841558811035670,0.0123898479148023,0.1233787419166940,0.2972610896833430,0.3460934403997410,0.645218589991764,0.597705496722138,0.7478847985655850,28.720399602604000
Combined,662,KRR_KDP,0.3,2,0.3199854785445650,0.3673326890961810,0.0110289067695498,0.1177993437524250,0.3226239972078270,0.3614275442761350,0.7299226132645790,0.6534135316352140,0.7109364644798000,236.47769346451300
test_seen,554,RIDGE_LatentReg_KDP,0.3,2,0.2981031715369680,0.3334355130434030,0.0108589870300352,0.1215113309895430,0.3298890487127640,0.371566008522888,0.7134205719642200,0.6528424824000390,0.6947901931762950,255.6250962558460
test_unseen,108,RIDGE_LatentReg_KDP,0.3,2,0.2753962488632880,0.3562142286938220,0.0117595580886677,0.1239587706132910,0.3322910683951030,0.3680847191371380,0.6475484282090700,0.611055079285034,0.7185101137446070,40.50731610079860
Combined,662,RIDGE_LatentReg_KDP,0.3,2,0.2958538441095910,0.3390683099928920,0.0110059079882411,0.1219106111698530,0.3302809189932670,0.370998064030953,0.7011751093430700,0.646025202133543,0.6986599083143270,291.32696056337200
test_seen,554,BalancedKRR_lambda0.5_KDP,0.3,2,0.3924665096368900,0.428378199188462,0.0099142874639902,0.1053308657463620,0.360132129475634,0.4210036958554090,0.793515472549264,0.7047275487856160,0.7581036281315370,213.0781607293340
test_unseen,108,BalancedKRR_lambda0.5_KDP,0.3,2,0.1728117242581060,0.2991714288271860,0.0145252408789787,0.146655906639522,0.2151302605055590,0.2840042603155500,0.5706656845536460,0.4923376477839410,0.7415251863058220,29.42716235794980
Combined,662,BalancedKRR_lambda0.5_KDP,0.3,2,0.356946963917555,0.4078527964552320,0.0106665275981575,0.1120727153180550,0.3364762354442620,0.3986533347703560,0.7520882683705920,0.6700778368397240,0.7553989880753780,237.68524914877900
test_seen,573,DNN_DP,0.3,3,0.3927247985006270,0.4211469589720710,0.0093390833050903,0.0824428578803578,0.3712008252609270,0.4412833013962130,0.7681207746971140,0.7114395167722600,0.7158679933049050,273.6988171188590
test_unseen,161,DNN_DP,0.3,3,-0.0636189941995016,0.0429588448800812,0.0153000709522654,0.1955741408345680,0.1705717416595880,0.0935521748984792,0.3541059587150810,0.4989704524077860,0.5201969274571450,89.67531911004570
Combined,734,DNN_DP,0.3,3,0.2928392191610090,0.3351378326035350,0.0106466023939121,0.1072577578199050,0.327193628449189,0.3650098526685080,0.6750286858964200,0.6648352669593440,0.6729483180985160,364.84494426891200
test_seen,573,DNN_KP,0.3,3,0.2831262442265720,0.3284295232851720,0.0109213756772821,0.1052427772290630,0.3180817069116420,0.3633423600934880,0.6570020124444180,0.6367101657345440,0.6842281951101050,272.7459747161830
test_unseen,161,DNN_KP,0.3,3,0.2461842737153020,0.2877950316796620,0.0117225781479352,0.1457245856681100,0.3231176437099820,0.3305294507609780,0.6919139000146010,0.6066535042749530,0.6883224729478960,76.38555370100940
Combined,734,DNN_KP,0.3,3,0.2749664161942210,0.3193662624023750,0.011097116273706,0.114122301968418,0.3191863197516050,0.3561449780736870,0.6648520226673000,0.6301173557958600,0.6851262587775220,349.6066374718930
test_seen,573,Ridge_Concat_KP,0.3,3,0.2694651216723660,0.3568063408789680,0.0132803269775737,0.0991260572656183,0.2671225162582560,0.237082403957361,0.6482349780347300,0.6731641464825750,0.6790925908730530,169.6027290787700
test_unseen,161,Ridge_Concat_KP,0.3,3,0.2444640660425070,0.3333898206712040,0.0137774904651902,0.1391343360243190,0.2745564574846790,0.2234714925460830,0.678716439263601,0.657834306389974,0.6973214815316960,47.46938065210560
Combined,734,Ridge_Concat_KP,0.3,3,0.2638408550760900,0.3513492588492280,0.0133893778243124,0.1079017151404830,0.2687531218951150,0.2340969043153780,0.655088797719328,0.6698016066257510,0.6830910260175240,217.40688241880200
test_seen,573,KNN_KP,0.3,3,0.2027953285035320,0.3992438634630740,0.0220513396742061,0.1064207536039680,0.2354770549282880,0.2218689224459840,0.6072085748889060,0.7222154763350310,0.7144584996988160,108.87079293892000
test_unseen,161,KNN_KP,0.3,3,0.1913446526326790,0.3957944845236730,0.021521497448641,0.128723308835677,0.2347786314210200,0.2084626996788020,0.6203610407497130,0.7017447230389870,0.732266784167846,31.50427252927280
Combined,734,KNN_KP,0.3,3,0.2009566125800420,0.3992995744142260,0.0219351208754105,0.1113127309776810,0.2353238584914070,0.2189283204493680,0.6101659340765430,0.7177252974785420,0.7183646765373910,140.0904442819750
test_seen,573,KRR_KP,0.3,3,0.2527622057189880,0.2806335611305570,0.0115082501051012,0.1104266874924210,0.3168471833687670,0.2987298471007770,0.6756864854759620,0.62260094426548,0.6535193293477040,292.12752458826300
test_unseen,161,KRR_KP,0.3,3,0.232725275224615,0.260099985640045,0.0120226379831454,0.1518613338542380,0.3286478712689010,0.2892469247311240,0.7107929878157270,0.6102124342233480,0.6734512299492430,81.18025209348610
Combined,734,KRR_KP,0.3,3,0.2483039824928800,0.2759960765431460,0.0116210790538275,0.1195152134655170,0.3194356176356900,0.2966498055455810,0.6835802552328320,0.6198835735341680,0.6578913129946360,373.58302035686900
test_seen,573,RIDGE_LatentReg_KP,0.3,3,0.2512672796269340,0.2796939740705190,0.0114791321464682,0.1100152154751410,0.3223926373282530,0.3017515977490980,0.6677690535966770,0.6297055539286060,0.6535978990926380,306.14134362031500
test_unseen,161,RIDGE_LatentReg_KP,0.3,3,0.2263778111242790,0.2590796793859560,0.0119870917703849,0.1517424402213400,0.337914889531738,0.3006559002699570,0.684984895624515,0.6152796725784450,0.6772304746087300,86.8476801284086
Combined,734,RIDGE_LatentReg_KP,0.3,3,0.2457997502451970,0.2750056406097760,0.0115905510830494,0.1191679173608880,0.3257973820213880,0.3015112608360980,0.6716400713307470,0.6265412938504370,0.6587816111608820,393.29718524896600
test_seen,573,LLMRidge_Concat_KP,0.3,3,0.0611585365779984,0.0651552606695506,0.0136586539703299,0.1360884128526540,0.2569645315136060,0.1824136845171810,0.5677487064092530,0.5208031256473080,0.5410312636157800,472.41649732645900
test_unseen,161,LLMRidge_Concat_KP,0.3,3,0.0623051140226152,0.0692514411686189,0.0136334937679008,0.1782972489349880,0.2826528864217090,0.1768202592893960,0.6117225892253610,0.5253658495250520,0.5925448891223850,130.5166785781650
Combined,734,LLMRidge_Concat_KP,0.3,3,0.0614127765405313,0.0660234335481225,0.0136531351793339,0.1453467542821580,0.2625991706691980,0.1811867887928300,0.5776363250306260,0.5218039411027800,0.5523305738427050,603.7928212876700
test_seen,573,DNN_MultiCtx,0.3,3,0.4122446255189170,0.4445049791138780,0.0092213232942611,0.0774867702069205,0.3795208394099560,0.4529172998402350,0.7777862452887680,0.7216583454164080,0.7281939196541030,260.88641489650700
test_unseen,161,DNN_MultiCtx,0.3,3,0.2933273129173300,0.3137716296870920,0.0110730655066183,0.1412410673506000,0.3498848395545750,0.3597478952927450,0.7620828961003820,0.6536906950929140,0.6892206790777290,80.29141852946000
Combined,734,DNN_MultiCtx,0.3,3,0.3855729441002740,0.4145204985524040,0.0096274956323939,0.0914710233951117,0.373020299932141,0.4324809590607440,0.7742553147020300,0.7067499098549880,0.7196452933151430,341.111361424635
test_seen,573,MLP_Concat_KDP,0.3,3,0.3582393633374460,0.3990689826518820,0.0098044561751651,0.0953418388727454,0.3493145618207400,0.418084494617765,0.7183188679308160,0.6742379329966740,0.7280034475451720,242.18947483981000
test_unseen,161,MLP_Concat_KDP,0.3,3,0.2435375474990080,0.2810495103578930,0.0119106914133689,0.1531268820821620,0.3317745349222440,0.321826994143758,0.6978882630110570,0.5952140865836820,0.7062611746163560,76.54777393621150
Combined,734,MLP_Concat_KDP,0.3,3,0.3327633422903340,0.3722490460453220,0.0102664505530273,0.1080167597947020,0.3454672262203890,0.3969707921977170,0.7137250041027040,0.6569043645055410,0.7232343658809490,318.82135351182300
test_seen,573,Ridge_Concat_KDP,0.3,3,0.3972998395632020,0.4792579663607320,0.0111198503663032,0.080782707797879,0.3129082584553920,0.3362970307593070,0.7430994743339090,0.7433507377222870,0.760321802628039,135.3109479459990
test_unseen,161,Ridge_Concat_KDP,0.3,3,0.1555550302895790,0.2321197957604950,0.0142993864181063,0.1579186734148670,0.2483470395875530,0.1534420013136930,0.6223917067247000,0.5658020726530130,0.6580630947437990,54.88678030089000
Combined,734,Ridge_Concat_KDP,0.3,3,0.3444569254568910,0.4241653967772290,0.0118172690370665,0.0977021770953383,0.2987470101751170,0.2961885025021630,0.7159580828004780,0.704406139525893,0.7378917590730490,188.0326979510370
test_seen,573,KNN_KDP,0.3,3,0.2569047508348140,0.2914221292509140,0.0120755650241602,0.106619967632796,0.3282273553568620,0.257024906140016,0.6777666900534120,0.6635548285870070,0.6586811234997350,300.1431365119280
test_unseen,161,KNN_KDP,0.3,3,0.2271914110895810,0.2602735621148120,0.012361924562391,0.1502874203660700,0.3359620410046170,0.2671961980400640,0.6975584758776130,0.6235584215298310,0.6774084211061490,83.86713333522070
Combined,734,KNN_KDP,0.3,3,0.250380964323985,0.2844374561751970,0.0121383768574779,0.1161982508617570,0.3299239280943120,0.2592559388319880,0.6822169140848890,0.6547817747229670,0.6627888822390160,383.9868769707270
test_seen,573,KRR_KDP,0.3,3,0.324027663870313,0.3588314950334270,0.0106612055850864,0.0997753624175176,0.3388517153474740,0.3464837082445530,0.7190657489741180,0.6719808385058420,0.6961422255237390,251.02288338770200
test_unseen,161,KRR_KDP,0.3,3,0.2325800626181640,0.2980402643290540,0.0126263772337758,0.1532253437214590,0.2785648444155470,0.2887247405025340,0.6766479664219530,0.5924093108386360,0.6897121503563170,51.56308954688110
Combined,734,KRR_KDP,0.3,3,0.3045173479846770,0.3457216869469990,0.0110922582219242,0.1114994046381370,0.3256280283991900,0.3338145068733470,0.7095280227197850,0.65452713829546,0.6947318139406940,299.07539488007200
test_seen,573,RIDGE_LatentReg_KDP,0.3,3,0.2993367776237940,0.3338269855006660,0.0108175345379244,0.1041402070271590,0.3379750400732070,0.3461139753527620,0.6902043391472520,0.6601191879221640,0.6893066577144780,282.06297342396800
test_unseen,161,RIDGE_LatentReg_KDP,0.3,3,0.2400289921913760,0.2908544436200580,0.0122697698149131,0.1532430460411300,0.3114423436558510,0.3140352490774520,0.6876042112643000,0.600069483870421,0.6996602069263560,67.02725895306350
Combined,734,RIDGE_LatentReg_KDP,0.3,3,0.2869279862556170,0.3250174454420720,0.0111360766082176,0.1149107207618310,0.332155197943514,0.3390776334858350,0.6896196950078900,0.6469475225920130,0.6915776678277100,344.99102086488300
test_seen,573,BalancedKRR_lambda0.5_KDP,0.3,3,0.4011676366591150,0.4349555386778680,0.0097405101248453,0.0874028343851347,0.3721167072946690,0.4060006858074520,0.7803712532498830,0.7185679354490020,0.7467744738803220,235.30376792313700
test_unseen,161,BalancedKRR_lambda0.5_KDP,0.3,3,0.1418714468863030,0.2513644980987310,0.0140868965973188,0.173851542131548,0.1964989217492800,0.2380408966166540,0.5585341481599360,0.5178751493479530,0.7069136451068950,44.24646567211920
Combined,734,BalancedKRR_lambda0.5_KDP,0.3,3,0.3455803973179500,0.3947168804140870,0.0106938728252108,0.1063650168744710,0.3335956398930240,0.3691593696497970,0.7304907207444510,0.6745467657456390,0.7380311585771590,270.61858350557800
test_seen,350,DNN_DP,0.5,1,0.4396072104107500,0.4807715743469140,0.0091699765519505,0.0691482743125338,0.3979392372387730,0.4578819652154230,0.8005382879725040,0.728778649921507,0.7665557299843020,140.40214914968600
test_unseen,106,DNN_DP,0.5,1,-0.0449134561457533,0.0690603551224226,0.0168144516064785,0.1661355266628710,0.1493026119204380,0.0586141508165518,0.2952878757445310,0.4697905867717190,0.504022392701638,54.1995379931678
Combined,456,DNN_DP,0.5,1,0.3167780815115070,0.3786520599405790,0.0109469817181346,0.0916935566571297,0.3401421269674050,0.3650697101139310,0.6672083180790110,0.6685752843647580,0.7055282436861390,197.8178234263560
test_seen,350,DNN_KP,0.5,1,0.3076072232794710,0.3441868785467700,0.010762965875079,0.0950145079652264,0.3576228857279890,0.383721645731287,0.7064758999238040,0.6584678178963890,0.6829387755102040,171.16130191274500
test_unseen,106,DNN_KP,0.5,1,0.3172398459501850,0.3468883006324930,0.0113644291051522,0.1065288446097400,0.3732884637088920,0.3761622899250470,0.7037709029554800,0.6275761973875180,0.6857764876632800,55.072713215316900
Combined,456,DNN_KP,0.5,1,0.3101498001227860,0.345025902364983,0.0109027796961048,0.0976910862203107,0.3612644455217950,0.3819644270570290,0.7057620812793850,0.6512868710237130,0.683598419124735,226.3460613590980
test_seen,350,Ridge_Concat_KP,0.5,1,0.2867210709969260,0.3944386103748990,0.0137098950706422,0.0898448008779632,0.2668940146719770,0.2568584580929490,0.6653351435824390,0.6836169544740970,0.7028194662480380,82.37175131478900
test_unseen,106,Ridge_Concat_KP,0.5,1,0.3233471812184520,0.4316432877960160,0.0145613231107522,0.0977643197158107,0.2942092831187250,0.262718889475186,0.6749770298208060,0.6736678415923700,0.7425461331121710,25.419022722714000
Combined,456,Ridge_Concat_KP,0.5,1,0.2958962801745830,0.4036144045988340,0.0139078147466327,0.0916857416604453,0.2732436165477560,0.2582207513528550,0.6678795302286740,0.6813042220936960,0.7120541738962790,107.66421628277900
test_seen,350,KNN_KP,0.5,1,0.2331644159060230,0.4202356914641750,0.0202901384227304,0.0946294505243802,0.2478654224866840,0.2361696417582140,0.6329274933159890,0.7319874411302980,0.7172998430141290,63.2972070427603
test_unseen,106,KNN_KP,0.5,1,0.2943367029481310,0.4874534449041930,0.021579999145594,0.0871615782777344,0.2726679244130960,0.2631933471654820,0.664460902273922,0.7172092058884510,0.7671988388969520,17.392234470742400
Combined,456,KNN_KP,0.5,1,0.2486750222234160,0.4369756248467420,0.0205899744679574,0.0928934977652914,0.2536309163555430,0.2424514680151670,0.6412488095687770,0.7285521496047810,0.728899171004434,80.46516036495560
test_seen,350,KRR_KP,0.5,1,0.2952950740401390,0.3500159072689260,0.0115301138973863,0.0977169940051056,0.3303726217480180,0.3257335375948020,0.6894794414678070,0.6509262166405020,0.6909952904238620,133.0614660055220
test_unseen,106,KRR_KP,0.5,1,0.2907977350608410,0.3398930062374240,0.0127370164822194,0.1155472895736400,0.333237062604993,0.3089179948836950,0.6878206688194130,0.6178104913953970,0.6915820029027580,44.64593289603020
Combined,456,KRR_KP,0.5,1,0.2943387710285700,0.3475840415920320,0.0118106658140361,0.1018617556942830,0.3310384786138940,0.3218246614382720,0.6890417097967030,0.643228262965105,0.6911316753422020,177.91127450130500
test_seen,350,RIDGE_LatentReg_KP,0.5,1,0.2860140455608550,0.3274153287985580,0.011424731447992,0.1001163901056670,0.3441905788517880,0.3398361417293770,0.6953246240157890,0.6500408163265310,0.6808163265306120,162.58822087977800
test_unseen,106,RIDGE_LatentReg_KP,0.5,1,0.2605243511004330,0.3036658789362070,0.0128028289098582,0.1221377533499220,0.3321231941916970,0.3128819355567010,0.6613620436784620,0.6093717603151570,0.6687953555878080,52.92468335822000
Combined,456,RIDGE_LatentReg_KP,0.5,1,0.2796996049380350,0.3216609664149510,0.0117450786650048,0.1052353912106910,0.3413854411895740,0.3335704709962550,0.6863622764267720,0.6405870445344130,0.678021978021978,215.6522675864690
test_seen,350,LLM_KNN_KP,0.5,1,0.3116671984358600,0.4002190291545450,0.0129035592172402,0.0873589682858734,0.3116828649127940,0.2869061465966640,0.6899554000806200,0.6932621664050240,0.7062166405023550,99.20299219492030
test_unseen,106,LLM_KNN_KP,0.5,1,0.3588891556965900,0.4432509902618840,0.0132442191820023,0.0868844627943486,0.343113664309282,0.3095528459059560,0.7108584845012990,0.6903379639228700,0.7274517934895290,31.807598965075700
Combined,456,LLM_KNN_KP,0.5,1,0.3236531077692190,0.4110599804564660,0.0129827477178208,0.0872486665707382,0.3189891472286440,0.2921705109097890,0.6954714918027440,0.6925824175824180,0.7111528822055140,130.92615129619600
test_seen,350,LLMRidge_Concat_KP,0.5,1,0.0764693406216848,0.0991739039352229,0.0137019054505175,0.1285274993032340,0.2781729088398530,0.2123178627459760,0.5651067487541120,0.5375510204081630,0.5679309262166410,269.35929902974000
test_unseen,106,LLMRidge_Concat_KP,0.5,1,0.0775408628054981,0.0986540905656898,0.0147072872485227,0.1490481646832740,0.2751736594583700,0.1885388308511720,0.5472897660444700,0.5008500933029240,0.5592369894256690,81.78589547227510
Combined,456,LLMRidge_Concat_KP,0.5,1,0.076832286183895,0.0991225822355909,0.0139356126228608,0.1332976539749100,0.2774757149046840,0.2067902807704300,0.560405044983512,0.5290196645459800,0.5659099672257570,351.4309965195740
test_seen,350,DNN_MultiCtx,0.5,1,0.4437489353612160,0.4793536802786720,0.0088114708359353,0.0663899990250575,0.4065421644890950,0.4710914569833500,0.8021850736647750,0.749883830455259,0.7460345368916800,155.02754876584300
test_unseen,106,DNN_MultiCtx,0.5,1,0.3258015909790420,0.355247282903007,0.0111978507253675,0.1083133809392940,0.3777755403820920,0.3715373826890990,0.7084684881398030,0.6483723823346460,0.6979266017001870,55.66773296274170
Combined,456,DNN_MultiCtx,0.5,1,0.4142696544671820,0.4489484342316740,0.0093661994944436,0.0761353465752966,0.3998551860782560,0.4479495011167040,0.7774543080401300,0.7262868710237130,0.7348515519568150,210.6068930298020
test_seen,350,MLP_Concat_KDP,0.5,1,0.3796605780635250,0.4187420127868800,0.009682142359005,0.0856675988238196,0.3843007865641270,0.4327560032995620,0.7483000246187050,0.6931240188383050,0.7379843014128730,150.07240914276300
test_unseen,106,MLP_Concat_KDP,0.5,1,0.3025036115142420,0.3315682048139920,0.0121123157858954,0.1213465042526680,0.3609869684321140,0.3618075874084210,0.7153217361161580,0.5967654986522910,0.7053078996475220,50.0216373393839
Combined,456,MLP_Concat_KDP,0.5,1,0.3608693104896720,0.3977167003973190,0.0102470510942032,0.0939613794717537,0.3788813463843170,0.4162636083774980,0.7395974207083110,0.6707248891459420,0.7303884711779450,199.2300846185780
test_seen,350,Ridge_Concat_KDP,0.5,1,0.4241267387216330,0.512055924396749,0.0113106723987896,0.0684704540536596,0.3256602270202710,0.3455634958070750,0.785211153316704,0.758756671899529,0.7709513343799060,70.67521704521240
test_unseen,106,Ridge_Concat_KDP,0.5,1,0.229959735523205,0.3059808504533780,0.0151717817885274,0.1199495492815030,0.2592837116241740,0.1897472575447920,0.6594842957300050,0.5490358697905870,0.6754924320962060,28.95772179595
Combined,456,Ridge_Concat_KDP,0.5,1,0.3760945696754440,0.4620223520443830,0.0122082109850006,0.0804370858390793,0.3102305984413540,0.3093430544566320,0.7520332325646590,0.7100057836899940,0.7487613263929050,98.39613685246720
test_seen,350,KNN_KDP,0.5,1,0.3013455781107210,0.3474893190136100,0.0118451862494781,0.0926877469034116,0.3541254508404680,0.3043918472248860,0.712723384220361,0.697927786499215,0.6792150706436420,165.21807724192800
test_unseen,106,KNN_KDP,0.5,1,0.2749325719611830,0.3290271193123910,0.0136445129263658,0.1156744659401460,0.3410393457583200,0.2975334636774560,0.6766147682357340,0.6425046651461750,0.67677793904209,50.40254029026410
Combined,456,KNN_KDP,0.5,1,0.2946502507323810,0.3428142313525080,0.0122634507840178,0.0980311508900209,0.3510835053608460,0.3027975738564040,0.7031947216688620,0.6850443416232890,0.678648544438018,215.71833188663300
test_seen,350,KRR_KDP,0.5,1,0.3678087867306850,0.4271654754749590,0.0106828926163197,0.0861995822397082,0.3550354478315810,0.3702710683416630,0.7357190151230030,0.6982919937205650,0.7389073783359500,115.0297346631510
test_unseen,106,KRR_KDP,0.5,1,0.2989802022967040,0.3917809514200970,0.013631793767827,0.1159656672380730,0.2804562407942040,0.3015143495038510,0.6566086183219170,0.59010989010989,0.7634045200082940,26.83802954707100
Combined,456,KRR_KDP,0.5,1,0.3509092844455880,0.4189984108043560,0.0113683827962753,0.0931188914717841,0.337699053213243,0.3542881468574350,0.7148426604116060,0.6731443994601890,0.7446018893387320,139.59923612647500
test_seen,350,RIDGE_LatentReg_KDP,0.5,1,0.3388549698888380,0.3839855763668990,0.0106778310036301,0.0935710206820891,0.3650660564916790,0.3864083004442410,0.7223621441470430,0.6827189952904240,0.7223233908948200,153.07802608825800
test_unseen,106,RIDGE_LatentReg_KDP,0.5,1,0.281530289069349,0.3526127325928380,0.0131063169876924,0.123151281447245,0.3111817618459930,0.3285551083661660,0.6474919127349170,0.5919966825627200,0.7329048310180390,39.26047505442820
Combined,456,RIDGE_LatentReg_KDP,0.5,1,0.3249234002299030,0.3770461753433660,0.0112423474823814,0.1004471339301300,0.3525403213328130,0.3729599707067940,0.7026047219688430,0.6616300366300370,0.7247831116252170,189.8246218131410
test_seen,350,BalancedKRR_lambda0.5_KDP,0.5,1,0.4402601893109230,0.4875524084744900,0.0096099496208939,0.0744084665021595,0.3959199144301330,0.4327120329536950,0.8027143546142750,0.7373626373626370,0.7775572998430140,120.27674579683200
test_unseen,106,BalancedKRR_lambda0.5_KDP,0.5,1,0.2224534157615260,0.3242386672997310,0.0148868624127297,0.1377279021271470,0.2205635992462730,0.251880861865922,0.6026810207587880,0.509910843873108,0.7675513166079200,27.05967669335530
Combined,456,BalancedKRR_lambda0.5_KDP,0.5,1,0.3863284261104490,0.4484154899369870,0.0108366004014522,0.0891274581167399,0.3551572622163410,0.3906767168675020,0.7499277804024100,0.6844900713321770,0.7752313475997690,143.14058601648200
test_seen,422,DNN_DP,0.5,2,0.3814222593510550,0.4083146841680580,0.0096155589322837,0.1063767454462880,0.3679372977153110,0.4325352869946600,0.7875249974465780,0.6967586163645970,0.7227667332622580,191.33732891574500
test_unseen,108,DNN_DP,0.5,2,-0.0616778574772943,0.0516756941219375,0.0166903951666662,0.1779280567855070,0.1999405861934070,0.0465594469985417,0.384238531283135,0.4762304837919210,0.5450360568508020,63.84968739933880
Combined,530,DNN_DP,0.5,2,0.2916875028726160,0.3356226909206690,0.0110572236743843,0.1209570126625820,0.3337040055561310,0.3538836063916780,0.6989241829106700,0.6518208082177120,0.6865499161821880,255.06169559677100
test_seen,422,DNN_KP,0.5,2,0.2802193810314500,0.3053359245557400,0.0108512152875751,0.1255362610905940,0.3514595029825150,0.375001930502427,0.7036996282438200,0.6425384567143590,0.662221485589371,231.4446265598490
test_unseen,108,DNN_KP,0.5,2,0.3291477910107470,0.3554190527213500,0.0106332900662285,0.1203671227358190,0.3952178852748520,0.4046825196108260,0.7562124822931040,0.6496184275012250,0.7098298676748590,54.82157134394610
Combined,530,DNN_KP,0.5,2,0.2905905345014820,0.3158519113538380,0.0108068078839799,0.1244829272371680,0.3603763054118970,0.3810500505471570,0.7152365431485870,0.6439811677426260,0.6719228162784890,286.75587852407200
test_seen,422,Ridge_Concat_KP,0.5,2,0.277684865976473,0.3804179517637390,0.0137666188074514,0.1191039446904230,0.2623631039500760,0.2477336863549230,0.6722685212124750,0.6818014854101900,0.7048665549771990,103.70631359200000
test_unseen,108,Ridge_Concat_KP,0.5,2,0.3104143900474840,0.425772525471862,0.0136651211176757,0.1119519668806350,0.3032070713040110,0.2892397149065380,0.6856777841417950,0.6751382762724920,0.7417909402786530,24.184506047482900
Combined,530,Ridge_Concat_KP,0.5,2,0.2849364811813370,0.3899885270138830,0.0137459362593461,0.1176465605329570,0.2706860255995570,0.2561915185880830,0.6752144956439170,0.6804436993972250,0.7123907693405140,128.24351549753000
test_seen,422,KNN_KP,0.5,2,0.2100380795325150,0.4132943015219610,0.0211375726213057,0.1155120111225250,0.2273992111062820,0.216517114633912,0.6128088151247570,0.72017756833514,0.7222157517985290,77.49408563654440
test_unseen,108,KNN_KP,0.5,2,0.2565458665671570,0.462600661088871,0.0219597580801809,0.1106881404413160,0.2759750880642540,0.2584173815623290,0.6666483929929410,0.7440313659595320,0.7515577959812360,18.480877337858800
Combined,530,KNN_KP,0.5,2,0.2201443433794770,0.4238992875119810,0.021305112299718,0.1145290337006940,0.237297691693944,0.2250552822344200,0.6246372072321610,0.7250383421906770,0.7281948853301000,96.20946272963600
test_seen,422,KRR_KP,0.5,2,0.2702916688123320,0.3090718660132910,0.0117806815231527,0.1271650098742460,0.3171877005062390,0.3003338188946200,0.7099463952430290,0.629207393006567,0.6687705498167870,179.4014892001510
test_unseen,108,KRR_KP,0.5,2,0.3096404276353830,0.3615905442926970,0.0114892048326094,0.1201207627936360,0.3637711186772760,0.3409322002513130,0.7215430264411310,0.6346880907372400,0.7105825106770290,42.31769365630610
Combined,530,KRR_KP,0.5,2,0.2789237407494030,0.3202051592673040,0.0117212862730043,0.1257295783936690,0.3266801706241100,0.3086066966050400,0.7124941399759450,0.6303242144309310,0.677290722973214,222.08692287949100
test_seen,422,RIDGE_LatentReg_KP,0.5,2,0.2622041268002670,0.2965706960627530,0.0116791319944317,0.1288645077419350,0.3278547278143130,0.3162348771030880,0.699244852377634,0.6295523163619100,0.6659708472571870,205.7770208757640
test_unseen,108,RIDGE_LatentReg_KP,0.5,2,0.2970452578073830,0.3434281921564830,0.011318373315235,0.1216977166628390,0.3750208164647470,0.3469093437750270,0.707227272107872,0.6357908002520480,0.7063292025484840,50.34946457385450
Combined,530,RIDGE_LatentReg_KP,0.5,2,0.2699167611764050,0.3065155139992830,0.0116056189050859,0.1274041050314770,0.33746593078459,0.3224855231418980,0.7009985658032170,0.6308235545885790,0.6741948139957910,256.6270761297390
test_seen,422,LLMRidge_Concat_KP,0.5,2,0.1240800764658820,0.1768893396257010,0.0134632233839252,0.1467278995832980,0.2565971772402740,0.1970845733521610,0.5698149747286420,0.5559223788064760,0.596403838056245,230.33701189516400
test_unseen,108,LLMRidge_Concat_KP,0.5,2,0.1109162027093390,0.1733632795495940,0.0147971465140236,0.1542188459889570,0.2918079035632590,0.2132612151651250,0.5893319640318650,0.5013827627249180,0.6232759224252610,57.49145618767510
Combined,530,LLMRidge_Concat_KP,0.5,2,0.1217324928208420,0.1764268163307780,0.0137350416821339,0.1482543565867150,0.2637721931702410,0.2003809456461240,0.5741027981361680,0.5448086457181580,0.6018796590220070,288.3236618761790
test_seen,422,DNN_MultiCtx,0.5,2,0.4095606899827610,0.439286567233314,0.0091603284820878,0.093385839049425,0.3884916554324570,0.441479408769408,0.7922998204537970,0.7478475886721790,0.7152904075471020,200.93868999061100
test_unseen,108,DNN_MultiCtx,0.5,2,0.3458169929642910,0.3892085462746220,0.0103047433981878,0.1102949224438450,0.4000844110872730,0.3972990651377650,0.7314026725703270,0.6977700763145000,0.71714625778898,53.81191655279250
Combined,530,DNN_MultiCtx,0.5,2,0.396965434176189,0.4292644746476040,0.0093935300121611,0.0968314635901746,0.3908539528111740,0.4324766217652240,0.7789209016006100,0.7376431144558980,0.7156685808039380,254.87756431104700
test_seen,422,MLP_Concat_KDP,0.5,2,0.3702153444999130,0.40944702438662,0.009830543128619,0.112510166748537,0.3617943004794390,0.413190018351478,0.7548826353362250,0.6952221395998890,0.7281332031285000,168.38541959637100
test_unseen,108,MLP_Concat_KDP,0.5,2,0.3053050378793350,0.3444667154358040,0.0116581541693045,0.1284007285144910,0.3810944614750850,0.3640844829166550,0.7362438586765320,0.6032871245536650,0.7313414548764260,47.285241212179000
Combined,530,MLP_Concat_KDP,0.5,2,0.3572617258283560,0.3965238656731130,0.0102029619821927,0.1157482434857500,0.3657271634747780,0.4031836073572120,0.7507877525852320,0.676488212005564,0.7287869600884550,214.88502309557700
test_seen,422,Ridge_Concat_KDP,0.5,2,0.400535440651563,0.4872510391271210,0.0114867717598154,0.098840987480295,0.3115208133237470,0.3336436163020790,0.7724323738908880,0.7480805239251380,0.7728746897929560,87.66153756178790
test_unseen,108,Ridge_Concat_KDP,0.5,2,0.184627454132752,0.2825355391845830,0.0155112618080305,0.1410499367041390,0.2659911248181880,0.1862344484273230,0.638451926795573,0.5300532101099210,0.6918539522509280,28.72199636218340
Combined,530,Ridge_Concat_KDP,0.5,2,0.3569957401000140,0.4459879372082750,0.0123068565243573,0.1074420563787390,0.3022430654773310,0.3036055217162790,0.7429972756654020,0.7036523165816600,0.7563648036523170,114.33935756476900
test_seen,422,KNN_KDP,0.5,2,0.2951990124003190,0.3331539806822340,0.0119103695463301,0.1188477154408730,0.346490154922938,0.2978323656205170,0.7324617653388690,0.6787330114048680,0.6799693600551880,199.74426434757300
test_unseen,108,KNN_KDP,0.5,2,0.3233721997152910,0.3711237692707440,0.0112481415843062,0.1124532153043660,0.3781095509573550,0.3307602793363750,0.7320490254657510,0.6734404536862000,0.700973184905132,46.0945368582989
Combined,530,KNN_KDP,0.5,2,0.301756873387341,0.3414768178684930,0.0117754249804837,0.1175446852243770,0.3529333526054230,0.3045422046418620,0.7323710876394720,0.6776545279452150,0.6842493847415920,246.01516147233600
test_seen,422,KRR_KDP,0.5,2,0.346112961545016,0.3881096467019880,0.01091723591954,0.1152994077994870,0.3401842607983420,0.3485507449118970,0.7641099600179840,0.68192691208486,0.7167820890708570,154.1154589083610
test_unseen,108,KRR_KDP,0.5,2,0.2912561951704770,0.3963581575699370,0.012498441975532,0.1228741641916430,0.2962442160960550,0.328340229761445,0.6579328735798830,0.6069978295876220,0.7562836939018410,27.09482864635120
Combined,530,KRR_KDP,0.5,2,0.336439361488971,0.3914428998976010,0.011239443946044,0.116842943064304,0.3312304403684420,0.3444323757868990,0.7407831758762800,0.6666583443307060,0.7248314726967940,176.49544444718500
test_seen,422,RIDGE_LatentReg_KDP,0.5,2,0.3154888848390600,0.3524381674200790,0.0109348780772203,0.1218772335958820,0.3468864888149830,0.3617772565863720,0.7303743712000710,0.665742391528324,0.704552988290524,192.7149069105680
test_unseen,108,RIDGE_LatentReg_KDP,0.5,2,0.2899537021331300,0.3703916864043080,0.0117312174545347,0.1233879774646220,0.3403643465444340,0.3559802002067610,0.6614364791900690,0.6198452706014140,0.7340369670237340,40.14617310591120
Combined,530,RIDGE_LatentReg_KDP,0.5,2,0.3119201681661280,0.3579952977979230,0.0110971510069372,0.1221850832898890,0.3455574485032490,0.3605959696259990,0.7152289252281770,0.656389770660199,0.7105610443342730,228.4903400684980
test_seen,422,BalancedKRR_lambda0.5_KDP,0.5,2,0.4145412071706630,0.4492024901856980,0.0099316542867207,0.1039344665055200,0.3755130158736360,0.4116479956086400,0.8208032038151200,0.7205941640760080,0.7625090710362930,156.98532967138800
test_unseen,108,BalancedKRR_lambda0.5_KDP,0.5,2,0.1892942072324070,0.3098536555389420,0.0144889677458199,0.1471054839691430,0.2251499398797090,0.2662370363726880,0.596376915958262,0.5007351396765390,0.7496849401386260,27.761894851341700
Combined,530,BalancedKRR_lambda0.5_KDP,0.5,2,0.3694154460062530,0.4213291841753080,0.0108603143878201,0.1127315794981070,0.3448729928409110,0.3820170831605590,0.7714974284526290,0.6757927025002680,0.7598958519099760,180.67650911007400
test_seen,369,DNN_DP,0.5,3,0.421164025343229,0.4434571004410420,0.0093743364225068,0.0837383025690017,0.4001283396154060,0.443939115345958,0.8194029387498260,0.7183006234599210,0.733295423691477,167.19037492368200
test_unseen,161,DNN_DP,0.5,3,-0.0899389400034269,0.0417847701516328,0.0155337617749938,0.1930750851052160,0.1553790695945040,0.0527334578141367,0.2867414049718430,0.5064401366694460,0.4991722340288130,88.45405901526930
Combined,530,DNN_DP,0.5,3,0.2672467485798050,0.3177265378186180,0.0112454071427906,0.116951928962078,0.325779976458113,0.3251011703221410,0.66188435288552,0.6539430038877200,0.6621749830581020,258.9377402691780
test_seen,369,DNN_KP,0.5,3,0.3091320274425240,0.3484970362911510,0.0110749446182463,0.1063534003528550,0.3673366774820030,0.3676950881704470,0.7027210293656720,0.6523019861578580,0.7041459828586950,182.0405962149020
test_unseen,161,DNN_KP,0.5,3,0.2990005160932360,0.3197663138415580,0.0110188847919636,0.139759932773725,0.3642448324085390,0.3576635209135630,0.7599118193611500,0.6361117307940680,0.7091899634843660,82.60211001348910
Combined,530,DNN_KP,0.5,3,0.3059301447997230,0.3399269343752940,0.0110579151238472,0.1165014224656100,0.3663974566200640,0.3646477630226010,0.7196334808818450,0.6473838142454610,0.7056782109355500,264.9818936819550
test_seen,369,Ridge_Concat_KP,0.5,3,0.2948719580099040,0.4117863412301010,0.0136360276867774,0.0983187615162306,0.2834970863919670,0.2601296941057300,0.6389885474696180,0.6872095942131440,0.7288128646881930,89.12606270811640
test_unseen,161,Ridge_Concat_KP,0.5,3,0.2703873812020330,0.368202573824734,0.0139858822500252,0.1329281202432110,0.2740930048951310,0.233668928495157,0.7009665442532610,0.6805880073735750,0.699092392772018,41.241821683518100
Combined,530,Ridge_Concat_KP,0.5,3,0.2872838905442380,0.3986337415768960,0.0137423042616508,0.1088321704880110,0.2806403748429290,0.2520916124768580,0.6573166710320960,0.6851981310411240,0.7197845703891290,130.67994786375900
test_seen,369,KNN_KP,0.5,3,0.2639059461174890,0.4577202365249380,0.0210222728278043,0.095858478438746,0.2608881467576880,0.2438092034866760,0.6669233454810630,0.7449603229491650,0.7491457523270890,62.90093143654880
test_unseen,161,KNN_KP,0.5,3,0.2187596955835290,0.4178931850100580,0.0202441689002517,0.1296387997834540,0.2409053447857490,0.2181102230052380,0.6272469045525660,0.712277941504538,0.7455059939649400,28.903114990858100
Combined,530,KNN_KP,0.5,3,0.2506240903155250,0.4457440641708420,0.0207859054083025,0.1061200477528930,0.2548178993662120,0.236002532057409,0.655190234545009,0.7350322787744770,0.7480400898812280,91.5361228787348
test_seen,369,KRR_KP,0.5,3,0.2985272586145320,0.3458254514893020,0.0116572429532089,0.1066030389538970,0.3443642743205380,0.3210799616697810,0.7023887080232930,0.6419792931388670,0.6967023734509560,155.0202820600910
test_unseen,161,KRR_KP,0.5,3,0.2620464096252850,0.3069386525585120,0.0118560349591878,0.1449933331582930,0.3298709648730530,0.3000861148933950,0.7067464814574870,0.6305698082635700,0.6858246545104440,68.99530839807630
Combined,530,KRR_KP,0.5,3,0.2875802432437000,0.3340513578767150,0.0117176307135157,0.1182649962499490,0.3399615897525280,0.3147025855735580,0.7036773881050010,0.6385133930163710,0.6933980097728000,224.12138582955000
test_seen,369,RIDGE_LatentReg_KP,0.5,3,0.2914851263319570,0.328539238564509,0.0115381133621703,0.1076483055093780,0.3560136867990670,0.3359605996845060,0.7052456253936470,0.6403911865205610,0.6881573352595530,181.66424744693700
test_unseen,161,RIDGE_LatentReg_KP,0.5,3,0.2536037360975040,0.2919201602285250,0.0117531909856056,0.1483980985285660,0.3475351099200930,0.3217388646817460,0.6967718834766380,0.6292078103535320,0.6858951026782050,80.81894033634280
Combined,530,RIDGE_LatentReg_KP,0.5,3,0.2800419329043200,0.3172252794667360,0.0116034482628742,0.1200270162189810,0.3534381191056430,0.3316404122591390,0.7027397717528190,0.6369939722509540,0.6874701287584270,262.77817845372700
test_seen,369,LLMRidge_Concat_KP,0.5,3,0.0830924255748197,0.0938803496461235,0.0139108237300603,0.135800845260441,0.2787188213822740,0.1874005565751860,0.6034276385107260,0.5232555161090360,0.5594182406852420,293.52892959122600
test_unseen,161,LLMRidge_Concat_KP,0.5,3,0.0731766442215865,0.0922743895651963,0.0135349787551886,0.1767894065047410,0.2864350102269180,0.1892241463222810,0.5967974582883090,0.5340675597928820,0.5910366447885970,125.0925637464720
Combined,530,LLMRidge_Concat_KP,0.5,3,0.0802023521787446,0.0933091393341838,0.0137966519546747,0.1482520874497470,0.2810627957294200,0.1879545149700580,0.6014669626472870,0.5265399293790350,0.5690230766487140,419.5162218569270
test_seen,369,DNN_MultiCtx,0.5,3,0.4571825448220650,0.5017389414959030,0.0092297008344373,0.0752102351636596,0.4040628132330840,0.4553047001934650,0.8111272648553160,0.7463896189056410,0.774647670862342,138.60158830018200
test_unseen,161,DNN_MultiCtx,0.5,3,0.3334332980679810,0.3772216924348740,0.0105328826444882,0.1317505659428100,0.366402610433606,0.3787783321245430,0.7391858644979560,0.6702438680740640,0.7365708180206410,68.97218627802780
Combined,530,DNN_MultiCtx,0.5,3,0.4194105854252040,0.4626864074018090,0.0096255730446603,0.0923856941361939,0.3926226384204130,0.4320580110253590,0.789852765138743,0.7232585512002000,0.7630809287726930,207.55033912401000
test_seen,369,MLP_Concat_KDP,0.5,3,0.3804658208552490,0.4179290476988780,0.0100113849870502,0.0947983485358029,0.3874178005503570,0.420357422152652,0.758000227648415,0.6846839923975800,0.7388384280818230,156.16099412155300
test_unseen,161,MLP_Concat_KDP,0.5,3,0.2602173127274380,0.2853393603563550,0.011668477904468,0.1527791926027930,0.3505852846023830,0.3359968299065110,0.728750916148879,0.5986920123519120,0.6969202409327340,78.80119139708300
Combined,530,MLP_Concat_KDP,0.5,3,0.3437652357659980,0.3767894814766370,0.010514766043096,0.1124113973938890,0.3762290551397460,0.3947309026212770,0.7493506258041940,0.6585619003459710,0.726104790098798,234.9323444066520
test_seen,369,Ridge_Concat_KDP,0.5,3,0.4280797833802960,0.5267735356393930,0.0114103234347793,0.0780867410723756,0.3339194480602970,0.3472426482006990,0.7599640107193950,0.7635923996291000,0.799099389859683,73.70871503582310
test_unseen,161,Ridge_Concat_KDP,0.5,3,0.1665019431470100,0.2523447699681300,0.0145933106281326,0.1556897234792830,0.2395915389883470,0.1479908720957150,0.6324441022190610,0.5721565358287640,0.6559546313799620,47.810718285280400
Combined,530,Ridge_Concat_KDP,0.5,3,0.3492832110778170,0.4427851186581060,0.0123772308652131,0.1016604772374930,0.3052651209648550,0.2867152218744680,0.7222538432251330,0.7054392410029600,0.7556157934158430,119.5205532843310
test_seen,369,KNN_KDP,0.5,3,0.3123006924935550,0.3556916270954950,0.0119094127456175,0.0987189610753159,0.36695825089235,0.305823039096141,0.7239810870569780,0.6861542717506570,0.6920917413332920,178.3420621950520
test_unseen,161,KNN_KDP,0.5,3,0.2701512225813180,0.3031557208524200,0.012063615553405,0.142883882088411,0.3521847255968620,0.2991629868165270,0.7355674953452900,0.652220878488652,0.6800596461153710,78.1948314584153
Combined,530,KNN_KDP,0.5,3,0.2993429418885540,0.3393926233774900,0.0119562554853416,0.1121350974585390,0.3624704441516450,0.3037998911395040,0.7274074179126660,0.6758462032314440,0.6884367086350180,256.6327301043780
test_seen,369,KRR_KDP,0.5,3,0.3730415384447300,0.4273877413639270,0.0107478584276203,0.094651908512386,0.3679699922145220,0.3688365436419900,0.7445626485246190,0.6904933888658360,0.7514305766876190,132.12473229895400
test_unseen,161,KRR_KDP,0.5,3,0.246318490049763,0.339431105432659,0.0128508870374012,0.1484972737721090,0.2619802786510500,0.2836508473989820,0.6534523943111060,0.6074158437929290,0.7167866242412150,41.9588154788243
Combined,530,KRR_KDP,0.5,3,0.3357150942410370,0.4012560664221350,0.0113867029675726,0.1110087081478870,0.3357731169622220,0.3429593793115670,0.717619538329183,0.6652566251738770,0.7409066590576740,170.42125437883800
test_seen,369,RIDGE_LatentReg_KDP,0.5,3,0.3401234670911020,0.3827973881923510,0.0108154333839474,0.101081404821411,0.3729046625198810,0.3783541526284750,0.7256177419143100,0.6727322093636820,0.7279624592087130,169.7930557451020
test_unseen,161,RIDGE_LatentReg_KDP,0.5,3,0.2652554475440060,0.3243144644412070,0.012291710065171,0.1513842393455470,0.3094339940702210,0.3188635959637400,0.7055712714072480,0.6108912867357840,0.7245711467787570,60.573291918950900
Combined,530,RIDGE_LatentReg_KDP,0.5,3,0.3185106125152840,0.3663085333505270,0.0112638872437153,0.1163620771957240,0.3536239500285690,0.3602824929623950,0.7196896027760350,0.6539465706031320,0.7269322680743300,225.22855377764100
test_seen,369,BalancedKRR_lambda0.5_KDP,0.5,3,0.4457986585151330,0.4940258127408050,0.0097333025763562,0.0814419173695982,0.4041189067622470,0.4279090668328240,0.803140971053876,0.7375525740134530,0.7917889764908990,131.8755325585550
test_unseen,161,BalancedKRR_lambda0.5_KDP,0.5,3,0.1560658268479370,0.2858014140170850,0.014077597785449,0.1714027325489360,0.1951010147375090,0.2290064061123830,0.5365491955941300,0.5326233723537910,0.740457208608766,39.2004366527806
Combined,530,BalancedKRR_lambda0.5_KDP,0.5,3,0.3590865796891990,0.4296790361418610,0.0110529847059108,0.1087696366976610,0.3406247923924680,0.3674876925385010,0.7243044927078040,0.6753004957734420,0.7761957413417980,166.451143851279
test_seen,573,Presage_KP,0.3,3,0.214178223996021,0.2179450112924750,0.0114036911391117,0.116613693010444,0.3160123848642390,0.3168950408627750,0.6749630221092480,0.5906754379072830,0.6237390151163430,384.37013200434600
test_unseen,161,Presage_KP,0.3,3,0.2088237061008290,0.2087220258376930,0.0117654720738547,0.1590205960310500,0.3390565990478140,0.3058173439565550,0.7249966816516870,0.5865879182801900,0.6603763992102570,105.27354731308300
Combined,734,Presage_KP,0.3,3,0.2128348285740980,0.2157404106987140,0.0114830463577679,0.1259154796403050,0.3210670421987830,0.314465191813863,0.6862131940773700,0.5897788566266810,0.6317752805647350,489.9202568322150
test_seen,624,Presage+,0.3,1,0.2077340886530100,0.2273383366322360,0.0119407690209337,0.1223136564438800,0.3169272061474260,0.3340804624973140,0.6764937796102120,0.5777210615173580,0.6473237838978580,379.6455331830850
test_unseen,106,Presage+,0.3,1,0.2132089392330250,0.2321302343125130,0.0132244088985863,0.133818847660296,0.3246579784493610,0.302209241301986,0.6614347364616610,0.5371017418536630,0.6653596293708100,64.79141178764650
Combined,730,Presage+,0.3,1,0.2086775310231770,0.2281036483938500,0.012127160564812,0.1239842732506480,0.3180497566460630,0.329452586542924,0.6739467010954720,0.5718229137305750,0.6499426874870810,444.4558451937340
test_seen,842,Presage+,0.1,2,0.0853722963262335,0.0815103180407439,0.0134415037770423,0.1433251161967680,0.270453441539258,0.2640846853272810,0.6031472410367090,0.5226741988691680,0.5688398088749500,710.5436560609900
test_unseen,108,Presage+,0.1,2,0.0937601080930785,0.0934551377010235,0.0150892398725824,0.1626139753625830,0.3133066423378690,0.24977814980172,0.677735421948455,0.4866721305077470,0.6289661632127390,88.21253776292140
Combined,950,Presage+,0.1,2,0.0862858827044946,0.0828196066702474,0.0136288253542195,0.1455179549229870,0.2753251738405740,0.2624582581306910,0.6128253495219020,0.5185813321501860,0.5756752259996670,799.3228071371200
test_seen,369,Presage_MultiCtx,0.5,3,0.4143640073117060,0.5082829597401530,0.0126130883045117,0.072183453299861,0.3448514332760920,0.3573750536396920,0.7828903893870510,0.7668966859800920,0.7789816650529450,112.54591854167700
test_unseen,161,Presage_MultiCtx,0.5,3,0.2513409389489480,0.3075465671664980,0.0127624698765022,0.1530400207845010,0.2943669571725250,0.2458144573619280,0.7166225877487610,0.6276579506628000,0.6999495121464380,56.6524979293995
Combined,530,Presage_MultiCtx,0.5,3,0.3643418999615970,0.445665448281047,0.0126584664801541,0.0967455426678365,0.329515582988027,0.3234858913741820,0.7632936854006300,0.7245996361950280,0.7549737846417240,167.54140486302600
test_seen,422,Presage+,0.5,2,0.2581367101370420,0.2917075531628200,0.0113951912439633,0.1315231954371460,0.3282480954407690,0.3369563027131740,0.6860115864314720,0.6182773542138880,0.6624275436977580,206.7182474630500
test_unseen,108,Presage+,0.5,2,0.2795203315787750,0.3280992956961520,0.0114667798679808,0.1294544817539700,0.3691883981188620,0.3637344994738660,0.6892205129284950,0.6108310579010010,0.6995204088776870,49.03740514482120
Combined,530,Presage+,0.5,2,0.2629726391768680,0.2993787557566380,0.0114097791145178,0.1311016462337820,0.3365906476846070,0.3424129918644090,0.6867165778588480,0.6167599957199410,0.669986089809894,256.3987385900390
test_seen,350,Presage_KP,0.5,1,0.2784256896331530,0.3208535659909690,0.0112448475888127,0.1005485505039890,0.3353287637809630,0.3444275409731080,0.6823561082803350,0.6404960753532180,0.676552590266876,164.7503355797480
test_unseen,106,Presage_KP,0.5,1,0.2759854868463530,0.3074466138050520,0.0122755725766255,0.1230886759855820,0.3298492959151110,0.3123276843677170,0.696417130411176,0.6014306448268710,0.6809662036077130,51.32802552772090
Combined,456,Presage_KP,0.5,1,0.2781210016623330,0.3176286641036730,0.0114844459412429,0.1057881410764650,0.3340550278296910,0.3369657322008020,0.6860666557870850,0.6314150761519180,0.6775785617890880,215.9650772794200
test_seen,793,Presage_MultiCtx,0.1,3,0.356626860489682,0.4529523860130370,0.012874556540748,0.0853876719135542,0.3187728583034340,0.3589609860330330,0.7118042290223110,0.7332932837035500,0.7678109481044130,280.01343878193300
test_unseen,161,Presage_MultiCtx,0.1,3,0.1969686868987180,0.2563369714474730,0.0131833277680116,0.1522457087038370,0.2712762044215100,0.2503020052160400,0.641763396836809,0.5875724257493500,0.6582286731016140,66.1622019517551
Combined,954,Presage_MultiCtx,0.1,3,0.3294241873097950,0.4191139975350800,0.0129266657310933,0.0966708416444091,0.3107571756252470,0.3406233592913810,0.6997337001195940,0.7087009795833970,0.7493175033712370,343.8819928327530
test_seen,422,Presage_MultiCtx,0.5,2,0.4308447152737500,0.5014182198068840,0.0107050968464621,0.0880768783134984,0.3520785192192850,0.3825940900781210,0.8006699171844580,0.761760990512368,0.7772332667377420,122.7037398175330
test_unseen,108,Presage_MultiCtx,0.5,2,0.303588965064261,0.3548168372179860,0.0119951709599259,0.1257928117017090,0.347429866454723,0.3096677351404500,0.737413510047111,0.6292795631169920,0.7138731358958200,38.723993744064700
Combined,530,Presage_MultiCtx,0.5,2,0.4058687159310430,0.4725612652947430,0.0109679798733566,0.0957623892680771,0.3511312465804680,0.367733625298369,0.7867726762224650,0.7347647751185930,0.7643221457359920,159.2683144067650
test_seen,624,Presage_MultiCtx,0.3,1,0.399591579994344,0.5064708226051160,0.0130611761693395,0.071497000092743,0.3286688376093790,0.3648935465465160,0.7669810482151400,0.7680590728430230,0.7831878055643490,175.7919306142330
test_unseen,106,Presage_MultiCtx,0.3,1,0.2763945183509890,0.3458983826157780,0.0138240617716282,0.1146313714679840,0.2896989077444880,0.2682376479208280,0.6721401131117890,0.6043429872919740,0.7038460543002820,36.28267125866070
Combined,730,Presage_MultiCtx,0.3,1,0.3803842073045780,0.482106622884295,0.0131719513389869,0.0777603471691479,0.3230101902591350,0.3508585804447040,0.750939703108638,0.7442866001465700,0.7716669485314840,211.52421369463500
test_seen,369,Presage_KP,0.5,3,0.2755637423763450,0.3038588265026350,0.0113468595232498,0.1103155325959630,0.3479284410397110,0.3357560139006950,0.7023735270663720,0.6235316417436390,0.6709186940640670,194.56162326540100
test_unseen,161,Presage_KP,0.5,3,0.2507787533650030,0.2750466071874360,0.0114889543410033,0.1477218527270900,0.3459840538842330,0.3180125077996230,0.7158665961577740,0.6210475642546000,0.6778287874696190,88.21242751383690
Combined,530,Presage_KP,0.5,3,0.2681408729560120,0.2952027812670460,0.0113900241754353,0.1216785845603240,0.3473377875830470,0.3303660054435760,0.7063636953579930,0.6227770446196100,0.6730177979099050,282.8077410681900
test_seen,842,Presage_MultiCtx,0.1,2,0.3714193521241010,0.4558059150620020,0.0123931358671068,0.0879049172536697,0.3097451675334800,0.3808196967265150,0.7428295904083910,0.7154574511487280,0.7844536942249500,284.0105587821770
test_unseen,108,Presage_MultiCtx,0.1,2,0.2183529215671110,0.2972853412985740,0.0135625072515726,0.1337167657528710,0.2953685819661080,0.3018695927921490,0.6415095225547530,0.552813878156344,0.6967763337626350,37.42778642274160
Combined,950,Presage_MultiCtx,0.1,2,0.3545852635493930,0.4381597637581850,0.0125260749297619,0.0931130010830526,0.3081107767531900,0.3718443164897660,0.7296829149374490,0.6969674449559090,0.7744861627197610,318.50866934341300
test_seen,369,Presage+,0.5,3,0.2701591230352530,0.3014773195059400,0.0112738551459228,0.1113718166842110,0.3512940200270190,0.3416475326437960,0.6840780633328940,0.6290080481145080,0.6688541554602690,200.9936665546060
test_unseen,161,Presage+,0.5,3,0.2472724202625470,0.2733233725118340,0.0113983745726558,0.1491964562859130,0.3433886916802090,0.3219102965265640,0.706437356066599,0.6275170543272790,0.675821014688443,90.35132681134860
Combined,530,Presage+,0.5,3,0.2633079941557740,0.2930835170150870,0.0113116808585718,0.1228619430537850,0.3488925900952520,0.3356518816723350,0.6906901499000600,0.628555123586689,0.6709705032635450,291.20638984228300
test_seen,793,Presage+,0.1,3,0.0733141460862696,0.0858264539658723,0.013348071687208,0.1381464241539710,0.2605930668019000,0.2244602965988780,0.5592211589782200,0.5196280677332750,0.5685027304761360,638.7399901455310
test_unseen,161,Presage+,0.1,3,0.07184378281995,0.0798326063731531,0.0136142088341938,0.1780374157089130,0.2695364082832350,0.2041270791515830,0.603434985375603,0.5117086936969230,0.599942645975768,127.55489450294200
Combined,954,Presage+,0.1,3,0.0729731717503363,0.0847068640530097,0.0133929858178838,0.1448785516595750,0.2621023728590220,0.2210287997340830,0.5668407753188130,0.5182915695992570,0.5738086281652770,766.7281711604460
test_seen,573,Presage+,0.3,3,0.2088821878506520,0.2219346740037350,0.0114210878023986,0.1170396515278610,0.3106635298811940,0.3104101979611050,0.6490806498277510,0.5938682266332390,0.621050977479054,368.26555774493800
test_unseen,161,Presage+,0.3,3,0.204612572241786,0.2128192610005160,0.011828725001316,0.1587031875301230,0.3332551299786540,0.2953227785061870,0.7072199042461030,0.5877233864065820,0.6592578783693320,100.59782688147600
Combined,734,Presage+,0.3,3,0.207742417599802,0.2197332122035500,0.0115105014114254,0.1261783835392570,0.3156189081042070,0.307100832113364,0.6621533815904570,0.5925203802075010,0.629431510235641,469.27570653854400
test_seen,554,Presage_MultiCtx,0.3,2,0.3839738664416740,0.4849516241554790,0.013080361939604,0.0833806063056001,0.3204649931220120,0.3483554525821210,0.7622746046959200,0.7669568589326970,0.7647531090077940,162.47710953124300
test_unseen,108,Presage_MultiCtx,0.3,2,0.2542958182614520,0.3184351503634790,0.0133365652519118,0.1284301165275880,0.306581170203216,0.2679671650892890,0.7089569991616090,0.5908275900711600,0.6943183728357710,36.17389211232940
Combined,662,Presage_MultiCtx,0.3,2,0.363411459627743,0.4580541078747130,0.0131221594588325,0.0907300732300331,0.3181999585672840,0.3352407470696950,0.7523629985389010,0.7382227788163130,0.7532622457048050,197.39776941497200
test_seen,842,Presage_KP,0.1,2,0.094698935614901,0.0901450880544096,0.0133624100247557,0.1423630616321430,0.2714647652837670,0.263113914777527,0.6149003082240350,0.5257177826891170,0.5725992355999190,691.183079449819
test_unseen,108,Presage_KP,0.1,2,0.1039244227652990,0.1056977400420920,0.0149803935456594,0.161820464518217,0.3150934653869590,0.2511912751379180,0.6819560499806170,0.4921847558833860,0.6368204347656400,85.5588944998304
Combined,950,Presage_KP,0.1,2,0.0957010343341489,0.0918371434745839,0.0135463492039742,0.1445750611181390,0.2764246596112880,0.2617584989027080,0.62360105323943,0.5219056070101490,0.5799001719261270,777.3360731610190
test_seen,554,Presage+,0.3,2,0.2304809311122440,0.2668045533764350,0.0114456322115606,0.1313830909605290,0.2989627092764640,0.3347285606668570,0.6552667800096330,0.612680710224635,0.6424955078455680,276.5786308658130
test_unseen,108,Presage+,0.3,2,0.2534534176347680,0.3035918364140940,0.0117668362683728,0.1326423905927270,0.3501755845744100,0.3558493428336690,0.6723239481675340,0.5949459292878360,0.6834622065333110,49.236544300953
Combined,662,Presage+,0.3,2,0.2347130433203490,0.2731969070313210,0.0114980340818562,0.1315885356135160,0.3073176798688780,0.3381742471834970,0.658437663833858,0.6097874227002030,0.649178896755351,326.3674833213070
test_seen,573,Presage_MultiCtx,0.3,3,0.4086696160522180,0.5081914373562200,0.0128129137727066,0.0716720560819918,0.3249637631258560,0.358372378752604,0.7669883155885030,0.7660573940082240,0.7807380318040800,152.2377290622460
test_unseen,161,Presage_MultiCtx,0.3,3,0.2307372143346410,0.2842550785764460,0.013311707462537,0.1552909916317080,0.2761640506272880,0.2421589997304590,0.7215606298400780,0.6009168481438490,0.6856109072729280,53.3648924294435
Combined,734,Presage_MultiCtx,0.3,3,0.3690963049050140,0.4575806310715610,0.0129223221978601,0.090013539220281,0.3142597389946990,0.3328814332177740,0.7567738063669640,0.7298344677355200,0.7598722728810350,203.91427134432500
test_seen,554,Presage_KP,0.3,2,0.2327816081098360,0.2696549849356690,0.0115094567611451,0.1323398281203430,0.3032099731090420,0.3462010903213660,0.6568122187317480,0.5970223433480610,0.6542433791924500,268.81443500169700
test_unseen,108,Presage_KP,0.3,2,0.2722018891910120,0.3137681423796020,0.011997757975416,0.131200032929776,0.3559043548075430,0.3597353252081910,0.7138660774865090,0.577632095029977,0.7108337535720290,48.50244597888480
Combined,662,Presage_KP,0.3,2,0.2396193889970190,0.2772066883508640,0.0115891191948932,0.1321538796602500,0.3118066396097040,0.3484090923874950,0.6674183847823120,0.5938589795741140,0.6634756457075480,317.4898432670270
test_seen,624,Presage_KP,0.3,1,0.2206780977861900,0.2514311508397220,0.0117266586969323,0.1198160154081720,0.3170485894530100,0.3328974079061880,0.6621261028721520,0.5947865006506980,0.6468775280503680,337.9723651697190
test_unseen,106,Presage_KP,0.3,1,0.2437500344929170,0.2689918025523800,0.0127587995809917,0.1296628227041250,0.3318885901399670,0.307604520237158,0.6711525934830030,0.57265056810829,0.672399513419779,57.64693366522780
Combined,730,Presage_KP,0.3,1,0.2244890923668010,0.2541397883860920,0.0118765312088642,0.1212458257826530,0.3192034388678290,0.3292247420254790,0.6636528386728,0.5915722419527600,0.6505834601725010,395.6734453028970
test_seen,848,Presage_KP,0.1,1,0.1077141279713070,0.1132667702955060,0.0129133420838306,0.1386302953148370,0.2722977581883410,0.3014952829388940,0.6151841687922340,0.5334074125403390,0.5870995763131320,644.0544033560530
test_unseen,106,Presage_KP,0.1,1,0.1241731100075140,0.1354145997887980,0.014188781779538,0.14587508031656,0.282891650775195,0.2810517887444700,0.6016268301875310,0.4979607594686100,0.6049812904630860,77.98473069620150
Combined,954,Presage_KP,0.1,1,0.1096315495067820,0.1158130667814110,0.0130550576055759,0.1394352714261400,0.2734748573646580,0.2992237835839580,0.6134238765360420,0.5294688955323690,0.5890864334409050,722.3831447365860
test_seen,848,Presage+,0.1,1,0.1043834053414030,0.102280539869833,0.0128504699948433,0.1391277647246620,0.279728433075133,0.3145948676363080,0.6216248486147430,0.5309598289413770,0.5801181472608840,683.6429172457430
test_unseen,106,Presage+,0.1,1,0.1118757337678860,0.1150259674518600,0.0142011454045822,0.1481852968413170,0.2871878843572530,0.2859214500490650,0.6010121978074540,0.4858639054425940,0.5953493436813240,83.17064320165350
Combined,954,Presage+,0.1,1,0.1052148628617480,0.1037237973689880,0.0130005450403699,0.1401341571820680,0.2805572609953690,0.3114089323488360,0.6189484907650490,0.5259491707748450,0.5818105024187110,767.1750731456140
test_seen,422,Presage_KP,0.5,2,0.2702417096203940,0.3035393793021020,0.0111658023225657,0.1267426334222440,0.3373476634349770,0.3414390888796820,0.690209297199051,0.6316039383975850,0.6665442263413940,210.8701041779380
test_unseen,108,Presage_KP,0.5,2,0.2954986468588760,0.339421411678944,0.0113713633636041,0.1256713136388840,0.3778512934991890,0.363122873473868,0.710003827471696,0.6233284324021570,0.7098298676748580,50.22319355553270
Combined,530,Presage_KP,0.5,2,0.2757667455026050,0.3110623950343140,0.0112076902328151,0.1265243267494080,0.3456012333348550,0.3458576714007610,0.6945580955165260,0.629917608873988,0.6753646966508540,261.62444297478400
test_seen,350,Presage+,0.5,1,0.2730985343665610,0.2994369024969850,0.0111511273687168,0.1008401341914700,0.3497505792820210,0.3471159237953250,0.6998486530345060,0.6439246467817900,0.6668383045525900,196.21634432834900
test_unseen,106,Presage+,0.5,1,0.260463959587204,0.2791214062187660,0.0123458733168221,0.1256709790143950,0.3493661685191930,0.3233949534783500,0.6945744970600530,0.5962471490773380,0.6688782915198010,61.7139386620299
Combined,456,Presage+,0.5,1,0.2700411135799320,0.2943780839797160,0.0114288534005132,0.1066122165406590,0.3496612206397840,0.3416018385900640,0.6984568618745810,0.632841719683825,0.6673125120493540,258.0669148263580
test_seen,350,Presage_MultiCtx,0.5,1,0.4239545024999110,0.516316380178016,0.0120073912591684,0.0649102846475212,0.3485891448747060,0.3809432335573550,0.7831358451359050,0.769657770800628,0.7904678178963890,106.32052147734800
test_unseen,106,Presage_MultiCtx,0.5,1,0.2941377740123600,0.3442029823139330,0.0127546532402769,0.1128797035752250,0.3100392929478880,0.2897694802712650,0.7056007798833080,0.6016379846568530,0.6914783329877670,38.862952527238400
Combined,456,Presage_MultiCtx,0.5,1,0.392216214170506,0.4749656462552610,0.0121810968951278,0.0760610706263295,0.3396279950847000,0.3597493347671680,0.7626752029164690,0.7306005398110660,0.7674571042992100,143.14129806770600
test_seen,848,Presage_MultiCtx,0.1,1,0.3413560051369740,0.4470161769564720,0.0130895412111783,0.091584729777843,0.272110395848993,0.4070904347112510,0.712427100247274,0.7298427013007580,0.7837872953335050,311.5053365101470
test_unseen,106,Presage_MultiCtx,0.1,1,0.2199530770356010,0.3120687293860780,0.014718271655992,0.1199633007632750,0.2403239963490000,0.3138484779360450,0.588619063990033,0.5754518996614470,0.7018650141558930,43.83667406960140
Combined,954,Presage_MultiCtx,0.1,1,0.3271334258959360,0.4320193404895390,0.013270511260602,0.0947379043317798,0.2685785736823270,0.3967302172917830,0.696351797134147,0.7126881677852790,0.7746848196471040,352.0674170597550
test_seen,793,Presage_KP,0.1,3,0.0747588163899615,0.0819053728392174,0.0134291450210463,0.1380161374516330,0.2584292191958690,0.2150545674812010,0.5781241997127420,0.5184768614146080,0.5627175879184210,635.1611972719870
test_unseen,161,Presage_KP,0.1,3,0.0765618626334011,0.082633237279,0.0136408496091342,0.1783584919746580,0.2719091198337460,0.2035844687396970,0.6134433933001090,0.5137942945780890,0.6005878787483790,125.94514419641300
Combined,954,Presage_KP,0.1,3,0.0749432456065131,0.0818605340118599,0.0134648729441932,0.1448244383721860,0.2607041290519470,0.2131188380290180,0.5842109541631730,0.5176866169065580,0.5691086956999960,761.6244466332220
test_seen,179,GEARS,0.5,3,0.0311739662034955,0.2578552028623200,0.0177884862487559,0.1451825487313420,0.1533355645479990,0.1141799228986020,0.3932976471874770,0.5854137569832400,0.6009732891061450,28.655896473260300
test_unseen,78,GEARS,0.5,3,0.0231015938173579,0.2221090837567300,0.0191340030460521,0.1970843655115590,0.1553530525369560,0.075039727969598,0.468434950826645,0.5479767628205130,0.6346654647435900,13.6947796929723
Combined,257,GEARS,0.5,3,0.032924035985022,0.2488062694643120,0.0181968532144723,0.1609348511004350,0.1539478760777220,0.1023007975894100,0.4190025142219290,0.5740515564202330,0.6111989299610900,42.48530543083300
test_seen,276,GEARS,0.3,3,0.0356102165063402,0.2474466885172680,0.0173509903994163,0.1381077985292000,0.1464242016228300,0.1191667111640240,0.389671841627914,0.5858069548795010,0.6015827072299540,43.86134771992380
test_unseen,78,GEARS,0.3,3,0.0095718768652451,0.2130009310452890,0.0191340030460521,0.1966859345474620,0.1553530525369560,0.0795352311153025,0.468434950826645,0.5406769811868960,0.6426599840197570,13.6947796929723
Combined,354,GEARS,0.3,3,0.0321763675113424,0.2418160195888430,0.0177438575927429,0.1510148454484780,0.1483915755530610,0.1104343511532890,0.4105681767214550,0.5758630623709610,0.6106336326243180,57.59699982134730
test_seen,273,GEARS,0.3,2,0.0224095716029298,0.2218979544254990,0.0178395292649804,0.1709437199272950,0.1440776785713290,0.1112426236782040,0.3954992737863830,0.5532276653771980,0.6057991852384380,47.11842542932430
test_unseen,49,GEARS,0.3,2,0.0341967835319055,0.2030486548851030,0.0157575804838223,0.1214229619186060,0.13634261425784,0.1241979534253560,0.4733250181389560,0.5912009663678560,0.5905651980418340,7.61773252633533
Combined,322,GEARS,0.3,2,0.0247684463857357,0.2193391201636590,0.0175227109721955,0.1634079524042340,0.1429006035671030,0.1132140869005970,0.4074724652252400,0.5590062111801240,0.603480969795476,54.80772292620280
test_seen,207,GEARS,0.5,2,0.0042802182701512,0.2244816682308320,0.0180203602506969,0.1731814400386650,0.142707834393659,0.0861165104947512,0.3611950785212480,0.5463673392062140,0.6098512835085730,35.338198554207400
test_unseen,49,GEARS,0.5,2,0.0332064092192068,0.2108754187723480,0.0157575804838223,0.122398552124126,0.13634261425784,0.1031908636932450,0.4733250181389560,0.5943177270908360,0.5892757102841140,7.61773252633533
Combined,256,GEARS,0.5,2,0.0101882988777078,0.2221317220452630,0.0175872500609436,0.1634612778987730,0.1414894914770370,0.0893846484116504,0.3817522341178280,0.555545343137255,0.6059129901960790,43.01846734458410
test_seen,421,GEARS,0.1,2,0.0267567730687078,0.2236958733381630,0.0179269201683951,0.1510964041460280,0.1457727130346930,0.1177744801174700,0.3897920043759560,0.5635024740565920,0.6028746663695440,71.15834667552410
test_unseen,49,GEARS,0.1,2,0.019150659248298,0.1968221983834670,0.0157575804838223,0.1214205390734250,0.13634261425784,0.1232767959823790,0.4733250181389560,0.6015404029415600,0.5994952351942910,7.61773252633533
Combined,470,GEARS,0.1,2,0.0264367626733632,0.2211954513403270,0.0177007549672375,0.1480025373618630,0.1447895750771060,0.118348125814024,0.3988448433059360,0.5674681304722590,0.6025223426938260,78.77226074196580
test_seen,310,GEARS,0.3,1,0.0106415350588079,0.2273722226630710,0.0178432400754508,0.1390143451092510,0.1539148235579000,0.1061171976451710,0.4256548647738480,0.5730738469741400,0.6026304096685330,53.76776279517320
test_unseen,54,GEARS,0.3,1,0.01727300673343,0.2150300704737350,0.0179544597403397,0.1626112204066300,0.1518271401758660,0.0797769597356119,0.3948391452577290,0.5219875522905830,0.5912661973268030,8.968864965073480
Combined,364,GEARS,0.3,1,0.0121022234521762,0.2253704808913260,0.0178597396960662,0.1425149804555660,0.1536051122869390,0.1022095799333130,0.4202621138585270,0.5654951109496560,0.6009445100354190,62.81372103573190
test_seen,426,GEARS,0.1,1,0.0340812246959445,0.2274966075760730,0.017931673917426,0.1441338786695940,0.1530536464819100,0.1538616562780670,0.4136531786012120,0.5744998872847380,0.6088437374420500,72.00301740743270
test_unseen,54,GEARS,0.1,1,0.0184821775166167,0.2078765374308380,0.0179544597403397,0.1610560080962400,0.1518271401758660,0.117489267470811,0.3948391452577290,0.5212247738343770,0.5938683986700690,8.968864965073480
Combined,480,GEARS,0.1,1,0.0322131327938391,0.2252126120119650,0.0179342373225038,0.1460376182300920,0.1529156645224800,0.1497697625372510,0.4111565296267210,0.5685064370215730,0.6071590118302020,81.02331273237410
test_seen,172,GEARS,0.5,1,0.0028048225877752,0.2210664429943390,0.0181402926095427,0.1293009005404170,0.1452780412648460,0.0851898978497548,0.3644863897621260,0.5680620155038760,0.6082945736434110,30.20172610625330
test_unseen,54,GEARS,0.5,1,0.017901586444601,0.2171378255670460,0.0179544597403397,0.1631906613239690,0.1518271401758660,0.0710461844845437,0.3948391452577290,0.5353909465020580,0.5969547325102880,8.968864965073480
Combined,226,GEARS,0.5,1,0.0067989222475138,0.219948436228456,0.0180958900655738,0.1373984540019730,0.1468428702081870,0.0818104265147044,0.3729010150480350,0.5602556538839730,0.6055850540806290,39.30651063333890
test_seen,395,GEARS,0.1,3,0.0481142834174827,0.2444408648530690,0.0174577077884582,0.1357700065456290,0.1546072811709100,0.1254365313987740,0.3893151351260850,0.5791568332975760,0.6081634842308520,65.32501322465950
test_unseen,78,GEARS,0.1,3,0.035813744053843,0.2194042833411340,0.0191340030460521,0.1950530035931560,0.1553530525369560,0.0923154717136071,0.468434950826645,0.5410147761842680,0.6345067362016520,13.6947796929723
Combined,473,GEARS,0.1,3,0.0473820627930623,0.2413871865060690,0.017734137027554,0.1455460610270390,0.1547302624955440,0.1199747076029120,0.4048210286553410,0.5728670226108140,0.6125076145769880,78.90349480480800
test_seen,367,scLambda-MultiCtx,0.5,3,0.3509318631,0.3827927844,0.0103973779,0.09377755752,0.3784880264,0.4024930182,0.7472320828,0.6615514273,0.706611378,174.3400796
test_unseen,161,scLambda-MultiCtx,0.5,3,0.3167332677,0.3476846595,0.01066677504,0.1380911032,0.3787556848,0.3913441493,0.7420708133,0.6489327849,0.7165014673,74.87774729
Combined,528,scLambda-MultiCtx,0.5,3,0.3401437299,0.3712624649,0.01047952362,0.1072898319,0.378569642,0.3990934578,0.745705793,0.6577036973,0.709627106,249.6273517
test_seen,367,scLambda-KP,0.5,3,0.1876141604,0.2125910948,0.01216017087,0.1171958531,0.3183873144,0.2802549874,0.6333267369,0.5876251881,0.6133892425,250.2363148
test_unseen,161,scLambda-KP,0.5,3,0.1710129851,0.1986469082,0.01240567221,0.1567219782,0.3212873674,0.2636443721,0.6491388097,0.5980883237,0.6340353813,107.5364422
Combined,528,scLambda-KP,0.5,3,0.1824646221,0.2080962514,0.01223503018,0.1292483268,0.3192716109,0.2751900081,0.6380026806,0.5908156518,0.6196847507,358.4111705
test_seen,840,scLambda-MultiCtx,0.1,2,0.1545868864,0.1756958545,0.01293310002,0.1225529344,0.2746153869,0.300653895,0.6248154647,0.5698810781,0.5970784935,597.9581233
test_unseen,108,scLambda-MultiCtx,0.1,2,0.1784108278,0.231946984,0.01495552244,0.1331586094,0.3315155806,0.3049962438,0.6587626798,0.574367398,0.6840216669,71.96098733
Combined,948,scLambda-MultiCtx,0.1,2,0.1573101811,0.1821045014,0.01316350258,0.1237611758,0.2810976874,0.301148593,0.629230125,0.5703921778,0.606983412,670.4377474
test_seen,571,scLambda-MultiCtx,0.3,3,0.2862263075,0.3038266874,0.01099245756,0.09818151031,0.3371012282,0.374956026,0.7176121733,0.6373271746,0.6568312007,344.8533109
test_unseen,161,scLambda-MultiCtx,0.3,3,0.2528821153,0.2685342613,0.01156160278,0.1476693046,0.3547607185,0.3585463399,0.7325312638,0.610318546,0.6881239857,95.08837517
Combined,732,scLambda-MultiCtx,0.3,3,0.2783706124,0.2950960204,0.01111763841,0.1090661208,0.3409853511,0.3713467918,0.7209667617,0.6313867522,0.6637139034,440.7090492
test_seen,840,scLambda-KP,0.1,2,0.1284090307,0.1572496915,0.01270549399,0.1302219212,0.2711078326,0.2639400159,0.5632213694,0.5676044652,0.5880022125,576.5549619
test_unseen,108,scLambda-KP,0.1,2,0.1662423176,0.2120306326,0.01268482789,0.1399902509,0.3202123358,0.2774838239,0.6104737887,0.5782979389,0.6445011537,66.58341709
Combined,948,scLambda-KP,0.1,2,0.1330610204,0.163699648,0.01270313962,0.1313347689,0.2767020165,0.2654829813,0.5693663028,0.5688227091,0.5944388007,643.6429598
test_seen,571,scLambda-KP,0.3,3,0.1683048618,0.1860425052,0.01169376013,0.1173950734,0.2953552824,0.2860628525,0.5977413207,0.5860647195,0.5928998733,409.4262577
test_unseen,161,scLambda-KP,0.3,3,0.1328266791,0.1616152511,0.01288281495,0.1644807362,0.3064333623,0.2521609712,0.6190289523,0.5787783263,0.6256128336,112.7073865
Combined,732,scLambda-KP,0.3,3,0.1603238181,0.1801858552,0.01195528721,0.1277513462,0.2977918546,0.2786062911,0.6025278887,0.5844621112,0.6000949369,522.8026414
test_seen,422,scLambda-KP,0.5,2,0.1805680476,0.2106346445,0.01215324514,0.1369938843,0.3136252886,0.2765017557,0.621664075,0.6033381414,0.6181071323,279.6652597
test_unseen,108,scLambda-KP,0.5,2,0.2183030745,0.2486842847,0.01147688065,0.1331167257,0.3530942894,0.3074432339,0.6619682911,0.5981586501,0.6525589862,67.38068878
Combined,530,scLambda-KP,0.5,2,0.1888948219,0.2188008414,0.01201541992,0.1362038218,0.3216680284,0.2828068116,0.6305187892,0.6022826979,0.6251275101,347.7223537
test_seen,790,scLambda-KP,0.1,3,0.07524204069,0.09432091347,0.01304729965,0.1316673516,0.258169019,0.2031395773,0.5395398303,0.5479933378,0.5595722851,645.7281229
test_unseen,161,scLambda-KP,0.1,3,0.05953909805,0.08421328414,0.01358233234,0.1721186249,0.2696800223,0.202981884,0.5486505331,0.5409087937,0.580078457,131.1552529
Combined,951,scLambda-KP,0.1,3,0.07253477949,0.09248708694,0.01313787826,0.1385155692,0.2601177798,0.2031128805,0.5411134971,0.5467939565,0.5630438873,777.3809166
test_seen,845,scLambda-KP,0.1,1,0.1167295164,0.1283364436,0.01252790136,0.1293145833,0.2661679557,0.2785259977,0.6063187299,0.5757770165,0.569915914,646.0660455
test_unseen,106,scLambda-KP,0.1,1,0.1158495404,0.1372610069,0.0137084279,0.1388357285,0.2731663751,0.2752214552,0.5564032941,0.5329890765,0.5707944389,80.22364747
Combined,951,scLambda-KP,0.1,1,0.1164626113,0.129363157,0.01265948476,0.1303758256,0.2669480108,0.2781576681,0.5998228855,0.5710078034,0.5700138359,726.6096899
test_seen,348,scLambda-MultiCtx,0.5,1,0.3655703343,0.4052490467,0.009862734307,0.08239713707,0.3803883755,0.4297699544,0.7350249351,0.6958907412,0.7169381645,166.6306041
test_unseen,106,scLambda-MultiCtx,0.5,1,0.3653796716,0.3987887945,0.01093886066,0.09667033459,0.3899310191,0.4103535857,0.739968454,0.6596068141,0.7192094631,51.80685732
Combined,454,scLambda-MultiCtx,0.5,1,0.3656741182,0.4036910563,0.01011398848,0.08572964574,0.3826163936,0.4252366172,0.7363294748,0.6874191635,0.7174684677,218.5545028
test_seen,422,scLambda-MultiCtx,0.5,2,0.3172227733,0.3399865669,0.01037701398,0.114444638,0.3604225585,0.3931734705,0.7386821019,0.6529533502,0.6864691495,225.0925213
test_unseen,108,scLambda-MultiCtx,0.5,2,0.3621022509,0.3878053885,0.009640698737,0.1108719716,0.4100973466,0.4157087661,0.7631434535,0.6709024715,0.7308863684,54.18319408
Combined,530,scLambda-MultiCtx,0.5,2,0.3269151171,0.3500744668,0.01022697239,0.1137166229,0.3705449681,0.3977655685,0.7440561867,0.656610907,0.6955202054,279.7484059
test_seen,790,scLambda-MultiCtx,0.1,3,0.1533360595,0.1727562885,0.01253080749,0.1192422497,0.2782243698,0.2781483955,0.6203055747,0.5793244504,0.6017081945,594.5466978
test_unseen,161,scLambda-MultiCtx,0.1,3,0.1147971972,0.1356924911,0.01322850913,0.16868552,0.2811338365,0.2458331669,0.6131145311,0.5575743707,0.6216737496,121.4461119
Combined,951,scLambda-MultiCtx,0.1,3,0.1464486698,0.1658254456,0.01264892523,0.1276127718,0.2787169293,0.2726775734,0.6190634853,0.5756422602,0.6050882727,716.5269537
test_seen,621,scLambda-MultiCtx,0.3,1,0.2616518136,0.2796625765,0.01114605285,0.1066249267,0.3393920612,0.3760357772,0.715480509,0.6195020029,0.6589411906,378.8625126
test_unseen,106,scLambda-MultiCtx,0.3,1,0.31419155,0.3292688869,0.01172038263,0.1004305473,0.3632843775,0.3865803955,0.7452832566,0.5966656271,0.6815842819,61.15180449
Combined,727,scLambda-MultiCtx,0.3,1,0.2701089396,0.2872971704,0.01122979282,0.1057217572,0.3428756727,0.3775732319,0.7205363322,0.6161723525,0.6622426592,440.0421556
test_seen,553,scLambda-MultiCtx,0.3,2,0.26487257,0.2813483261,0.01102027568,0.1203589008,0.3227159697,0.3665666647,0.7206391747,0.6208367582,0.6598114965,320.8488489
test_unseen,108,scLambda-MultiCtx,0.3,2,0.309052431,0.3334660155,0.01088765822,0.1209176541,0.3870430838,0.3810296253,0.7461017627,0.6309624018,0.7208754209,59.36007121
Combined,661,scLambda-MultiCtx,0.3,2,0.2725615979,0.290191498,0.01099860747,0.1204501948,0.3332263,0.3689297505,0.7253726045,0.622491175,0.6697886581,380.780632
test_seen,553,scLambda-KP,0.3,2,0.1715804891,0.1976150663,0.01197866197,0.1359199109,0.2961613006,0.2926126833,0.6165873789,0.5943695545,0.6102854951,362.0480872
test_unseen,108,scLambda-KP,0.3,2,0.2193372733,0.2499004633,0.01154842893,0.1304673473,0.3474987834,0.3138856991,0.6665636386,0.5959876543,0.6503507295,65.17730577
Combined,661,scLambda-KP,0.3,2,0.1800982786,0.2067371489,0.01190836671,0.1350290231,0.3045492706,0.2960884559,0.6258778375,0.5946339339,0.6168317059,427.9636554
test_seen,348,scLambda-KP,0.5,1,0.1903886421,0.2185123045,0.01192908904,0.1080060626,0.3214606993,0.2978308817,0.6241585325,0.6028646824,0.619173581,233.2989906
test_unseen,106,scLambda-KP,0.5,1,0.2183540429,0.2551808867,0.0124818267,0.120962153,0.325110593,0.3160930054,0.6102726447,0.6022741472,0.6241617727,67.69430227
Combined,454,scLambda-KP,0.5,1,0.1972585478,0.2274533548,0.01205814233,0.1110310529,0.3223128772,0.3020947256,0.620494201,0.6027268042,0.6203382249,301.2940165
test_seen,621,scLambda-KP,0.3,1,0.1508503025,0.1762089331,0.01205682883,0.1198569401,0.2946866178,0.2732242712,0.6060495923,0.5893054391,0.5961858373,445.3984399
test_unseen,106,scLambda-KP,0.3,1,0.1606019216,0.1907175877,0.01305876545,0.1312689548,0.3032107516,0.2723555563,0.5661914302,0.5617885545,0.5970294714,74.17212229
Combined,727,scLambda-KP,0.3,1,0.1522908708,0.1784217806,0.01220291588,0.1215208652,0.2959294764,0.2730976085,0.5992879398,0.5852933486,0.5963088431,519.8545778
test_seen,845,scLambda-MultiCtx,0.1,1,0.1227449917,0.1358812977,0.01294547944,0.127327729,0.2748324158,0.2960402439,0.6193053089,0.5735683588,0.5839526627,663.8675423
test_unseen,106,scLambda-MultiCtx,0.1,1,0.1617899042,0.1842097419,0.01367730555,0.1247799248,0.2868170526,0.3197749198,0.6106923831,0.5541410129,0.5951539225,79.96705549
Combined,951,scLambda-MultiCtx,0.1,1,0.1273707844,0.1415366016,0.01302704997,0.1270437466,0.2761682428,0.2986857493,0.6181844487,0.5714029553,0.5852011733,744.0251429
