Group,N,Model_Variant,TF,rs,Global_Score,Specificity_Score,Mean_MSE,Mean_WMSE,Mean_Pearson,Mean_Pearson_Pert,Mean_Pearson_TopK_DEGs,Mean_Rank_L1,Mean_Rank_Cosine,Matrix_Dist
test_seen,2421,DNN_DP,0.1,1,0.0008052957175841,-0.0012847022189995,0.0041687485778636,0.083216012574801,0.0449398610665143,0.0256887303256461,0.2822696040330579,0.5069604880428952,0.5021164819911824,2358.4075069745695
test_unseen,338,DNN_DP,0.1,1,-0.00066561424584,-0.0035961452991986,0.004399754237856,0.0760576637986441,0.0406954957273599,0.0260560628557684,0.1781045014181254,0.4857102093533175,0.4696032198960742,333.17209255627
Combined,2759,DNN_DP,0.1,1,0.0006293032363702,-0.0015564738301589,0.0041970486550935,0.0823390564724664,0.0444198916991224,0.0257337315562301,0.2693387637084456,0.504357155604665,0.4981333422346958,2692.077763686775
test_seen,2421,DNN_KP,0.1,1,-0.0012335407846203,-0.0062078327387613,0.0041733051997184,0.0829735972736333,0.0492374016904438,-0.0001387962290626,0.2858379940871889,0.5070726621874887,0.5034784468388906,2366.5043928652376
test_unseen,338,DNN_KP,0.1,1,-0.0095545778034965,-0.0071968721225004,0.0044022727317461,0.0758405168685042,0.0448195109088751,0.0010964019271137,0.1303550683701972,0.4856104457822536,0.4692578019403478,331.0517701131559
Combined,2759,DNN_KP,0.1,1,-0.0023875983838649,-0.0063309906254243,0.0042013555896515,0.0820997367528164,0.0486961740412339,1.2525618268814996e-05,0.2665366653774934,0.5044433656507111,0.4992861387650569,2698.169333709804
test_seen,2421,Ridge_Concat_KP,0.1,1,0.0692728346318024,0.1784099307342604,0.0053485760610341,0.0832878057311958,0.0164412982710711,0.0071284955713044,0.2548354190545028,0.5117415927051162,0.5281392361195354,293.8939084422357
test_unseen,338,Ridge_Concat_KP,0.1,1,0.0853706914684911,0.1921128824016332,0.0055418899241168,0.0773042999162534,0.0171942130915754,0.0092604878030234,0.1733043356037404,0.4933941497783747,0.5382641567725519,40.884189633676286
Combined,2759,Ridge_Concat_KP,0.1,1,0.0714285310998155,0.1802513958804376,0.0053722585857612,0.0825547774726055,0.0165335364767001,0.0073896820063609,0.2447143190399254,0.5094938813208326,0.5293796214695606,334.67677294762075
test_seen,2421,KNN_KP,0.1,1,0.0714835411808556,0.1130071889814715,0.0042323399471404,0.0826331084649234,0.0375341179024498,0.0089315511232747,0.2947943607071506,0.5083808613237027,0.5138218315147343,1019.5384990200318
test_unseen,338,KNN_KP,0.1,1,0.0704712276986298,0.1113215791336936,0.0044538649290417,0.07574150100042,0.0359021645408544,0.0106975035080639,0.1880558795099661,0.4868312086195726,0.4821337389670072,144.37333203187663
Combined,2759,KNN_KP,0.1,1,0.0713465899993784,0.1127984862023662,0.0042594785639881,0.0817888303485761,0.0373341903068648,0.0091478946919803,0.2815440664895691,0.5057408531272563,0.5099397817571658,1164.3244016573033
test_seen,2421,KRR_KP,0.1,1,0.0355875234611448,0.0410869580744533,0.0041647987156158,0.0829509986469502,0.0508251046966047,0.0271340872803333,0.3257653595335272,0.5076017826852843,0.5106072709812826,1903.5684813595017
test_unseen,338,KRR_KP,0.1,1,0.028768236479598,0.0390736828003167,0.0043927077978852,0.0758497953450371,0.045737848207311,0.0274647034451634,0.1908867579156741,0.4861661181458135,0.4770168332253455,267.7740482398331
Combined,2759,KRR_KP,0.1,1,0.0346541401009924,0.0408368795411076,0.0041927194368217,0.0820810433312392,0.0502018742894349,0.0271745904567424,0.3090218089878626,0.5049757389685966,0.5064921684218384,2171.874925753823
test_seen,2421,RIDGE_LatentReg_KP,0.1,1,0.001754544963871,-0.005672805618394,0.0041665475156567,0.0829769459316649,0.0539598710141207,0.0037322117483604,0.2965725479980731,0.5071780968974938,0.5050442421415946,2377.8801245423574
test_unseen,338,RIDGE_LatentReg_KP,0.1,1,-0.0022274356086024,-0.0066459587428747,0.0043972163526027,0.0758175967322326,0.0480059538874073,0.0007385437254057,0.1734857072998979,0.4855342821957426,0.4726679997082184,332.21484019850345
Combined,2759,RIDGE_LatentReg_KP,0.1,1,0.0012123002439511,-0.0057895217156446,0.0041948063293167,0.0820998672693205,0.053230467611138,0.0033654630018005,0.2812928022562307,0.5045265530884354,0.5010778884110831,2710.7053714546987
test_seen,2421,LLM_KNN_KP,0.1,1,0.0628078635763672,0.1722464846242149,0.0051294355230544,0.0827704848475894,0.0198889010433351,0.0077056540734923,0.1981784230673067,0.5122389629777397,0.5281921032397511,387.29940104818394
test_unseen,338,LLM_KNN_KP,0.1,1,0.0705598326195623,0.1732217001660629,0.0053546827331219,0.0754221361039146,0.0188592624613203,0.0084111028809575,0.115893290994159,0.4886022801875985,0.500211327134404,53.420807935998894
Combined,2759,LLM_KNN_KP,0.1,1,0.0638326010537858,0.1723373263601597,0.0051570301432077,0.0818702521997597,0.0197627619202032,0.0077920773054326,0.1879637170168469,0.509343276575758,0.5247642299800166,441.234279882314
test_seen,2421,DNN_KPDP,0.1,1,-0.0780427691402111,-0.0114653938689897,0.0049277053584811,0.0843947459790254,0.0144792251160877,-0.0004398995060009,0.0138957119995394,0.5074985944534753,0.5032678769493066,2388.959999618267
test_unseen,338,DNN_KPDP,0.1,1,-0.0090547426415763,-0.0001209264836391,0.0051499885042804,0.0761163107448621,0.0137421890636336,4.815685279297592e-05,0.2742560614247599,0.4865201179141046,0.4938264585863181,333.7447494517628
Combined,2759,DNN_KPDP,0.1,1,-0.068540991595929,-0.0100329798653234,0.0049549368565892,0.0833805701511359,0.0143889321890382,-0.0003801086218862,0.0462163071006012,0.5049285599952269,0.5021112262038588,2723.3059453334836
test_seen,2421,MLP_Concat_KDP,0.1,1,-0.002098783408692,0.0068974833688639,0.0041967500175222,0.0827627888616543,0.0430558236872852,0.0040661655677568,0.2415672851294567,0.5073227700933247,0.5042734005898952,2230.4400484982466
test_unseen,338,MLP_Concat_KDP,0.1,1,0.0113169858614433,0.0071269827839384,0.0044291365147466,0.0756785555955077,0.0391352524207982,0.0038263207473812,0.2205660496426872,0.4849796825587533,0.4715512913482457,309.67094910676605
Combined,2759,MLP_Concat_KDP,0.1,1,-0.0002335125039024,0.0069253749692832,0.004225219258574,0.0818949125137175,0.0425755217343774,0.0040367826212954,0.2389602352069612,0.504585559659586,0.5002646753547819,2540.7104098107857
test_seen,2421,Ridge_Concat_KDP,0.1,1,0.0850242623367345,0.1848945631692042,0.0052416783661473,0.0824542655021133,0.0187181382182469,0.0103240895229818,0.3029447703582693,0.5131182345437059,0.534836586683057,287.25198447969706
test_unseen,338,Ridge_Concat_KDP,0.1,1,0.0879377334414909,0.1902136523599722,0.0052718811117118,0.0773712630898688,0.0173338233656643,0.0085766318881145,0.1468159000350351,0.4913184238643043,0.5387490291824536,42.49108525965787
Combined,2759,Ridge_Concat_KDP,0.1,1,0.0854333926788004,0.1857860623894693,0.0052453784487862,0.0818315562540746,0.0185485483595398,0.0101100117119687,0.283563255421592,0.5104475799552181,0.535315892795705,328.5277685836883
test_seen,2421,KNN_KDP,0.1,1,0.0729876736522644,0.1131995564908816,0.0042319002702326,0.0825865609008804,0.0380239855685395,0.0090490815716209,0.3024664324885365,0.5084189016878239,0.5141710839916264,1020.7487149719544
test_unseen,338,KNN_KDP,0.1,1,0.0704712276986298,0.1113215791336936,0.0044538649290417,0.07574150100042,0.0359021645408544,0.0106975035080639,0.1880558795099661,0.4868312086195726,0.4821337389670072,144.37333203187663
Combined,2759,KNN_KDP,0.1,1,0.0726564357382848,0.1129868890193625,0.0042590927510871,0.0817479852407298,0.0377640451889246,0.0092510267019282,0.2882637431532657,0.5057742332365486,0.5102462479574396,1165.2653226781986
test_seen,2421,KRR_KDP,0.1,1,0.0343277134480097,0.0383346636201587,0.0041633658469306,0.0829542304353276,0.0514259874234117,0.029717023129455,0.327751093160418,0.507593246068139,0.5101898753324413,1941.1101769422005
test_unseen,338,KRR_KDP,0.1,1,0.0254072987837579,0.0342884295943443,0.0043941370568816,0.0758147990862359,0.0461715816008117,0.0222490369066625,0.1882908236887552,0.486091027285873,0.4770758331867273,274.1212155146731
Combined,2759,KRR_KDP,0.1,1,0.0331327939601272,0.0378493945507315,0.0041916372021185,0.0820795918720826,0.0507822798597876,0.0288021339147743,0.3104387838466944,0.5049590489139506,0.5061331351203169,2215.5946240302515
test_seen,2421,RIDGE_LatentReg_KDP,0.1,1,0.0011507593325082,-0.0064639660674569,0.0041665488694649,0.0829845259565155,0.0539468333443967,0.0034246025283849,0.295940771223416,0.5071664152108739,0.5048180966698507,2385.259160676777
test_unseen,338,RIDGE_LatentReg_KDP,0.1,1,-0.0027000833800926,-0.0069274855511114,0.0043973514552556,0.0758157662466841,0.0479845466506542,0.0005366285342999,0.1715373770435404,0.4855385731020249,0.4728514359517874,332.7444798770345
Combined,2759,RIDGE_LatentReg_KDP,0.1,1,0.000652113088695,-0.0064692056446559,0.0041948240684491,0.0821062944299033,0.0532164046011981,0.00307080216231,0.280497591256259,0.5045168281747047,0.5009019200396566,2717.9557496562675
test_seen,2421,BalancedKRR_lambda0.5_KDP,0.1,1,0.0457576704807737,0.0546609709417846,0.0041641607120679,0.0830504944587337,0.0487399042673119,0.0351394055499069,0.3371766312208524,0.5075135709747829,0.50859742182181,1747.2186078422544
test_unseen,338,BalancedKRR_lambda0.5_KDP,0.1,1,0.0171402403611814,0.022331517578469,0.0043882933046274,0.0759934396082839,0.047873840114101,0.0468449495683201,0.1803396947211585,0.4863527725690942,0.4764386336038034,301.95309590509294
Combined,2759,BalancedKRR_lambda0.5_KDP,0.1,1,0.0422612476114865,0.0509625433898757,0.0041916187824866,0.0821859476883633,0.0486338043456789,0.0365734301523802,0.3177072184139939,0.5049212006010523,0.5046577080060483,2046.0679228557165
test_seen,2454,DNN_DP,0.1,2,-0.0100237947590931,0.0225307150073931,0.004208562900019,0.0854865358247362,0.03865538701056,0.0220043640396924,0.1970476015900127,0.5077869182962893,0.4982561332209649,2128.0986738105103
test_unseen,306,DNN_DP,0.1,2,-0.0023532998158639,0.0163281200064031,0.0042976225904326,0.0591602626298229,0.0384577630138015,0.0201096697958505,0.240500807582764,0.4821700578261992,0.5082226438962681,277.10486685746724
Combined,2760,DNN_DP,0.1,2,-0.0088266533843897,0.02184504493256,0.0042184369091736,0.0825677533618219,0.0386334765239628,0.0217943001126577,0.2030708182622753,0.5049467881137357,0.4993611159262703,2405.296943125623
test_seen,2454,DNN_KP,0.1,2,-0.0081217585127946,-0.0049260524246856,0.004197961285818,0.0857816372587138,0.048669623499918,0.0012251468765245,0.2924555597109827,0.507196570577495,0.499286177001518,2404.239152580893
test_unseen,306,DNN_KP,0.1,2,0.0012229601971508,-0.0063241753742253,0.0042875138112549,0.0595032589053726,0.0469710022650566,0.0013262275830226,0.3320417767974685,0.4817791801993239,0.5028889410059058,300.34158976228576
Combined,2760,DNN_KP,0.1,2,-0.0067760830747485,-0.0050839389195272,0.0042078899353773,0.0828681648760607,0.0484812981021399,0.0012363536505058,0.2979427581190104,0.5043785555573065,0.4996856138802654,2705.0177764247724
test_seen,2454,Ridge_Concat_KP,0.1,2,0.0561559104424058,0.1801667247588991,0.0053453785027773,0.0853490792443692,0.0153510230595565,0.0065673450926357,0.2224592622947447,0.512107371503737,0.5213090860968311,300.5942863154219
test_unseen,306,Ridge_Concat_KP,0.1,2,0.0453905952810691,0.1943613918848241,0.0054320055717925,0.0599324567006741,0.0205956135019762,0.0116583476667975,0.0831248804352881,0.4904803530691,0.5628211415048079,38.07466086499153
Combined,2760,Ridge_Concat_KP,0.1,2,0.0543351376917371,0.1817854069998066,0.0053549828082551,0.0825311493536552,0.0159324885216509,0.0071317823345536,0.2031455856013546,0.5097095933729402,0.5259115096311937,338.9810561015967
test_seen,2454,KNN_KP,0.1,2,0.0598835467561768,0.12083131225554,0.0042556304279024,0.0855601721348257,0.0334619644287487,0.0086317616957808,0.2548655772673137,0.5079613492835037,0.5118546607339454,958.1129923287476
test_unseen,306,KNN_KP,0.1,2,0.0379364821387298,0.1232349721794426,0.0043374787621824,0.0595757973418553,0.03665233109152,0.0136721437604659,0.0995436239693318,0.4832787289133365,0.5252578015620892,121.4439275935936
Combined,2760,KNN_KP,0.1,2,0.0567113447754587,0.1211127150503344,0.0042647049171378,0.0826792957990833,0.0338156789935342,0.0091905866638219,0.2333358015626429,0.5052247978946374,0.5133406611301091,1079.775190535428
test_seen,2454,KRR_KP,0.1,2,0.0249443129225543,0.043239741626508,0.0041914167000602,0.0856174801064077,0.0494073492890399,0.0231287605417047,0.3070747228803098,0.507580584605232,0.5041916608104527,1902.1301945867672
test_unseen,306,KRR_KP,0.1,2,0.0102928059134253,0.0452799332362508,0.0042778209033273,0.0595253124092503,0.0508116855659968,0.029305706108865,0.1975564496173454,0.4826438488890784,0.5153129271522552,238.75199964304468
Combined,2760,KRR_KP,0.1,2,0.0228198879168778,0.0434744015674772,0.0042009962965093,0.0827246528182446,0.0495630474414851,0.0238135958111072,0.2918939721309879,0.5048158595584411,0.5054246707744352,2141.23634942359
test_seen,2454,RIDGE_LatentReg_KP,0.1,2,-0.0027006458754087,-0.0042302107854504,0.0041924590534916,0.0856332677850788,0.053320077971583,0.0022086452824771,0.3154973422895825,0.5073105932041925,0.5003577238366074,2408.258191668742
test_unseen,306,RIDGE_LatentReg_KP,0.1,2,-0.0109040908830472,-0.0051675981700179,0.0042821906023572,0.0594955875463454,0.0514551866276943,0.0022129013825543,0.2557651050783953,0.4819568518479036,0.5046253852513579,300.07257374990525
Combined,2760,RIDGE_LatentReg_KP,0.1,2,-0.0038404027046928,-0.0043271852855019,0.0042024075513006,0.0827353945412193,0.0531133182791084,0.0022091171544422,0.3072176262405071,0.5044996349233865,0.5008308776021557,2708.7669596938003
test_seen,2454,LLM_KNN_KP,0.1,2,0.0562496603201507,0.1745135785295004,0.0050465019373824,0.0853444819963325,0.0192310907214041,0.0088450796006748,0.1907025577037994,0.5125560771253773,0.5227885739875396,385.0260807779156
test_unseen,306,LLM_KNN_KP,0.1,2,0.0486851664742836,0.1829679727090421,0.0051494056866267,0.0595028563868796,0.0243915742345007,0.0146275037840721,0.0924603983429941,0.4895043434795688,0.5516906049601187,51.14045481242622
Combined,2760,LLM_KNN_KP,0.1,2,0.0550130003498255,0.1754986545331288,0.0050579108313204,0.0824794322005018,0.0198032312848127,0.0094861744557906,0.1770848326438858,0.5100003414385594,0.525992929595369,435.883777261855
test_seen,2454,DNN_KPDP,0.1,2,0.008258927055083,0.0834285377606465,0.0042130256838938,0.0852539986780682,0.0205860149115286,0.0397388092358149,0.1025412348228322,0.5104702901639533,0.5140574242761262,1526.2434716703397
test_unseen,306,DNN_KPDP,0.1,2,-0.0179527307048863,0.0733004133070293,0.0043188362859397,0.0598729850900779,0.0206468000124304,0.0397815889362977,-0.0301374065386011,0.4838638608759922,0.5174047146948666,199.68253237055703
Combined,2760,DNN_KPDP,0.1,2,0.0047952605762642,0.0823825444604696,0.004224756859338,0.082440016736791,0.0205927541292372,0.0397435522026076,0.0841501360202573,0.5075204469168098,0.5144285369095083,1726.1482095413671
test_seen,2454,MLP_Concat_KDP,0.1,2,-0.0096611663114141,0.0020047130738502,0.0042013094846165,0.0858152645615447,0.044989817869444,0.0060961650134142,0.2635146118465594,0.5072767704302108,0.4999903996493065,2334.8559651865694
test_unseen,306,MLP_Concat_KDP,0.1,2,-0.0075081801900161,0.0018465395837045,0.0042892178011966,0.0596543109664752,0.0447932380245476,0.0091715326255566,0.2562984621643049,0.4821617664825988,0.5041207977693917,290.612640597097
Combined,2760,MLP_Concat_KDP,0.1,2,-0.0093573416231057,0.0019959720736209,0.0042110558414547,0.082914811010787,0.0449680231475098,0.006437129683456,0.2625143534747617,0.5044922808621062,0.5004483350930552,2625.9198890042567
test_seen,2454,Ridge_Concat_KDP,0.1,2,0.0611496441877369,0.1829990467892041,0.0053063350084665,0.0848146954266983,0.0174348361275573,0.0086140370580756,0.2322271565148175,0.5128214898976249,0.5251121542507546,308.50304230895614
test_unseen,306,Ridge_Concat_KDP,0.1,2,0.033540981386091,0.1869262922208754,0.0052150834546686,0.0598945857267714,0.0204461417143401,0.0099825520836211,0.0072948520809294,0.4883222347776854,0.5514975351019953,40.83172622409467
Combined,2760,Ridge_Concat_KDP,0.1,2,0.057070970731603,0.1835879490959882,0.0052962179883715,0.0820518136990977,0.0177686982687006,0.0087657637239513,0.2010484212467538,0.5101052681343271,0.528037489953827,348.6550829752311
test_seen,2454,KNN_KDP,0.1,2,0.0613347123318482,0.1198381324131643,0.0042536389086616,0.0855203149805866,0.034703127136301,0.0093096596987598,0.2649879786696736,0.5080928002391522,0.5097080223188952,963.3047335505158
test_unseen,306,KNN_KDP,0.1,2,0.0379364821387298,0.1232349721794426,0.0043374787621824,0.0595757973418553,0.03665233109152,0.0136721437604659,0.0995436239693318,0.4832787289133365,0.5252578015620892,121.4439275935936
Combined,2760,KNN_KDP,0.1,2,0.0579710068020962,0.1202716283637812,0.0042629341967694,0.0826438575902055,0.0349192345313361,0.0097933264099489,0.2420550978201213,0.5053416749399856,0.5114320195828146,1084.4130735128067
test_seen,2454,KRR_KDP,0.1,2,0.0255360653268168,0.0405954977448784,0.00418987112906,0.0856183828958398,0.0502581498396608,0.0256478466669447,0.3184967666560626,0.5076121919136689,0.5045223559674155,1942.5978279157869
test_unseen,306,KRR_KDP,0.1,2,0.0070131078717296,0.0399350422830998,0.0042789305327676,0.0595145214195778,0.0509572999228982,0.0245585920360189,0.1979719948561794,0.4826592470986219,0.5144103551774702,244.88509394029077
Combined,2760,KRR_KDP,0.1,2,0.0229299432341381,0.0405457981158326,0.0041997451064276,0.0827242591234716,0.050335664305411,0.0255270814796029,0.3017903626441976,0.5048456697711312,0.5056186341407043,2187.6296948180934
test_seen,2454,RIDGE_LatentReg_KDP,0.1,2,-0.0033838502369893,-0.0050384150831567,0.0041924306496931,0.0856408763401243,0.053318129788937,0.0019119818078055,0.3145190226263095,0.5073043899006673,0.5002181495072953,2416.448005480059
test_unseen,306,RIDGE_LatentReg_KDP,0.1,2,-0.0101028064390876,-0.0052658275216145,0.0042821308584793,0.0595003600117338,0.0513568181713651,0.0030137300696299,0.260667784183671,0.4819450070713317,0.5047118521203335,300.49780607245276
Combined,2760,RIDGE_LatentReg_KDP,0.1,2,-0.0042889289721299,-0.0049961698382819,0.0042023756728411,0.0827426886602375,0.053100680022641,0.002034132158573,0.3070544945253496,0.5044928061521976,0.5007163643622191,2716.548960114455
test_seen,2454,BalancedKRR_lambda0.5_KDP,0.1,2,0.0348317951900226,0.0593475848200927,0.0041908812919532,0.0857001092464578,0.0474406168624629,0.0297489697106272,0.3074241311785124,0.5076256324046398,0.5057469176227878,1727.6681786154531
test_unseen,306,BalancedKRR_lambda0.5_KDP,0.1,2,0.0003986521498766,0.0236432934878213,0.0042765726311585,0.0596229941326509,0.0519233043029278,0.0418093865319397,0.2168880382298164,0.4821901939463716,0.5104731514449443,271.8928718975816
Combined,2760,BalancedKRR_lambda0.5_KDP,0.1,2,0.0308124127340807,0.0557085390388639,0.0042003818534738,0.0828089508316662,0.0479376104699927,0.0310861028799467,0.2948745737400794,0.5048056164016578,0.506270913111766,1995.782476508404
test_seen,2343,DNN_DP,0.1,3,-0.0149632225792226,0.0084496901002311,0.0041987876909983,0.0815787330216545,0.0369148676021513,0.0305511318313308,0.2200007796469445,0.509580457704376,0.4980540434595089,2206.14977051124
test_unseen,319,DNN_DP,0.1,3,-0.0276310453985505,-0.0006293183709625,0.0045120552097728,0.0797663031935437,0.038416870272884,0.0248153497730027,0.1744413959203208,0.4664673402767715,0.497693963308394,308.7886341208938
Combined,2662,DNN_DP,0.1,3,-0.0166285159317063,0.0073919372371363,0.0042363280134961,0.0813615410174594,0.037094859657735,0.0298637860474816,0.2134695393224984,0.5044140097481754,0.4980108933587555,2515.062762095361
test_seen,2343,DNN_KP,0.1,3,-0.0088205041976922,-0.0040381785081183,0.0041869393817943,0.0813981738241611,0.0516375175701685,0.0027446046066042,0.2837607469583936,0.5099333202132638,0.498870599383485,2294.7232159162463
test_unseen,319,DNN_KP,0.1,3,0.0060801955799447,-0.0023260140683336,0.0045025234071059,0.0797807436547571,0.0555054028285759,0.0036557813852784,0.3528181051854125,0.4670186685892473,0.5083706481288411,311.6705937984473
Combined,2662,DNN_KP,0.1,3,-0.0066897616100761,-0.0038320621009465,0.0042247573021829,0.0812043495476622,0.0521010244812999,0.0028537952123131,0.2936605780328963,0.5047906553492287,0.5000090349769368,2606.850052977041
test_seen,2343,Ridge_Concat_KP,0.1,3,0.0496484734740249,0.1876182688370965,0.0054080068621874,0.0786147201144394,0.0164023215223854,0.0076705542936116,0.173313375405528,0.5143744156717147,0.5185519869928464,263.257327817627
test_unseen,319,Ridge_Concat_KP,0.1,3,0.0381776285592662,0.1773395142653001,0.005712259708827,0.0802963258702076,0.015983998575434,0.006222835839121,0.124130369543095,0.4724294611943798,0.5197753690542246,36.14493200819326
Combined,2662,Ridge_Concat_KP,0.1,3,0.0481318261290725,0.1864123684924014,0.0054444669140575,0.078816234853767,0.01635219191304,0.0074970673713792,0.1662626647748995,0.5093479541847613,0.5186985906283008,299.4793005216761
test_seen,2343,KNN_KP,0.1,3,0.0606878703000028,0.1180084739133073,0.0042485925514146,0.0809076990321077,0.038152665141364,0.009449071096383,0.2665378914523638,0.5107452247678044,0.5103857861848875,958.8122657646868
test_unseen,319,KNN_KP,0.1,3,0.0515590332655912,0.118365304491257,0.0045625453312688,0.0791459732134536,0.0396574507267888,0.0092396724989841,0.2079538998299705,0.4675994482004667,0.5145295037220552,128.96809164811015
Combined,2662,KNN_KP,0.1,3,0.0593771905739718,0.1180663896994697,0.0042862149919757,0.0806965831282194,0.0383329906867248,0.0094239778760336,0.2581394870589438,0.5055748631130408,0.5108823473773579,1087.803812691992
test_seen,2343,KRR_KP,0.1,3,0.033385637334533,0.0476864614554742,0.0041842200256868,0.0809621444785814,0.0511651062945322,0.0214171846276493,0.3377326175220781,0.5100675683586905,0.5040102022174843,1773.8450773381885
test_unseen,319,KRR_KP,0.1,3,0.0353399035218349,0.0508234996612793,0.0044980137482346,0.079373195391904,0.054937983001863,0.0215202681049485,0.3306375222288629,0.4674981357327896,0.516880895413726,240.64561798997804
Combined,2662,KRR_KP,0.1,3,0.0336267939905855,0.0480729443758934,0.0042218234056616,0.0807717332243928,0.0516172278834273,0.0214295376063339,0.3367154884765473,0.504966272713438,0.5055525580137281,2014.695790620846
test_seen,2343,RIDGE_LatentReg_KP,0.1,3,0.0015505311678758,-0.0034047325898889,0.0041848365399536,0.0813702291167564,0.0546137415003225,0.0006946228997704,0.3358683876381566,0.509566824380169,0.5002087502524168,2287.621368170064
test_unseen,319,RIDGE_LatentReg_KP,0.1,3,0.0071826654619091,-0.0006286075658513,0.0044987244099944,0.0795717884702951,0.058938948637333,0.0044419707201774,0.3499420681225849,0.4670186685892474,0.5100046061831235,311.11926716962273
Combined,2662,RIDGE_LatentReg_KP,0.1,3,0.0023228389919666,-0.0030689778414448,0.0042224512020659,0.0811547135020979,0.0551320514464932,0.0011436852418853,0.3378859432320781,0.5044680784382816,0.5013826338143611,2599.175075010552
test_seen,2343,LLM_KNN_KP,0.1,3,0.0632528731338796,0.181331443504584,0.0050687452887284,0.0785522657278305,0.020613214078807,0.0085448837331587,0.2107605557421757,0.5153856875437771,0.5218358538141951,360.5946702645953
test_unseen,319,LLM_KNN_KP,0.1,3,0.0651877728645062,0.1783080579367617,0.0053664387124303,0.0773325881493445,0.0217160109589941,0.0081395980853119,0.2128491613337587,0.4713715705435178,0.5252273934775976,49.89552916549949
Combined,2662,LLM_KNN_KP,0.1,3,0.0635736418800907,0.1810058480654705,0.0051044192940481,0.0784061060180119,0.0207453674239534,0.0084963164447804,0.211059971229081,0.5101112685644071,0.522242277988735,410.09903414437485
test_seen,2343,DNN_KPDP,0.1,3,0.0315194757289216,0.0892303714757326,0.00419761248409,0.0812213474011265,0.0304084761100051,0.0411098048754886,0.2025914911244866,0.512509858096342,0.5187672331232678,1410.0563784505348
test_unseen,319,DNN_KPDP,0.1,3,0.026903102814683,0.085518591113964,0.0045156178683765,0.0796773153417182,0.0334904115974908,0.0388786756694578,0.1824350730766742,0.4703443092433491,0.5352325886866959,203.628466439523
Combined,2662,DNN_KPDP,0.1,3,0.0309407007450269,0.0888284821089545,0.0042357205673309,0.0810363187659082,0.030777798957679,0.0408424381524519,0.1997019346910589,0.5074569617461899,0.520740354244505,1613.377841400355
test_seen,2343,MLP_Concat_KDP,0.1,3,-0.0080775884406064,0.0022921924268493,0.0041953430174958,0.0814770365993413,0.0480599432911485,-0.0004869258516542,0.2701324606337517,0.5096210368928981,0.4988179907912509,2209.0226781094893
test_unseen,319,MLP_Concat_KDP,0.1,3,0.0047752682895738,0.0054123547153025,0.0045068931862101,0.0796761066545869,0.0530764700179912,0.0035698027523846,0.3212932200394824,0.4672554570311441,0.5107491350153558,301.4596903228185
Combined,2662,MLP_Concat_KDP,0.1,3,-0.006271802542519,0.0026657357214474,0.0042326775418459,0.0812612226803418,0.0486610973203982,-7.889528231721876e-07,0.2774666953737341,0.5045441698846713,0.500247756008189,2510.936335772704
test_seen,2343,Ridge_Concat_KDP,0.1,3,0.0581426656433852,0.1922519344543871,0.0053333056260042,0.0786012767843137,0.0175087167747481,0.0094240048708016,0.1909401554079857,0.5151916131638888,0.5265693439788744,255.0439424746059
test_unseen,319,Ridge_Concat_KDP,0.1,3,0.0406067713578841,0.172756280915811,0.0054509679933551,0.0800568979324539,0.015460185410928,0.005226879307042,0.1136312568515432,0.4705740293735472,0.510646644495729,37.05833518481027
Combined,2662,Ridge_Concat_KDP,0.1,3,0.0558566826487054,0.1900134808324136,0.0053474056617611,0.0787757107235537,0.0172632316113151,0.0089210435429131,0.1798574112093348,0.5098448779162859,0.5246612518920512,291.2477285364329
test_seen,2343,KNN_KDP,0.1,3,0.0599367690370684,0.1177138686432705,0.0042497475475419,0.0808210497375277,0.0383386797144518,0.0090640165495806,0.2634885093204411,0.5107947859110982,0.5101690965260205,963.0151429541138
test_unseen,319,KNN_KDP,0.1,3,0.0515590332655912,0.118365304491257,0.0045625453312688,0.0791459732134536,0.0396574507267888,0.0092396724989841,0.2079538998299705,0.4675994482004667,0.5145295037220552,128.96809164811015
Combined,2662,KNN_KDP,0.1,3,0.0587574219799928,0.1178506145142914,0.0042872315794761,0.0806203174267916,0.0384967142572525,0.0090850662294678,0.2555272541137652,0.5056184851110639,0.5106916246610825,1091.4327637806532
test_seen,2343,KRR_KDP,0.1,3,0.0314234062456831,0.0446842431473735,0.0041827867418327,0.0809954801962007,0.0518131332547675,0.0234050383009109,0.3365593582281522,0.5101047793141732,0.5041795762217504,1813.7208957392284
test_unseen,319,KRR_KDP,0.1,3,0.0324772792970932,0.0458798758455531,0.004499001724069,0.0793428469482674,0.0554306101593846,0.01789149058047,0.3316843604817823,0.4674875332652419,0.5165369042444032,247.1852993758783
Combined,2662,KRR_KDP,0.1,3,0.0315776033612138,0.0448564105684277,0.0042206802727618,0.080797437368969,0.0522466325532547,0.0227443239046597,0.3358604949148614,0.5049977539612021,0.5056604130509113,2060.862598812223
test_seen,2343,RIDGE_LatentReg_KDP,0.1,3,0.0008517051158016,-0.0044513426714793,0.0041848152426739,0.081387913501599,0.0546118995779805,0.0002512021357616,0.3356215722868967,0.5095580028174468,0.500092626408583,2297.6624275945296
test_unseen,319,RIDGE_LatentReg_KDP,0.1,3,0.0064208195246295,-0.0012105116407005,0.0044989824886203,0.0795628367659558,0.0588496045717469,0.0040461063974957,0.3478443472901188,0.4669927514463532,0.5098962254037478,311.8623273139107
Combined,2662,RIDGE_LatentReg_KDP,0.1,3,0.001648797493804,-0.0039947946012857,0.0042224633837171,0.0811692059588979,0.0551197237301261,0.000705963390267,0.3373737882838621,0.5044572082316545,0.5012674378584169,2609.094599113776
test_seen,2343,BalancedKRR_lambda0.5_KDP,0.1,3,0.0377424780536305,0.0580680348845736,0.004184149718003,0.0812257774523134,0.0492350196870639,0.0272921204360448,0.3274488483038806,0.5100589071880178,0.5048851408474764,1663.5476922302678
test_unseen,319,BalancedKRR_lambda0.5_KDP,0.1,3,0.0252115905463698,0.0274345565594967,0.0044950825344278,0.0796268498934587,0.0576990881460719,0.0339194496233464,0.3530009940076499,0.4671930202778082,0.5141112952798993,278.8316721908255
Combined,2662,BalancedKRR_lambda0.5_KDP,0.1,3,0.0365828320272649,0.0547078008790891,0.00422141026212,0.0810341704307978,0.0502493088825648,0.0280863045122091,0.3311119181425329,0.5049220860293564,0.5059907543951633,1938.7085412422584
test_seen,1801,DNN_DP,0.3,1,0.0041751644766196,0.0594715754098748,0.0042186084715153,0.0856288447244325,0.0349183394617164,0.0197080894097677,0.1775185905069019,0.5093044140844734,0.512078831581457,1301.058552223612
test_unseen,338,DNN_DP,0.3,1,-0.0018531448582846,0.0438136215280758,0.0044400025137044,0.0763297188257723,0.0216193673886777,0.0063850482070423,0.1077771108800507,0.4874101217196849,0.459435074531858,247.38468223118232
Combined,2139,DNN_DP,0.3,1,0.0032795340228561,0.0569668068658524,0.0042535926633151,0.0841594176305815,0.0328168656138029,0.0176028122117681,0.1665067779342412,0.5058447269319262,0.5037601827349097,1548.7604826325476
test_seen,1801,DNN_KP,0.3,1,0.0302387806473556,0.0881160867375172,0.0042023175126128,0.0856966410003411,0.0498885454335924,0.0296820637403413,0.2079564182764146,0.5116838218451552,0.532171608227214,1142.5145186210575
test_unseen,338,DNN_KP,0.3,1,0.0572698755288397,0.1030162274343703,0.0043789077042646,0.0753879948446003,0.0508841878667456,0.0355606643296941,0.2070103668700253,0.4955123131168321,0.5373171298730772,216.8484609369864
Combined,2139,DNN_KP,0.3,1,0.0348556193966762,0.0906127819006449,0.0042302219000734,0.0840676917714302,0.050045874625928,0.0306109870686261,0.2078070417385637,0.5091284361741999,0.5329846920590522,1359.4707315178562
test_seen,1801,Ridge_Concat_KP,0.3,1,0.0519623625771191,0.199409091363832,0.0058355902077552,0.0855702153811416,0.0175015963776589,0.0106890855860834,0.2361900229376504,0.5168859520409875,0.5416435313714603,166.05025203883315
test_unseen,338,Ridge_Concat_KP,0.3,1,0.0999454565069039,0.212191238970222,0.0060080923441716,0.0764948399432386,0.0186843809580488,0.0124104275283383,0.3578611317668477,0.5019843795838616,0.5473289752630617,30.7994087562981
Combined,2139,Ridge_Concat_KP,0.3,1,0.060230412728659,0.2015910182202403,0.0058628486098631,0.0841361448350868,0.0176884973538963,0.0109610881931344,0.2554012506475237,0.514531238861694,0.5425419325100116,196.97917091694487
test_seen,1801,KNN_KP,0.3,1,0.0969645153155733,0.1491567422583819,0.0042486714588086,0.0845720068672092,0.0411328367457268,0.015891718172678,0.374690413314843,0.5114277537320759,0.5229110841134408,559.1457339024028
test_unseen,338,KNN_KP,0.3,1,0.0638998254459271,0.1481416318985143,0.0044463598871656,0.0756433050006753,0.0386370881754143,0.0156217904370276,0.0986458646832253,0.4906593011219909,0.5045928562334981,108.85999176664156
Combined,2139,KNN_KP,0.3,1,0.0912628161074257,0.1490684771492125,0.0042799097424854,0.0831611133511324,0.0407384641338682,0.0158490647950951,0.331104431951956,0.5081459692616651,0.5200164786793966,668.3009359183812
test_seen,1801,KRR_KP,0.3,1,0.0083195258993366,0.0064464978818195,0.004180901144772,0.085758040210936,0.0621825586288313,0.0088614452370212,0.3517799500603057,0.5080529006595961,0.5075358300580335,1732.7675283244737
test_unseen,338,KRR_KP,0.3,1,0.0098446442688116,0.0045487492963456,0.0043850496842195,0.0758935822694433,0.0551781646824734,0.0055702023722895,0.2894808092003756,0.4881089443764841,0.475615932603052,325.8780102845736
Combined,2139,KRR_KP,0.3,1,0.0086090083644632,0.0061545956268154,0.004213160240767,0.0841992806110181,0.0610757399500707,0.0083413703944409,0.3419432436087379,0.5049014012562807,0.5024919191932444,2059.2425042396485
test_seen,1801,RIDGE_LatentReg_KP,0.3,1,0.0075708291688003,0.0083725497631445,0.0041808896121845,0.0857251941844685,0.0617863005565308,0.0088096217300208,0.3416014043181928,0.5080871815834567,0.5073883182038459,1715.6847991125398
test_unseen,338,RIDGE_LatentReg_KP,0.3,1,0.0087140549261459,0.0056319137297709,0.0043864757259685,0.0758675420776467,0.0538876533012631,0.0033867841086778,0.2798879236940526,0.4880452892433896,0.4741961463735947,322.47010280599005
Combined,2139,RIDGE_LatentReg_KP,0.3,1,0.0078004493625089,0.0079411726195905,0.0042133758704636,0.0841675100273363,0.0605381739682744,0.0079527170474523,0.3318571705354338,0.5049202065432777,0.5021433653854144,2038.7699137389177
test_seen,1801,DNN_KPDP,0.3,1,0.0312032092941938,0.0648497550093569,0.0042083768377381,0.0848128775918071,0.0409971579417756,0.0305396509433288,0.2983271380243475,0.5139853184152448,0.51109273561253,1303.1500375762892
test_unseen,338,DNN_KPDP,0.3,1,0.0409974447721013,0.0678381844835297,0.0043860557506942,0.0756221115638168,0.035448715566984,0.0361222737468788,0.2548241653582839,0.4943969644804358,0.4851309911934507,241.2951988310295
Combined,2139,DNN_KPDP,0.3,1,0.0329963036135525,0.0655304098345336,0.0042364532625063,0.0833605732825688,0.0401204054767548,0.0314218045233194,0.2914582476033901,0.5108900105003475,0.5069903187758545,1543.2077454259222
test_seen,1801,MLP_Concat_KDP,0.3,1,0.0014150590321511,0.0349813403974578,0.0041821170870559,0.0861997379448164,0.0558536310618246,0.0244291708772166,0.2239639250698534,0.5089922499141678,0.5176910343437722,1536.485218760605
test_unseen,338,MLP_Concat_KDP,0.3,1,0.0009521260760555,0.0326464422363059,0.0043886008055089,0.0762100597460724,0.04934464184003,0.0228779328362829,0.1357612332788757,0.490341025456518,0.4860318497074631,291.2584902499356
Combined,2139,MLP_Concat_KDP,0.3,1,0.0013588369062153,0.0346138318314266,0.0042147451828189,0.0846211913196759,0.0548250951305639,0.024184047708523,0.2100371842607516,0.5060450251050581,0.5126883207359777,1828.3196265606211
test_seen,1801,Ridge_Concat_KDP,0.3,1,0.0613503849677633,0.205110268405486,0.0058451929028933,0.0844602545076022,0.0189494066496133,0.0127358278551275,0.2678973919728022,0.5179652817346563,0.5474019474681201,166.56326561524378
test_unseen,338,Ridge_Concat_KDP,0.3,1,0.0966830643374941,0.2074819083469415,0.005694740884345,0.0762323771665391,0.0167147139977293,0.0098748103988408,0.3038716447080405,0.496810324309065,0.540253568838875,31.107705102503555
Combined,2139,Ridge_Concat_KDP,0.3,1,0.0674594332414397,0.205672596378578,0.0058214188111358,0.0831601037169153,0.0185962855106059,0.0122837362701696,0.273577537141524,0.5146224226370173,0.5462723766515306,197.24111315299336
test_seen,1801,KNN_KDP,0.3,1,0.0993844166864064,0.1500999319970871,0.0042476112506781,0.0844376073363543,0.0416589978836673,0.0163911363458586,0.3839509180789053,0.5116100659180612,0.5253847644147389,564.0153307640684
test_unseen,338,KNN_KDP,0.3,1,0.0638998254459271,0.1481416318985143,0.0044463598871656,0.0756433050006753,0.0386370881754143,0.0156217904370276,0.0986458646832253,0.4906593011219909,0.5045928562334981,108.85999176664156
Combined,2139,KNN_KDP,0.3,1,0.0932806812378718,0.1498752062426984,0.0042790170660744,0.0830479513338019,0.0411814824645979,0.0162695660245941,0.3389027517532716,0.5082994728834321,0.5220992735473899,672.9923815339171
test_seen,1801,KRR_KDP,0.3,1,0.0079037703266511,0.0055630698042081,0.0041806974409699,0.0857637682044817,0.062257331847629,0.0088787683016081,0.3524246549197605,0.5080292675984498,0.5072571676996824,1739.5041012766485
test_unseen,338,KRR_KDP,0.3,1,0.0101786980714106,0.0049262272870813,0.0043848866446246,0.075899858969779,0.0552198345040632,0.0061908232444025,0.2900094782828654,0.4881629128588904,0.4758539474485361,325.6162974924492
Combined,2139,KRR_KDP,0.3,1,0.0083151157669841,0.005476658468066,0.0042129629626321,0.0842050953099845,0.0611452822440174,0.00845402523039,0.3425696270297245,0.5048900306176312,0.5022949010120307,2065.6742572774683
test_seen,1801,RIDGE_LatentReg_KDP,0.3,1,0.0061474196320949,0.0064680970134349,0.0041808743084129,0.085746599101121,0.0618779131167422,0.0082186546214436,0.3402848234877355,0.5080430319087879,0.50712393956377,1730.1090150523432
test_unseen,338,RIDGE_LatentReg_KDP,0.3,1,0.0082461176287615,0.0048973105061402,0.0043867621212205,0.0759047249267942,0.0536897348138948,0.0035998733246601,0.2800411530226239,0.4880868034606251,0.4741061989029176,323.5859319025466
Combined,2139,RIDGE_LatentReg_KDP,0.3,1,0.0066329019244322,0.0063826923629635,0.0042134082404975,0.0841914081376229,0.0605840354793591,0.0074888051224661,0.3307726649932441,0.5048895932853755,0.5019065499689276,2052.615300336872
test_seen,1801,BalancedKRR_lambda0.5_KDP,0.3,1,0.0654970999657845,0.0831488559314868,0.0041835712114682,0.0853927986487326,0.0542282270575799,0.0211932268093032,0.4073672905762264,0.5091613171977526,0.513364366226226,1100.607268438837
test_unseen,338,BalancedKRR_lambda0.5_KDP,0.3,1,0.03937830585718,0.0458531617155574,0.0043814740424033,0.0759569574783564,0.0536064716793565,0.0254263753542819,0.3124605491163613,0.4890388628425614,0.4824671622541666,267.9047522068599
Combined,2139,BalancedKRR_lambda0.5_KDP,0.3,1,0.0616367611440264,0.0777749652476787,0.0042148433745612,0.0839017681131613,0.054129978662143,0.0218621394826098,0.3923820156088792,0.5059816119279749,0.5084820591002064,1363.605821404548
test_seen,1655,DNN_DP,0.3,2,-0.0029328602938314,0.0389793887478845,0.0042883583924129,0.0868714942817135,0.0359218104974184,0.0153636915410152,0.1982738167603293,0.5079237314261051,0.5021817004747519,1336.5014627828289
test_unseen,306,DNN_DP,0.3,2,-0.000903964667578,0.0422129103568168,0.0042905874304212,0.0594575556081531,0.036487340543348,0.0122231261705201,0.1708684407525805,0.4872365612911831,0.5258770174736562,249.85250584436503
Combined,1961,DNN_DP,0.3,2,-0.0026066777231725,0.0394949220186029,0.0042887062178237,0.0825937455646766,0.0360100574092259,0.0148736288161955,0.1928444498153979,0.5046956467441642,0.5058791849223117,1586.7712801354794
test_seen,1655,DNN_KP,0.3,2,0.0407655172793519,0.0868441902500425,0.0042934574700885,0.0857574465080837,0.0482867856761206,0.0241491988449033,0.2645008979318303,0.5101754115543499,0.527856834576731,1069.8761528127357
test_unseen,306,DNN_KP,0.3,2,0.0398378337588831,0.0970445370427971,0.0042800424772599,0.0583812762813785,0.0559839862415798,0.0326445643579583,0.1907824079258415,0.4953931572629052,0.5497315592903829,197.84518639246437
Combined,1961,DNN_KP,0.3,2,0.0401725866895382,0.0883773178563461,0.0042913641565721,0.0814855912865784,0.0494878786761362,0.0254748397663693,0.2498962914212099,0.5078687466827628,0.5312702286421964,1268.4253927273337
test_seen,1655,Ridge_Concat_KP,0.3,2,0.0618901471448397,0.2070782100567937,0.0060035934619687,0.0831878881032012,0.0164301073570422,0.0098801463637712,0.2656183444096496,0.51535914667982,0.5349266292619766,144.4132861946241
test_unseen,306,Ridge_Concat_KP,0.3,2,0.0893917397726949,0.2226568927297388,0.0059464017466962,0.0575258104839338,0.0231712648968053,0.0160972259867496,0.3254044776138795,0.5022308923569427,0.5786864745898359,27.970841082770917
Combined,1961,Ridge_Concat_KP,0.3,2,0.0669673224003755,0.2096048089753935,0.0059946691045626,0.079183504752107,0.0174820166926707,0.0108502770953528,0.2774627670255819,0.5133105766528947,0.5417550395987053,172.48712313375995
test_seen,1655,KNN_KP,0.3,2,0.0825098902632509,0.1549727743350495,0.0043362402191714,0.085601117259294,0.0401210254075573,0.0157444147470315,0.2725871611165924,0.5101803440409397,0.5192576607682348,469.09676632059467
test_unseen,306,KNN_KP,0.3,2,0.0796059220373724,0.1593119008903059,0.0043193794389451,0.0585370158038561,0.045059811914416,0.0217378125188357,0.2100411586310203,0.48953081232493,0.5370731625983727,87.68577110213285
Combined,1961,KNN_KP,0.3,2,0.0817538818032763,0.1556752441110363,0.0043336092152197,0.0813779581336622,0.0408916876569703,0.0166796415283533,0.2601959719449224,0.5069581325646015,0.5220376421858902,556.8064031025255
test_seen,1655,KRR_KP,0.3,2,0.0138769203988878,0.009045826339985,0.0042716323300955,0.0865814614533463,0.0619568581215984,0.0112956298647859,0.3684113060735625,0.5079582588322338,0.502217152722116,1582.0351083875269
test_unseen,306,KRR_KP,0.3,2,0.0155269935985577,0.0104439208459448,0.0042676593393868,0.0591050694718895,0.063339052345054,0.0160360899889346,0.3495548119311008,0.4870398159263705,0.5114595838335334,292.14771886415116
Combined,1961,KRR_KP,0.3,2,0.0141650252227819,0.0092722809612449,0.0042710123733607,0.082293967345072,0.0621725396271452,0.0120353447031283,0.364675585535905,0.5046940856913903,0.5036593678776967,1874.582857726901
test_seen,1655,RIDGE_LatentReg_KP,0.3,2,0.0091216474213916,0.0106114733724406,0.0042715739217382,0.0865861700877825,0.0617773495198659,0.0117250859149963,0.3376279871556833,0.5079893951538319,0.5021302176459708,1569.5855321433326
test_unseen,306,RIDGE_LatentReg_KP,0.3,2,0.0158838075785243,0.0096911302256104,0.0042686804083026,0.0591179534543651,0.0619075852906546,0.0108017108726101,0.3553955993003334,0.4868414032279579,0.5098389355742297,290.48827166487337
Combined,1961,RIDGE_LatentReg_KP,0.3,2,0.0105294129210956,0.0104772924300128,0.0042711224096978,0.0822999516839958,0.0617976718787957,0.0115809998553481,0.3411479857881139,0.5046894025330683,0.5033331078479327,1860.480584926201
test_seen,1655,DNN_KPDP,0.3,2,0.0009194115808589,0.0363704734048239,0.0042683161960238,0.0866356793208968,0.0344117029190368,0.0260052993503697,0.2257482795076683,0.508597324126025,0.4999667057155188,1375.3223546807224
test_unseen,306,DNN_KPDP,0.3,2,0.0120020624430752,0.0455093416372988,0.0042907938572601,0.0592450874265913,0.0385927124759144,0.0271869352198482,0.2298167150375758,0.4904295051353875,0.5317793784180339,256.09459685170884
Combined,1961,DNN_KPDP,0.3,2,0.0030667598315929,0.0380446017244983,0.0042718236740138,0.0823615737014897,0.0350641195046587,0.0261896851617213,0.2265542903201971,0.5057623661397246,0.5049308453621122,1629.4375959190138
test_seen,1655,MLP_Concat_KDP,0.3,2,0.0279122904288075,0.0563694541441211,0.0042785670007499,0.0865922794913604,0.0532718991828029,0.0150429293845363,0.2919629409044755,0.5098322954559468,0.5160885381342869,1250.04848123442
test_unseen,306,MLP_Concat_KDP,0.3,2,0.0406434679152623,0.0610192056895025,0.0042714757423901,0.0589147395571244,0.0586446910842508,0.0228358253708658,0.3174522974419817,0.4908846872082166,0.5335084033613445,234.1869260058582
Combined,1961,MLP_Concat_KDP,0.3,2,0.0303074797176947,0.0570672240258351,0.0042774604606897,0.0822733976862221,0.0541102848645179,0.0162589549693486,0.2970127190864343,0.5068756569430424,0.5188067832946539,1484.5904552550037
test_seen,1655,Ridge_Concat_KDP,0.3,2,0.0742412679181667,0.2131182425282464,0.0060702788271774,0.0817668437402542,0.0178457197532551,0.011808133682044,0.3213322531761575,0.5160376718663297,0.5391771995807386,141.02809717735343
test_unseen,306,Ridge_Concat_KDP,0.3,2,0.0896940751928201,0.219454939953761,0.0056648292548348,0.0580896032009412,0.0205615024473721,0.0127218845446418,0.2942664566742878,0.4986144457783113,0.5801687341603308,27.677914723021264
Combined,1961,Ridge_Concat_KDP,0.3,2,0.0768395377871375,0.2144562840584973,0.0060070113263427,0.078072179994701,0.0182694981848716,0.0119507179573907,0.3159701614163531,0.5133189022676894,0.5455736348593491,168.48465804635737
test_seen,1655,KNN_KDP,0.3,2,0.0846637692538993,0.1529835775369953,0.0043345669422884,0.0854610608802421,0.0407593561367778,0.0160169340509088,0.2901751903993923,0.5105114372032801,0.5170583883100068,482.47695405632425
test_unseen,306,KNN_KDP,0.3,2,0.0796059220373724,0.1593119008903059,0.0043193794389451,0.0585370158038561,0.045059811914416,0.0217378125188357,0.2100411586310203,0.48953081232493,0.5370731625983727,87.68577110213285
Combined,1961,KNN_KDP,0.3,2,0.0834482192213465,0.1540470857291424,0.0043321970412057,0.0812597565490977,0.0414304114493516,0.0169096361473829,0.2742995803320733,0.5072375610111459,0.5201815504376152,569.8039262688237
test_seen,1655,KRR_KDP,0.3,2,0.0140605808355299,0.0080950352909617,0.0042715398540987,0.0865851825242182,0.0620925298123098,0.0113494249863856,0.3724920947296721,0.5079508601023491,0.5021875578025773,1589.767416353499
test_unseen,306,KRR_KDP,0.3,2,0.0156149807093088,0.0108391630197021,0.0042676521453815,0.0591134764786369,0.0633417467550957,0.0166653980862186,0.3486648453902773,0.4870398159263705,0.5115462851807391,291.7519033121239
Combined,1961,KRR_KDP,0.3,2,0.0142949682860638,0.0085391812251721,0.0042709332050077,0.0822984196226639,0.0622874611659521,0.0121789445011989,0.3677716019360184,0.5046878414802942,0.503647920157354,1881.8515043805464
test_seen,1655,RIDGE_LatentReg_KDP,0.3,2,0.0081858170535074,0.0085297257731602,0.0042716892945435,0.0866129641373955,0.0618391821075893,0.011015530635238,0.3395704641678059,0.5079671989641779,0.5019520315679141,1584.379116958962
test_unseen,306,RIDGE_LatentReg_KDP,0.3,2,0.0166609181864157,0.0089939299903503,0.0042690037118376,0.0591297010864038,0.0615280795569148,0.0110407848897767,0.3624925332601429,0.4868564092303588,0.509420434840603,291.3132530157613
Combined,1961,RIDGE_LatentReg_KDP,0.3,2,0.0100446418349795,0.0088362411205343,0.0042712702286037,0.0823243978479496,0.0617906367835167,0.0110194713807193,0.3441116287993067,0.5046730114789414,0.5031174223896596,1873.9004159062551
test_seen,1655,BalancedKRR_lambda0.5_KDP,0.3,2,0.0161852217593189,0.0091080746657097,0.0042726418900427,0.0866312125653059,0.0613068280438902,0.0099034992839585,0.3812672236033942,0.5078512855293175,0.5018299525248165,1576.6100977295712
test_unseen,306,BalancedKRR_lambda0.5_KDP,0.3,2,0.016533941587422,0.0124103046601566,0.0042752304329524,0.0594801130383633,0.0632780513321754,0.0271363562744121,0.3495965938564082,0.4867113512071496,0.5116213151927437,290.5784158118128
Combined,1961,BalancedKRR_lambda0.5_KDP,0.3,2,0.0162405746479673,0.0097649615860032,0.0042730458136176,0.0823944780139318,0.0616144233147802,0.0125925631488636,0.37499285355918,0.5045525502398818,0.5033578245168542,1866.77521181324
test_seen,1780,DNN_DP,0.3,3,-0.0207614662398989,0.0378576137911684,0.0041784313698378,0.0859527853027928,0.0374759709454627,0.0140385202794689,0.1183771320701269,0.5115355983761957,0.5046218442390292,1440.1578758914657
test_unseen,319,DNN_DP,0.3,3,-0.014298109052265,0.0276480365267952,0.0045327831908054,0.0800881178414775,0.0378336241335011,0.0047467922122005,0.225718562281846,0.4671892323185838,0.5012177592631885,265.6357538783684
Combined,2099,DNN_DP,0.3,3,-0.0195397077650052,0.0363375438365103,0.004232284743296,0.0850614899620784,0.0375303260512198,0.0126263900967826,0.1370254313865696,0.5047959648495743,0.5041045011674269,1705.9527120546502
test_seen,1780,DNN_KP,0.3,3,0.0252663231416228,0.0752333619642124,0.0041858407353462,0.0851660855583081,0.0492911179967165,0.0246302666203045,0.2313398129317256,0.5134014738488234,0.5210494746200233,1209.2693855917937
test_unseen,319,DNN_KP,0.3,3,0.0166072171176315,0.0746616687723326,0.0045106648032345,0.079932355150535,0.0493860691350621,0.0218140026351598,0.2224903570285664,0.4696157857460905,0.5232898326813714,212.83998095860585
Combined,2099,DNN_KP,0.3,3,0.0238504530838834,0.075184895472114,0.0042352065655779,0.0843706782214431,0.0493055483983993,0.0242022588969785,0.2298024074570242,0.5067470505497421,0.5213899578127676,1422.2322224219977
test_seen,1780,Ridge_Concat_KP,0.3,3,0.0578719230322162,0.2040689848941733,0.0058349336939893,0.0815118966829381,0.0161889153918465,0.0097546350006886,0.2625199906513088,0.5181365880828183,0.5275939632180461,156.52328560814468
test_unseen,319,Ridge_Concat_KP,0.3,3,0.0419120050837992,0.1985713267315583,0.006153844610521,0.0792547058752199,0.0158322011390391,0.009517092093822,0.2124994708656837,0.4761677788369876,0.537964205348578,28.435518026354107
Combined,2099,Ridge_Concat_KP,0.3,3,0.0552839336938013,0.2033146705476999,0.005883400860437,0.0811688552976775,0.0161347029827729,0.0097185339109838,0.2538299850953316,0.5117582888215416,0.5291700028748539,184.99809944868923
test_seen,1780,KNN_KP,0.3,3,0.0783595712882304,0.1463453051307665,0.0042363900701474,0.0844536133253283,0.0384186543820823,0.0128098083976431,0.292835803339564,0.5132349160784482,0.5113727894945427,537.6293130174207
test_unseen,319,KNN_KP,0.3,3,0.0979364815651078,0.1617834505737401,0.0045469655989697,0.077937811857936,0.0438841710224097,0.0184583477935575,0.3681313070195343,0.4699295642065439,0.5398125098989632,92.35327896936998
Combined,2099,KNN_KP,0.3,3,0.0814880430056587,0.1486912885417381,0.0042835904482772,0.0834633605058437,0.0392492879258005,0.0136682572148402,0.3059168018602368,0.5066534929021083,0.5156949766355671,629.8302962702268
test_seen,1780,KRR_KP,0.3,3,0.0101962172338396,0.0063035795533287,0.0041693220792808,0.0853387024222277,0.0599312401697356,0.0062800099978616,0.3696403295796217,0.5114536583798374,0.5012821199430169,1706.2890905328293
test_unseen,319,KRR_KP,0.3,3,0.0113106202209028,0.0103570615542104,0.0044899119697865,0.0794995846940845,0.064754770753742,0.012273829191412,0.3866777464310623,0.46730428442075,0.5124809118103224,305.12384163051814
Combined,2099,KRR_KP,0.3,3,0.0103429338330926,0.0069228206428398,0.0042180444113777,0.0844512900566833,0.0606643065138509,0.0071909334484298,0.3726002197953382,0.50474396314737,0.5029840802125121,2011.8336704526523
test_seen,1780,RIDGE_LatentReg_KP,0.3,3,0.0075221689245005,0.0083402646411402,0.0041694843394815,0.0853381866700357,0.059639340718635,0.0062307731200803,0.3489593042612762,0.511480703934191,0.5013054166086481,1688.3436632173357
test_unseen,319,RIDGE_LatentReg_KP,0.3,3,0.0118731556825359,0.0123838412473189,0.0044899690288946,0.0795577211276747,0.0646786989531022,0.0128587381589092,0.3831541380316782,0.4672923309555898,0.5132698405108911,302.3677449551049
Combined,2099,RIDGE_LatentReg_KP,0.3,3,0.0082137129352172,0.0089603359964354,0.004218190683418,0.0844596880954701,0.0604052079300666,0.0072380722374631,0.3548999321620664,0.5047650817425884,0.5031237354389557,1991.1101127349036
test_seen,1780,DNN_KPDP,0.3,3,0.0363072916455058,0.0811316869268915,0.0041923146403962,0.0842373746934457,0.0402926228940801,0.0315856077893147,0.2776661800236332,0.5169819303563586,0.5207222501901222,1200.6269796815557
test_unseen,319,DNN_KPDP,0.3,3,0.0262978001013372,0.0818122530449929,0.0045074515088945,0.0787412878657184,0.0417163756700032,0.0256005107632536,0.2538111204332876,0.4726534600799089,0.5369959746706072,218.0720383289752
Combined,2099,DNN_KPDP,0.3,3,0.0346710662845398,0.0813114068568365,0.0042402082378478,0.0834020951803228,0.0405090007575958,0.0306760099087461,0.2735218688236155,0.5102450165792327,0.5231954841630974,1418.188203128415
test_seen,1780,MLP_Concat_KDP,0.3,3,0.0150116019912713,0.0512420773533123,0.0041737416520766,0.0855291343060672,0.0536450998159555,0.0153546442790165,0.2514682858779081,0.5125761827743919,0.5099522284465676,1355.3169778763297
test_unseen,319,MLP_Concat_KDP,0.3,3,0.0196543565522819,0.0567118065380942,0.0045029823470922,0.0797048812632282,0.0566253948809713,0.0134028488685035,0.289080459254084,0.4691331645902502,0.5273599875683962,241.82735684324905
Combined,2099,MLP_Concat_KDP,0.3,3,0.0157386352326143,0.0520703998309694,0.0042237787086321,0.0846439810327629,0.0540980365123538,0.0150580160103392,0.2580026041339386,0.5059738374667495,0.5125978097518861,1597.497843019239
test_seen,1780,Ridge_Concat_KDP,0.3,3,0.061815650318851,0.2086719753245636,0.0058536241959473,0.0806683296626059,0.0169421233962092,0.0111291447127134,0.2706092100720569,0.5187173980570046,0.5319839119118261,153.29049137615775
test_unseen,319,Ridge_Concat_KDP,0.3,3,0.0515182120186792,0.1972948420485164,0.0058356998561352,0.0790614472997827,0.0143963098950504,0.0075504054937168,0.2213914566665782,0.4746452062122158,0.5355630530345366,28.144440205009772
Combined,2099,Ridge_Concat_KDP,0.3,3,0.0602082546405024,0.2070621832353345,0.0058509001061902,0.0804241202896947,0.0165552179617787,0.0105852581901503,0.2620586681668678,0.5120194327409077,0.532527859514563,181.1703434141778
test_seen,1780,KNN_KDP,0.3,3,0.0794997424399688,0.1448021124656259,0.0042362119398728,0.0842817134857309,0.0388640553402051,0.0127481375027999,0.303645207900277,0.5132046571909041,0.5101455639935305,550.296731546509
test_unseen,319,KNN_KDP,0.3,3,0.0979364815651078,0.1617834505737401,0.0045469655989697,0.077937811857936,0.0438841710224097,0.0184583477935575,0.3681313070195343,0.4699295642065439,0.5398125098989632,92.35327896936998
Combined,2099,KNN_KDP,0.3,3,0.0824524301227682,0.1474309710237036,0.0042834393897308,0.083317585510854,0.0396269981237321,0.0136159588857211,0.3148483013913344,0.5066278326735097,0.5146542613464763,642.0208940654489
test_seen,1780,KRR_KDP,0.3,3,0.0091676123751225,0.0053428230231608,0.0041692245488656,0.0853472447383641,0.0600443393681448,0.0062101421172089,0.3672768933309827,0.5114410728248412,0.501197234391234,1714.1535008759402
test_unseen,319,KRR_KDP,0.3,3,0.0115240934796573,0.0106807328843048,0.0044898948865957,0.0794977420371434,0.0647600084947224,0.0127093654133526,0.3867286560274054,0.4673222146184902,0.5125884929967636,304.8379905310934
Combined,2099,KRR_KDP,0.3,3,0.0095134345242474,0.0061621381628719,0.0042179591071009,0.0844582540943958,0.0607610132373102,0.0071978754337739,0.3706562249858696,0.5047360152889546,0.5029284452036037,2019.3592963140736
test_seen,1780,RIDGE_LatentReg_KDP,0.3,3,0.0065730771965561,0.0063875021110106,0.0041695174959112,0.0853652419943521,0.0597319208007644,0.0056143419632838,0.3503372900617748,0.5114544617131351,0.5011112777283876,1703.1893117636594
test_unseen,319,RIDGE_LatentReg_KDP,0.3,3,0.0120307000980774,0.0110628977420894,0.0044904102261083,0.0795197926140602,0.0642310597156914,0.0116929737512558,0.3885230934856982,0.467220610164629,0.5127782542561807,303.87885732115774
Combined,2099,RIDGE_LatentReg_KDP,0.3,3,0.0075515167324942,0.0072732592810623,0.0042182858527158,0.0844768673624735,0.0604156870293788,0.0065381549887068,0.3569712643854224,0.5047319278189123,0.5028843913598151,2005.6810229471816
test_seen,1780,BalancedKRR_lambda0.5_KDP,0.3,3,0.0061416838347863,0.0038615338506255,0.0041702480476632,0.0854430189487882,0.0593936488732347,0.0050724315603318,0.3567702158913579,0.5113280706076413,0.5004935144225104,1720.340036033257
test_unseen,319,BalancedKRR_lambda0.5_KDP,0.3,3,0.0102829010953687,0.0093423670368164,0.0044973663310366,0.0799062066227612,0.0646475110205867,0.0208285868175773,0.3858029858251836,0.467119005710768,0.512084953276893,307.5066107357754
Combined,2099,BalancedKRR_lambda0.5_KDP,0.3,3,0.006815912253381,0.0047506987751581,0.0042199625461845,0.0846015500912357,0.0601921157741425,0.0074670068471642,0.3618140445663022,0.5046093037176449,0.5022551480549773,2027.8039582116317
test_seen,775,DNN_DP,0.5,1,-0.020733537025314,0.0032126748622998,0.0040728309249317,0.1010862184563933,0.0472571110399083,0.0063439685077799,0.2524964085527892,0.51385704339754,0.5145404966349502,754.449951768055
test_unseen,338,DNN_DP,0.5,1,-0.0082581097816243,-0.0003052416171437,0.004397322228325,0.076276380670095,0.0383960728303836,0.0104515565089039,0.2324046491998009,0.4832435826486739,0.4629113277425397,334.0348530640816
Combined,1113,DNN_DP,0.5,1,-0.0168481270919852,0.0021430018215868,0.0041713736567798,0.0935518741870592,0.0445661578370158,0.0075913761846711,0.24680110668895,0.5045602332150452,0.4988615576541462,1089.1084950853174
test_seen,775,DNN_KP,0.5,1,0.0097083443226773,0.0206239105603249,0.0040572866035374,0.1004641035491697,0.0624257725214861,0.0087132287683478,0.3406171750088453,0.5143826873984683,0.509874680900441,687.4154110992748
test_unseen,338,DNN_KP,0.5,1,0.0441975683528157,0.0311134962600215,0.0043534434889403,0.0756540428233946,0.0557312246742013,0.0134696992092806,0.4046697979171369,0.4876761312843216,0.4840098335532756,301.05516855740564
Combined,1113,DNN_KP,0.5,1,0.0204913184694454,0.0239929886585743,0.0041472246334261,0.0929296915767421,0.0603927472093726,0.010157691489853,0.3587738240222192,0.5062723406180716,0.5020199473844106,989.1744713451264
test_seen,775,Ridge_Concat_KP,0.5,1,0.0662166028766497,0.2160664860201922,0.0063828548325545,0.0945840712356809,0.0206855468632788,0.0138842520095238,0.4000199643943845,0.5265131120909724,0.5495207704803898,65.83415039810788
test_unseen,338,Ridge_Concat_KP,0.5,1,0.1066753568640387,0.2336852277298398,0.0066063339186325,0.0723134923718833,0.0229553093419192,0.0178014133159979,0.4305970052362002,0.4990554893363416,0.5555425482099529,28.600502954024112
Combined,1113,Ridge_Concat_KP,0.5,1,0.0791305120155431,0.2219884125867807,0.0064507217967004,0.0878208586067827,0.021374836816361,0.0150738301960362,0.4086874720345841,0.5181746785859722,0.5513494864485771,94.5261817566418
test_seen,775,KNN_KP,0.5,1,0.1136241292167178,0.1681548115820379,0.0041209079003204,0.0976081093546606,0.046095810031199,0.0215543111185131,0.4225947121953369,0.5195706660478069,0.5352181480621954,199.5020121324998
test_unseen,338,KNN_KP,0.5,1,0.1017024835489137,0.169572156441136,0.0044389461317381,0.0753587859040763,0.0400044867897388,0.0204350942163731,0.2604177488739805,0.4861835383763995,0.5115443148439828,87.98473801190082
Combined,1113,KNN_KP,0.5,1,0.1101805774905227,0.1690095500787415,0.0042174909391517,0.0908513516490923,0.0442459742220224,0.0212144231464346,0.3766232895215666,0.5094315383272896,0.5280287899060806,287.7242339575429
test_seen,775,KRR_KP,0.5,1,0.0249813899865707,0.0216022864026276,0.0040559789882701,0.1000064465294265,0.0712235857901759,0.0192586817062692,0.4100996970797672,0.5148851241587376,0.5204896727779067,712.9782537329363
test_unseen,338,KRR_KP,0.5,1,0.0187769039027046,0.0174846850052398,0.004378784027548,0.0758039910257131,0.0583118712834816,0.0153224912801119,0.3074406104871683,0.4833872546932868,0.4709862287684646,313.0065187494032
Combined,1113,KRR_KP,0.5,1,0.0231002881588874,0.0203963836004031,0.004154009629129,0.0926565543818478,0.0673025080693649,0.0180633246855674,0.3809994835574556,0.5053197334315835,0.5054562818747697,1026.6582320273376
test_seen,775,RIDGE_LatentReg_KP,0.5,1,0.0204730094433608,0.0211308343565668,0.0040562676020893,0.1000397554823805,0.0705654118219706,0.018190328584572,0.3888189309761287,0.5149361800881875,0.5195521002552796,712.3023590422331
test_unseen,338,RIDGE_LatentReg_KP,0.5,1,0.0208042837947539,0.0165208786903265,0.0043805833108794,0.0758404200546292,0.0568583979576536,0.0120151765682044,0.3243502938572239,0.483296794517049,0.4695867566301988,312.3968782650232
Combined,1113,RIDGE_LatentReg_KP,0.5,1,0.0206190278676477,0.0197684629305242,0.004154757008712,0.0926908108511317,0.0664028146196892,0.0163150353397092,0.370544356674707,0.5053278132211212,0.5043784379504482,1025.4052159550113
test_seen,775,DNN_KPDP,0.5,1,0.0195699723960135,0.0672726605747236,0.0040741110733722,0.0996718825316813,0.0544784499902934,0.0265872674161442,0.2490648317991622,0.5205360872592248,0.5307519145973544,570.5869811576391
test_unseen,338,DNN_KPDP,0.5,1,0.05573868396923,0.0643409997112445,0.0043485619915191,0.075498093258606,0.0476967304181637,0.0324670696321439,0.3558188987159327,0.4914914222468179,0.4877160401856029,257.13633989891366
Combined,1113,DNN_KPDP,0.5,1,0.0310700396907172,0.0667773479843444,0.0041574573539954,0.0923306958521669,0.052418952042962,0.0283728677297183,0.2793258271456484,0.5117156948295811,0.5176826194031299,826.5545994236633
test_seen,775,MLP_Concat_KDP,0.5,1,0.0326758697307959,0.0646758619227734,0.0040645657211256,0.0996278588377204,0.0590383698568777,0.0199460663862642,0.3205259126916907,0.5173787421675563,0.5321907635182176,573.050498613743
test_unseen,338,MLP_Concat_KDP,0.5,1,0.0717111956296925,0.0753302262434265,0.0043827064095149,0.0759173349434968,0.0530019414077326,0.0232802477371996,0.4109864658516109,0.487114746072964,0.5169533012643139,249.12841333394493
Combined,1113,MLP_Concat_KDP,0.5,1,0.0449822087989536,0.0682849260512786,0.0041611798744729,0.0924273583199778,0.0572052047034087,0.0209586030409058,0.3461682742173372,0.5081880587174465,0.5275633940287123,822.7245395790587
test_seen,775,Ridge_Concat_KDP,0.5,1,0.0754319501598285,0.2274585269264062,0.0066292749456458,0.0925691976664978,0.0219147253858814,0.0161489890838944,0.4491828679857901,0.5314632165235553,0.5611429566024599,65.40041317017136
test_unseen,338,Ridge_Concat_KDP,0.5,1,0.1088556016601211,0.2297101533932294,0.0063037754407705,0.0727261782162739,0.0194678823586852,0.0135744278299324,0.4100306522799359,0.4949901025924823,0.5528952577582904,27.71108743100886
Combined,1113,Ridge_Concat_KDP,0.5,1,0.0864915059636146,0.2288844827905969,0.0065304260394034,0.0865431953536715,0.0211716589499493,0.0153671366994926,0.4380846021164141,0.5203869249613786,0.5586382645904839,92.88684725351314
test_seen,775,KNN_KDP,0.5,1,0.1177527729941148,0.1686535294797171,0.0041193126326458,0.0974281296065314,0.0469458567244782,0.0221542046783544,0.4414833903346448,0.5197864933859364,0.5386342538872129,205.1867168281368
test_unseen,338,KNN_KDP,0.5,1,0.1017024835489137,0.169572156441136,0.0044389461317381,0.0753587859040763,0.0400044867897388,0.0204350942163731,0.2604177488739805,0.4861835383763995,0.5115443148439828,87.98473801190082
Combined,1113,KNN_KDP,0.5,1,0.1130410047384128,0.1693754168833133,0.004216380128327,0.0907260288235756,0.0448378755583129,0.0216321387878336,0.3901576966922517,0.5095818224126898,0.5304074799459624,293.24933387510725
test_seen,775,KRR_KDP,0.5,1,0.0254397319588725,0.0203075380036212,0.0040558593406152,0.1000072046144054,0.0715837440369055,0.0198509092946992,0.4163835778765461,0.5148955674170341,0.5203933627291715,718.2820766982456
test_unseen,338,KRR_KDP,0.5,1,0.0188946569812396,0.0188051022205217,0.0043784213050765,0.0758121801099433,0.0585477258387012,0.0172215610034313,0.3030325184525964,0.4834005576603805,0.4713932995615342,311.6629631036339
Combined,1113,KRR_KDP,0.5,1,0.0234584126336232,0.0199222934459883,0.0041538161636053,0.0926595691404537,0.0676249173064535,0.0190524189780339,0.3842525689059777,0.5053310451369363,0.5055128404015332,1030.5060880057215
test_seen,775,RIDGE_LatentReg_KDP,0.5,1,0.0193155390044017,0.0186793923856681,0.0040564497531054,0.1000853050815674,0.0707605661225527,0.0177652637597806,0.3906494468351246,0.5149164539336273,0.519238802506382,720.5364020011452
test_unseen,338,RIDGE_LatentReg_KDP,0.5,1,0.0222467879967593,0.0174209334226359,0.0043805229260779,0.0758861353577402,0.0570505409180023,0.0153288692013318,0.3293688308475622,0.4833872546932867,0.4697463922353242,311.97519259112767
Combined,1113,RIDGE_LatentReg_KDP,0.5,1,0.0205319424290399,0.0187784913693435,0.0041548655055445,0.0927364107719056,0.0665970544252139,0.0170253703538905,0.3732785635630598,0.5053415488633352,0.5042087623701578,1030.7975390060976
test_seen,775,BalancedKRR_lambda0.5_KDP,0.5,1,0.0293884963323136,0.0216331118799918,0.0040576353273625,0.100074722585123,0.0709445720064385,0.0190693231643891,0.4332400980442031,0.5148247853330239,0.5195845903922024,710.6586704314856
test_unseen,338,BalancedKRR_lambda0.5_KDP,0.5,1,0.0202275621339287,0.0232952276880423,0.0043841309027082,0.0762722049965068,0.0589024719126688,0.0296457407789025,0.2950428095185917,0.4840417606743007,0.4722234047081862,307.27067829666646
Combined,1113,BalancedKRR_lambda0.5_KDP,0.5,1,0.0267539978934752,0.0224874383553857,0.0041567867240083,0.0928462850784273,0.0672875820408553,0.0222812091964695,0.3940660635015102,0.5054764813486138,0.505201768504334,1017.3391127147707
test_seen,1350,DNN_DP,0.5,2,-0.0009111364997045,0.000988036480914,0.0043199034408313,0.0905476996805848,0.0509522428517375,0.0084374757199966,0.3174419062962885,0.5083025623811123,0.4978905673044646,1331.7112957804263
test_unseen,306,DNN_DP,0.5,2,-0.0119832381870827,-0.0003340942391307,0.0042804257289829,0.0594813744414183,0.04893960005923,0.0057664756368755,0.2613100461933304,0.4869182315423651,0.5077799498449934,303.32833853355027
Combined,1656,DNN_DP,0.5,2,-0.0033399578000481,0.00075606428506,0.0043126086462506,0.084807183060304,0.0505803414661655,0.0079439213568112,0.3049018098903085,0.5043511099435176,0.4997179532086927,1635.4350891893232
test_seen,1350,DNN_KP,0.5,2,0.0073540470357905,0.0183833421208892,0.0043167411052768,0.0905519321268542,0.0578868227102237,0.0116472979683867,0.2976504197305497,0.5088244377307821,0.5050621013763008,1239.748055345354
test_unseen,306,DNN_KP,0.5,2,-0.0026966849566289,0.0240905913646782,0.0042706567514787,0.0594467362546567,0.0586150358936402,0.0149417675239627,0.2199791848953011,0.4885176628556759,0.5226270165669491,279.2766871447835
Combined,1656,DNN_KP,0.5,2,0.004944522716789,0.0194242637198348,0.0043082255181619,0.0848042328896003,0.058021383841942,0.0122560586471344,0.2802983353524622,0.5050720988951647,0.5083077922267466,1519.5002650112638
test_seen,1350,Ridge_Concat_KP,0.5,2,0.0554406298898308,0.207617650595028,0.0062375354981282,0.0883687863759272,0.0169178021400438,0.0109930439584368,0.2478649129779991,0.5161065234418708,0.53951795904666,111.821399712996
test_unseen,306,Ridge_Concat_KP,0.5,2,0.0794093249551495,0.2247956033985574,0.0061322186492684,0.0578110000169965,0.0230282264132571,0.0168481122221401,0.3067129609869231,0.504032146594791,0.5777837015974567,26.15815345509532
Combined,1656,Ridge_Concat_KP,0.5,2,0.060261977705276,0.2107375710046085,0.0062180747760563,0.0827222388965595,0.0180469022774854,0.012074958746295,0.2610118173204182,0.5138753885896931,0.5465888027788725,138.10569908146164
test_seen,1350,KNN_KP,0.5,2,0.0943817066103209,0.1627103550699848,0.0043716943300705,0.0886854066294833,0.042076307378256,0.0183456409703772,0.3005017606581087,0.5113944276602888,0.5228698668456976,361.43915247309343
test_unseen,306,KNN_KP,0.5,2,0.0870298164306607,0.1621458036947204,0.004321887588517,0.0585127528236934,0.0444653351640436,0.0217430987285671,0.257322644862684,0.4895148391682956,0.5324921509389255,82.85292045445091
Combined,1656,KNN_KP,0.5,2,0.0927596932883277,0.1626621205496473,0.0043624909104356,0.0831100249479786,0.0425177581647602,0.0189734320778688,0.2908553624484926,0.5073514602215509,0.5246478976020549,444.38538765111815
test_seen,1350,KRR_KP,0.5,2,0.0182356303920508,0.0152328382331381,0.0043110100186171,0.0900197617106037,0.0654835259832945,0.0172964479336864,0.3614136280729592,0.5088374174779009,0.5028550967886315,1270.6322177388297
test_unseen,306,KRR_KP,0.5,2,0.0119456743501405,0.0151455629277149,0.0042662641268562,0.0591418996538237,0.0647509875689817,0.019192637637488,0.3255306778818774,0.4874138577888355,0.5107675295697331,287.7919126129407
Combined,1656,KRR_KP,0.5,2,0.0168328722206354,0.015227649821977,0.0043027417560091,0.0843140698088074,0.065348165624128,0.0176468308137367,0.3533972243068664,0.5048787162310084,0.5043171767590524,1558.833685259218
test_seen,1350,RIDGE_LatentReg_KP,0.5,2,0.0141979883349203,0.0159585452644425,0.0043109205147037,0.0900005925396524,0.0651998275423522,0.0172540228826537,0.3370709884971906,0.5088754615642833,0.5023444108761329,1264.7195479115626
test_unseen,306,RIDGE_LatentReg_KP,0.5,2,0.0097630782507264,0.0135305227454411,0.0042671465563616,0.0591604085310308,0.0631988537867009,0.0136940978898366,0.3203823042638459,0.4872104733131924,0.5088896787315127,287.183057655266
Combined,1656,RIDGE_LatentReg_KP,0.5,2,0.0132772949203832,0.0155247481178174,0.0043028318484883,0.0843018628858854,0.0648300823918514,0.0165962106557201,0.3333426654237837,0.504872148517886,0.5035538625450618,1552.333162402748
test_seen,1350,DNN_KPDP,0.5,2,0.044639986881222,0.0813845070919272,0.0043068669475598,0.0884019797073944,0.0406926095238927,0.0264551381453603,0.2971941992322269,0.5129229047778897,0.5166149714669351,910.5953481942594
test_unseen,306,DNN_KPDP,0.5,2,0.0651375871888191,0.0973090686742252,0.0042652544023747,0.058730057272197,0.0460665050093645,0.0310416152272683,0.3490476317138959,0.4955591098473628,0.5653476294848251,207.03381237562675
Combined,1656,DNN_KPDP,0.5,2,0.0489784133335643,0.0846038466220059,0.004299177672906,0.0829191244748035,0.041685611950556,0.0273026393452781,0.308778476701536,0.5097143774537706,0.5256199191441541,1116.4718804110066
test_seen,1350,MLP_Concat_KDP,0.5,2,0.0220978123119171,0.0381383644594859,0.0043039513244036,0.0899624079944337,0.0582440439252207,0.0179964482991284,0.3084613717779888,0.5096802058856439,0.5162497482376636,1156.67836620578
test_unseen,306,MLP_Concat_KDP,0.5,2,0.0190775711365995,0.0457781128650057,0.0042674445255852,0.0592040694026897,0.060059092110782,0.0246646109523841,0.2633943125430353,0.4908891653338072,0.5387417807001955,261.8602915457844
Combined,1656,MLP_Concat_KDP,0.5,2,0.0212263959687797,0.0395472054837213,0.0042972055028828,0.084278801950307,0.058579433263857,0.0192286087894039,0.2983931989701801,0.5062079483923698,0.5204058846709575,1419.1099368828675
test_seen,1350,Ridge_Concat_KDP,0.5,2,0.0662182371112793,0.2166517473326987,0.0063576581337328,0.0864053525104668,0.0190147509779184,0.0135364360646948,0.2933681961098175,0.5182633993510126,0.5475882287120958,111.22731656213308
test_unseen,306,Ridge_Concat_KDP,0.5,2,0.0692470942135046,0.2162051313342068,0.0058525389396501,0.0586096158488907,0.0199139889401732,0.0128980700635503,0.2379860937095274,0.497991825128843,0.5714116462294888,26.41210165247545
Combined,1656,Ridge_Concat_KDP,0.5,2,0.0666058677291391,0.2169415889500447,0.006264320891348,0.0812691837795233,0.019180914514422,0.0134184771297007,0.2809955987650718,0.5145175649838726,0.5519903819490054,137.39612149210296
test_seen,1350,KNN_KDP,0.5,2,0.0944381715703456,0.1618081323267525,0.004370039612505,0.0884541193755007,0.0431587864697898,0.0190534497331235,0.302840669457173,0.5117654693968893,0.5224343739509902,371.7472006065452
test_unseen,306,KNN_KDP,0.5,2,0.0870298164306607,0.1621458036947204,0.004321887588517,0.0585127528236934,0.0444653351640436,0.0217430987285671,0.257322644862684,0.4895148391682956,0.5324921509389255,82.85292045445091
Combined,1656,KNN_KDP,0.5,2,0.0928300930131987,0.1619922012603862,0.0043611419558985,0.082921475556145,0.0434002139459019,0.0195504500909772,0.2926717490690425,0.5076539398981275,0.5242928762205,454.3740287666238
test_seen,1350,KRR_KDP,0.5,2,0.0182168517070742,0.0141141426094549,0.0043107794902697,0.0900158748630279,0.0657317622169524,0.0177119939057211,0.3649133879860308,0.5088356271679534,0.502914177016896,1278.9257160386346
test_unseen,306,KRR_KDP,0.5,2,0.012102674519035,0.0157952341028099,0.0042662866875998,0.0591515474070831,0.0647685854333084,0.0198904179045551,0.3241585843541908,0.4874553245265881,0.5110143553896886,287.145913297641
Combined,1656,KRR_KDP,0.5,2,0.0168206855676972,0.014449802420182,0.0043025579941241,0.0843126839200816,0.0655537838982356,0.0181145287750709,0.3558085914299814,0.5048849190711794,0.5044109491075208,1566.3821477291876
test_seen,1350,RIDGE_LatentReg_KDP,0.5,2,0.012485664529964,0.0136354447691131,0.0043110530774546,0.0900246104223068,0.0653252180863992,0.0168307453243133,0.3355781716898929,0.5088423408302563,0.502156428331655,1278.8038660945515
test_unseen,306,RIDGE_LatentReg_KDP,0.5,2,0.0110372197317776,0.0127178398899436,0.0042675433447594,0.0591694049238019,0.0627559745454586,0.0136634941594358,0.3305207292646737,0.4872361431984677,0.5085855893213277,288.19149710189333
Combined,1656,RIDGE_LatentReg_KDP,0.5,2,0.0123787532190653,0.0137674513985578,0.0043030132355435,0.0843231050584527,0.0648504665625297,0.0162454923916729,0.3344483175310673,0.5048498912678605,0.503344425471051,1565.0559159487736
test_seen,1350,BalancedKRR_lambda0.5_KDP,0.5,2,0.0207142154872744,0.0153355615044932,0.0043117015558718,0.090038755362806,0.0649383953781423,0.0164707252907872,0.3751095640732168,0.5087756517847152,0.5025417925478348,1267.529197244673
test_unseen,306,BalancedKRR_lambda0.5_KDP,0.5,2,0.0124299935592891,0.0165539202633191,0.0042753813105536,0.0595202058223141,0.0646693414189058,0.0235518885626182,0.3248828596844567,0.4869853681653931,0.5112750034555615,285.1138303410777
Combined,1656,BalancedKRR_lambda0.5_KDP,0.5,2,0.0189667192887487,0.0157725464059016,0.0043049902061935,0.0843994581651064,0.0648886788856747,0.017779201112756,0.3638887045821109,0.5047491863333187,0.5041555380416538,1551.9392301922044
test_seen,1040,DNN_DP,0.5,3,-0.007962188313167,0.0076626818855416,0.0040861581348453,0.088642906563289,0.041799457868848,0.0095214649135567,0.286596765324825,0.5133029341792228,0.4999072448170387,992.6688366860592
test_unseen,319,DNN_DP,0.5,3,-0.0257254093727382,0.0027991785823198,0.004508625456257,0.0799674180552857,0.0430379584095087,0.0056345547071365,0.2595779694687986,0.4755448959146079,0.5049699678210166,311.0230124843733
Combined,1359,DNN_DP,0.5,3,-0.0122943868297035,0.0065927937320419,0.0041853244891722,0.0866064968252073,0.0420901728596286,0.008609084960762,0.2795409014388563,0.5044399362348431,0.5010956249776486,1303.6803849752105
test_seen,1040,DNN_KP,0.5,3,0.0134740374582456,0.0512039188112636,0.0040727220738193,0.0881893348416504,0.0571612341724252,0.0259575370818332,0.2430270627250752,0.5152295513764586,0.5134969412031267,821.972078187565
test_unseen,319,DNN_KP,0.5,3,0.0064017737851264,0.0512631732328345,0.0044913531728797,0.0800641853599628,0.0564258341279438,0.0162234830765407,0.2574305233708747,0.4766021394176389,0.5322874778971473,255.29523907967672
Combined,1359,DNN_KP,0.5,3,0.0117137282421615,0.0512085106176939,0.0041709879462257,0.0862821069647863,0.056988612675597,0.0236726487612384,0.2467884760147426,0.5061624841101867,0.5179076705669182,1077.750658862514
test_seen,1040,Ridge_Concat_KP,0.5,3,0.0471544687517968,0.208163663429887,0.0062115184603326,0.0850465208839037,0.0176102676756143,0.0127187478736386,0.2769665258230216,0.5230238189645406,0.5330180129149201,89.19323405104403
test_unseen,319,Ridge_Concat_KP,0.5,3,0.0535214063743713,0.2176710232700508,0.006592973090294,0.0779068475498139,0.0195289192042328,0.0144366211007213,0.2897328340729622,0.4869852863098509,0.5666594337052923,27.720013654546086
Combined,1359,Ridge_Concat_KP,0.5,3,0.0487150092270638,0.2104467539594404,0.0063010578473508,0.0833706152227009,0.0180606354737227,0.0131219866958898,0.2803004024997577,0.514564443013955,0.5409147113933076,116.86877220487742
test_seen,1040,KNN_KP,0.5,3,0.0998117177409799,0.1569028268853484,0.0041346949247702,0.0866058244951779,0.04195428189483,0.018492101924342,0.3710668970444858,0.5169437521241645,0.5113975586269401,284.8487055022359
test_unseen,319,KNN_KP,0.5,3,0.1041503355999418,0.1783147891324831,0.0045323347803145,0.0772412140383123,0.0494752786815716,0.026418125560482,0.3587477093874682,0.4800162510791733,0.5549720453737518,84.9144078587175
Combined,1359,KNN_KP,0.5,3,0.1006575877757848,0.1618699511575508,0.0042280334927751,0.084407656183375,0.0437196961516148,0.0203525887086898,0.3678497843442456,0.5082757073608443,0.5216258597838443,369.8372240241479
test_seen,1040,KRR_KP,0.5,3,0.0209822283434055,0.0158185329198175,0.0040717042558586,0.0879047169340155,0.0636809497008646,0.0130344362022571,0.3949957990401877,0.5140265662172878,0.5018791775235074,968.386095889573
test_unseen,319,KRR_KP,0.5,3,0.0288170017630081,0.019598092722197,0.0044848758545266,0.0792426714472023,0.0676798578523932,0.019375521553601,0.4585810898127459,0.4762166379656604,0.5117843407925171,296.4319527786442
Combined,1359,KRR_KP,0.5,3,0.02289976937907,0.0167085353346788,0.0041686886119845,0.085871462695389,0.0646196190903698,0.0145228881721458,0.4116008749744226,0.5051513880625644,0.5042042305645774,1265.2143147355785
test_seen,1040,RIDGE_LatentReg_KP,0.5,3,0.0211216586745752,0.0161904411706879,0.0040717020383706,0.0879345757745088,0.0633729358171031,0.0124952014395409,0.3947204295059717,0.5141419791548658,0.5017120765832106,965.4459926142844
test_unseen,319,RIDGE_LatentReg_KP,0.5,3,0.0222314785958225,0.0195474972827723,0.0044854013942986,0.0793175524652125,0.0673619596900979,0.0196929146689973,0.4263307848802372,0.4762304883172285,0.5118120414956532,296.3417913626248
Combined,1359,RIDGE_LatentReg_KP,0.5,3,0.02137038041691,0.0169848325136399,0.0041688102757076,0.0859118896555496,0.0643092850558708,0.0141847308878092,0.4029753630750474,0.5052429610700929,0.5040828556906934,1262.170781125052
test_seen,1040,DNN_KPDP,0.5,3,0.0057423231353314,0.0351363018407102,0.0040557117310459,0.0876445830308252,0.0490602491364406,0.0291262862592031,0.2582017493425956,0.5185836071145349,0.5073184547411351,909.2441197282336
test_unseen,319,DNN_KPDP,0.5,3,-0.0159840999726502,0.0255342817147022,0.0044736377725656,0.0793338365796579,0.0501532048550843,0.0257182969488858,0.2278460847519127,0.4779687074390237,0.5117266309943167,289.70821393983977
Combined,1359,DNN_KPDP,0.5,3,0.0005480128668125,0.033085533985809,0.0041538121042944,0.0856937897137374,0.0493168001844519,0.0283263240884958,0.2502744738762389,0.5090500140339698,0.5083531922133684,1197.9936908817754
test_seen,1040,MLP_Concat_KDP,0.5,3,0.0131715177997098,0.0536467002962398,0.0040740560131266,0.0882517673253443,0.054996682296523,0.0202888539494153,0.2350910737960848,0.515158745893282,0.5077015124051207,790.543831263162
test_unseen,319,MLP_Concat_KDP,0.5,3,-0.0067156865774395,0.0549148002626522,0.004485317532083,0.0796747592944666,0.0545422212289004,0.0110565115253507,0.1814020158045186,0.4763274407782052,0.5238479970083241,243.83733756880684
Combined,1359,MLP_Concat_KDP,0.5,3,0.0081948770743024,0.0539122177767992,0.0041705920135292,0.0862384740495165,0.0548900060047117,0.0181217331007938,0.2210703643842745,0.5060438184968806,0.5114915996666525,1034.876091712762
test_seen,1040,Ridge_Concat_KDP,0.5,3,0.0454419972413701,0.2175360895845898,0.0063737873938782,0.0830170871426286,0.0196797836106107,0.0147919079108089,0.2617746200321006,0.5253759771156679,0.5402578735697293,86.53758185924535
test_unseen,319,Ridge_Concat_KDP,0.5,3,0.0512728172939809,0.2087531060189487,0.0062867743957126,0.0779340552624174,0.0154927636114274,0.0098790456142825,0.2666349867116859,0.4833657277667231,0.5485247067188055,26.50450283400784
Combined,1359,Ridge_Concat_KDP,0.5,3,0.0471603524677058,0.2156333319335727,0.0063533627092462,0.0818239398506585,0.0186969584599562,0.0136387047668855,0.2630438877637121,0.5155148516246352,0.5421983590550532,112.77686271180842
test_seen,1040,KNN_KDP,0.5,3,0.0970472877201482,0.1571840192716006,0.0041348105571843,0.0864274497672412,0.0428275049482802,0.0188017251386163,0.3549149644167331,0.5170457120199389,0.5156876628526113,294.8672563784476
test_unseen,319,KNN_KDP,0.5,3,0.1041503355999418,0.1783147891324831,0.0045323347803145,0.0772412140383123,0.0494752786815716,0.026418125560482,0.3587477093874682,0.4800162510791733,0.5549720453737518,84.9144078587175
Combined,1359,KNN_KDP,0.5,3,0.0986208911002032,0.1621411605822772,0.0042281219826284,0.0842711516086479,0.0443879463176106,0.0205895336261624,0.355915872339027,0.5083537340654839,0.5249089417519812,379.5491122539319
test_seen,1040,KRR_KDP,0.5,3,0.0194642845957041,0.0145768019571474,0.0040712475322179,0.0878992052732197,0.0640544884900567,0.0136662023039391,0.3907335776111051,0.5140074487368301,0.5018940466749744,975.5318765932708
test_unseen,319,KRR_KDP,0.5,3,0.0288408143520255,0.0204016623056862,0.0044848397025844,0.0792494298782181,0.0676912017932326,0.0201135238063164,0.4561936865060673,0.4761935540463802,0.5119944044579665,295.4874149411093
Combined,1359,KRR_KDP,0.5,3,0.0217563786292,0.0159600400250561,0.0041683306097358,0.0858688312106697,0.0649081393684328,0.0151795912364324,0.4078282557301717,0.5051313395342889,0.5042649180015193,1271.3279135646037
test_seen,1040,RIDGE_LatentReg_KDP,0.5,3,0.0192199080944376,0.0137668706997497,0.0040717523957204,0.0879566946521597,0.0635218658318567,0.0118630028932888,0.3925760757210694,0.5140626770137079,0.5013771666477853,976.2091347466396
test_unseen,319,RIDGE_LatentReg_KDP,0.5,3,0.021842363211506,0.0183188636171377,0.004486035777816,0.0793308482932916,0.06685872251387,0.0191316651081275,0.4286325390839648,0.476172778519028,0.5110225714562721,297.51753490038817
Combined,1359,RIDGE_LatentReg_KDP,0.5,3,0.0200146382523919,0.0151277455144596,0.0041689977223492,0.0859319374862444,0.0643051309397023,0.0135691862976549,0.4019920948158382,0.5051687273302621,0.5036412462165176,1272.1787935235195
test_seen,1040,BalancedKRR_lambda0.5_KDP,0.5,3,0.0184095184905316,0.0157296699456276,0.0040717726718761,0.0879200223950675,0.0637469811795903,0.0141844700278992,0.3816430410117992,0.5138814149767759,0.5017644726407613,969.3298575150664
test_unseen,319,BalancedKRR_lambda0.5_KDP,0.5,3,0.0274783001742379,0.0211972406842628,0.0044947114443824,0.0797375920256614,0.067466963341848,0.0212207120109726,0.4484737382896019,0.475997340732499,0.5122691030974003,292.6944235634934
Combined,1359,BalancedKRR_lambda0.5_KDP,0.5,3,0.020727387963556,0.0171895427553633,0.0041710496905881,0.0859993488940811,0.0646201778755139,0.0158360971011887,0.3990956434856202,0.5049888324278985,0.5042302394661239,1261.3848226273883
test_seen,1801,Presage_KPDP,0.3,1,-0.0350741836069583,0.0477497015008176,0.0042170286509759,0.0859707011529481,0.0287945667009776,0.0222880583193479,0.010622856036592,0.5110542994251712,0.5056958274402175,1387.0097496392827
test_unseen,338,Presage_KPDP,0.3,1,0.0160790556181354,0.0309373548557204,0.0044185834120637,0.0757613859636673,0.024182623645076,0.0215891677074249,0.2581883278307437,0.4895231953769768,0.4685834242033421,284.0386467167361
Combined,2139,Presage_KPDP,0.3,1,-0.025956343241485,0.0452027713886197,0.0042488778839108,0.0843574479813834,0.0280657977655429,0.022177621186655,0.0497121410567212,0.5076520024787992,0.4998314084154096,1670.073610492523
test_seen,1350,Presage_KPDP,0.5,2,0.0260867524823555,0.0732720247890128,0.0043285094662015,0.0902837763163059,0.0347902567088106,0.0191667069779445,0.2312594994897548,0.5110475551079781,0.518595949423744,927.429828359811
test_unseen,306,Presage_KPDP,0.5,2,-0.0133783808053643,0.0553681784238207,0.0042729034291318,0.0594491251005752,0.0375747569579106,0.0219061770735266,0.0702321041238542,0.489187054479395,0.5171692040360958,230.87424524658363
Combined,1656,Presage_KPDP,0.5,2,0.0179655809801362,0.0704557140987652,0.0043182344376125,0.0845860690264426,0.035304783928753,0.0196729134086499,0.1952852941420536,0.5070081147744355,0.5183323116890699,1154.9362676501446
test_seen,1350,Presage+,0.5,2,0.0152424740807239,0.0320207665374954,0.0043684245963008,0.0891888292836255,0.0528814977033196,0.011450688733047,0.3060010821754547,0.5118813919659841,0.4999033232628399,1162.6271518367494
test_unseen,306,Presage+,0.5,2,0.0235300868720206,0.0396293671617837,0.0043251726274855,0.0580348105191683,0.05356704033629,0.0140197639558975,0.322760000262825,0.4942084789605671,0.5150938925419111,261.3232239014717
Combined,1656,Presage+,0.5,2,0.0168406651230275,0.0333288593621007,0.0043604323846719,0.0834321084249758,0.053008174059412,0.0119254091546607,0.3097450957907183,0.5086157449975918,0.5027102762817987,1424.3729620241947
test_seen,775,Presage+,0.5,1,0.0463541886443309,0.0517522849337767,0.0040896621890268,0.0992609553609949,0.0571702939064227,0.0137534225782177,0.4382804641824285,0.5202494778370852,0.5170480389881643,601.3211578624872
test_unseen,338,Presage+,0.5,1,0.0724145371113239,0.0625657363754756,0.0044011843600694,0.074667777190055,0.0519820425838452,0.0159695792755724,0.4659658072915181,0.488796241113618,0.4974298667574816,262.4759310789457
Combined,1113,Presage+,0.5,1,0.0545219164450526,0.0552319233743375,0.0041842664062886,0.0917924070934498,0.0555947063529355,0.0144264333272796,0.446128277977131,0.5106976413478382,0.5110903191193676,864.401819887831
test_seen,1801,Presage_KP,0.3,1,0.0361331598859727,0.0747750129734845,0.0042159560680904,0.0856273576931843,0.0433742157017322,0.0157824746020966,0.2910245976067257,0.5102167541263065,0.5172614839796412,1178.8024936011816
test_unseen,338,Presage_KP,0.3,1,0.0696819819638951,0.0824093861680841,0.0043984954470998,0.075570214612813,0.0408870625028099,0.0178920836459117,0.3702765984432387,0.4901445248282694,0.5037750261539569,219.7560190244836
Combined,2139,Presage_KP,0.3,1,0.0419037457117664,0.0760298761642085,0.0042448005328427,0.0840381504182122,0.0429812013112526,0.0161158303088799,0.3035380714230172,0.5070449853078229,0.515130384052067,1399.07345086906
test_seen,2421,Presage_KPDP,0.1,1,-0.029608863857526,0.0354488661143815,0.004203728911367,0.0829767448789803,0.0200011760467864,0.0402251217396434,-0.0057503777014808,0.5103734874836718,0.5033418609645658,1982.186463189164
test_unseen,338,Presage_KPDP,0.1,1,0.0227569349945785,0.0221848243881192,0.0044315967405,0.075473149629725,0.015349787143366,0.0406937936002323,0.2556399659887148,0.4876325353677951,0.4668076944531454,297.04375997294943
Combined,2759,Presage_KPDP,0.1,1,-0.0221415872028857,0.0338667159879247,0.0042316445787273,0.0820574932681618,0.0194313429734424,0.0402825378646449,0.0266980787566124,0.5075875353940864,0.4988661276260881,2278.877584418754
test_seen,2454,Presage+,0.1,2,-0.0036912217036734,0.013211943370502,0.0042016109152045,0.0855956207474044,0.0476235288663716,0.0010340083984927,0.2559945664113221,0.5076225307528772,0.4987769153216574,2187.097198054757
test_unseen,306,Presage+,0.1,2,-0.0035294422481411,0.0140439516172062,0.0042875417926395,0.0593515501197962,0.04729451879258,0.0046634841708429,0.2337279244808841,0.4825905473945044,0.5040757876184181,272.40250723268207
Combined,2760,Presage+,0.1,2,-0.0036991568344956,0.0132972175556577,0.0042111380342244,0.0826859520473869,0.0475870516625382,0.0014364067993402,0.2529081011932416,0.5048472456414055,0.4993643989893419,2459.9193043430714
test_seen,1780,Presage+,0.3,3,-0.0005397504846151,0.0331115874619003,0.0041892185785648,0.0853285291951831,0.0464823650029369,0.0082395682037362,0.2366078618779976,0.5143464615846016,0.4987510844999517,1474.0386865625337
test_unseen,319,Presage+,0.3,3,-0.0082503183881243,0.0372536843375356,0.0045083541589507,0.0798851012992098,0.0489947465663751,0.0097297837604011,0.2149105193585515,0.4694290128529634,0.5112482107156838,260.5975339966197
Combined,2099,Presage+,0.3,3,-0.0018688561999758,0.0337490649711795,0.0042377198887806,0.0845012526354807,0.0468641895473565,0.0084660468900516,0.232838408304704,0.5075200365510655,0.500650361900056,1734.9675088350496
test_seen,1040,Presage+,0.5,3,0.0289623663345425,0.0450433970610673,0.0041271201466004,0.0868798524632807,0.0476572132247024,0.0088236961080518,0.3608607184823436,0.51904667497451,0.4939758694913334,819.0639393379884
test_unseen,319,Presage+,0.5,3,0.0206448258142533,0.0462472019170206,0.0045122149559151,0.078550671489602,0.0531956568015815,0.0147606225957927,0.3487194567070592,0.4781164445224167,0.509482874040286,255.1314911725597
Combined,1359,Presage+,0.5,3,0.0268679932896904,0.0453083779808577,0.0042175139980878,0.0849247319845438,0.0489572599509897,0.0102172792939159,0.3576900705028107,0.509439063852937,0.4976158506915659,1074.5849350586568
test_seen,2343,Presage_KP,0.1,3,0.0077923200410351,0.025425818971366,0.0042172684517585,0.0812642867063964,0.0431992610514261,0.0021489960473032,0.2849618015630509,0.5117560154637182,0.5015942167759497,1974.7349720194563
test_unseen,319,Presage_KP,0.1,3,0.0029123874976299,0.0255777380492315,0.0045384807336014,0.0795196608159771,0.0436294084393689,0.0007937728491137,0.2530462120739664,0.4686832559942228,0.5044088594218828,265.9643498242526
Combined,2662,Presage_KP,0.1,3,0.007100809104524,0.0254482920299789,0.0042557608326405,0.0810552199674619,0.0432508076392374,0.0019865932673549,0.2803864897831472,0.5065944037917539,0.5019315086632723,2241.080237539989
test_seen,1780,Presage_KPDP,0.3,3,-0.0325542810846907,0.044122151151272,0.0041938183189583,0.0855550269743011,0.0315378886078495,0.021083827302033,0.0417720578461034,0.5146937693469436,0.4991490022600442,1397.7348672257524
test_unseen,319,Presage_KPDP,0.3,3,-0.0460254337245869,0.0265471856505788,0.004515991104052,0.0796225651262767,0.0325045030724038,0.0155176693982685,0.0690165789180968,0.4684069915817722,0.4952963114594882,269.61424377566425
Combined,2099,Presage_KPDP,0.3,3,-0.0345637622869571,0.0415644996475039,0.0042427812148349,0.0846534284371311,0.0316847919018909,0.02023789858774,0.0465052161679328,0.507659237614171,0.4985634813618179,1666.549713422087
test_seen,2454,Presage_KPDP,0.1,2,-0.0441536280737523,0.03576752780644,0.0042386635675344,0.0854319066304894,0.0154462766066047,0.0363713137210378,-0.0134393677480115,0.5098979615649222,0.4991238572259477,2019.2636864958108
test_unseen,306,Presage_KPDP,0.1,2,-0.0230943435555794,0.0291777641061594,0.0043079607513637,0.059295809053868,0.0174975712703272,0.03957406550859,0.096273020405681,0.4851691552542244,0.5178654765035168,270.7214804876221
Combined,2760,Presage_KPDP,0.1,2,-0.041045014131257,0.0350953983181005,0.0042463465161763,0.08253420885569,0.0156737027541044,0.0367264014192229,0.0017682900158666,0.50715628956091,0.5012017324067216,2289.5112324134443
test_seen,2421,Presage_KP,0.1,1,0.0083011745598318,0.0154273464164975,0.0041850874489159,0.0827077391023567,0.0483571324357375,0.0017442367600564,0.2651753045566464,0.5082029402505692,0.5038452218457125,2125.603578786482
test_unseen,338,Presage_KP,0.1,1,0.0149401386411183,0.0165868893829464,0.0044108000632154,0.0754325108299018,0.0449600895917208,0.0029336934270329,0.196548150157152,0.4858979365031688,0.4744540894482323,296.9651720207321
Combined,2759,Presage_KP,0.1,1,0.0092099277554025,0.0155714985500112,0.004212739084883,0.0818164643085583,0.0479409669840239,0.0018899549019332,0.2566560715967091,0.5054703953913371,0.5002445684385547,2423.1673115526514
test_seen,2421,Presage+,0.1,1,0.0117354058099604,0.0138262910515564,0.004175735107427,0.082879875524307,0.0484943089972743,0.0043358029246881,0.2894722109491409,0.5077106619951901,0.5036273134606877,2143.004568812002
test_unseen,338,Presage+,0.1,1,0.013636724801365,0.0121480303171675,0.0044049015281817,0.0755340071825812,0.042111774139133,0.0013545197900687,0.2078136075465897,0.4854248640855435,0.4691226383924549,299.7313194549066
Combined,2759,Presage+,0.1,1,0.0120124316497113,0.0136088518169606,0.0042038098628511,0.0819799467459441,0.047712396426759,0.0039705714279496,0.2793352808715828,0.504980470007709,0.4994002093747642,2443.325218484073
test_seen,1655,Presage_KPDP,0.3,2,-0.02157418260226,0.0563497330542473,0.0042991534391515,0.0867374446423285,0.0294235708653232,0.0204958049504315,0.0456505059669666,0.5106970220112214,0.5087002897835872,1235.2391042892334
test_unseen,306,Presage_KPDP,0.3,2,0.000420193717267,0.0416264319801611,0.0042823645647212,0.059253201495805,0.0327692557280722,0.022619360408549,0.1817112770707355,0.4898025877017474,0.5133153261304523,248.78383039220836
Combined,1961,Presage_KPDP,0.3,2,-0.0165649824276107,0.0542700857911819,0.0042965336555841,0.082448725415997,0.0299456410172871,0.0208271705650077,0.0726059417516755,0.5074365952398298,0.5094204331401097,1482.419482958103
test_seen,1655,Presage+,0.3,2,0.0391454773549075,0.0637916741033708,0.0042926343758075,0.086647712219712,0.0459187603586298,0.016003591570529,0.3349887037867866,0.5100366853690117,0.5199966089154695,1202.9835244608985
test_unseen,306,Presage+,0.3,2,0.0257996573780615,0.0657195291007054,0.0042790417610482,0.0590030159489452,0.0489588609035833,0.0212432310955123,0.2267179537445816,0.4912615046018408,0.5283980258770175,223.1638360879017
Combined,1961,Presage+,0.3,2,0.036318178128565,0.0640638161865575,0.0042905133456615,0.0823339554329427,0.0463931462672253,0.0168211997778951,0.3135388382123875,0.5071069529290553,0.5213075898385872,1426.6480166488886
test_seen,775,Presage_KPDP,0.5,1,0.0062113430719215,0.0583915964365986,0.0040719339527875,0.1006943755706846,0.0514599453187326,0.0169788906873336,0.2104488058156561,0.5173033186354142,0.5203597122302158,567.9006722631913
test_unseen,338,Presage_KPDP,0.5,1,0.0350388116149837,0.036279888831773,0.0043806212028708,0.0758778575720218,0.0422853306093478,0.0159690287224296,0.3468057140258147,0.4849809501511217,0.4648482397513941,278.4507722471666
Combined,1113,Presage_KPDP,0.5,1,0.0155101838876967,0.0520791129706487,0.0041656772506565,0.0931580026294914,0.0486737640323247,0.016672212031325,0.2491011577492444,0.507487540964533,0.5035017807856141,844.2198344416493
test_seen,1780,Presage_KP,0.3,3,0.0334118796147782,0.0897233558202745,0.0042217684224744,0.0854840813936237,0.0356102814451793,0.0169461870534628,0.2418450771648084,0.5140390527093754,0.5268428465847623,1083.1662935011425
test_unseen,319,Presage_KP,0.3,3,0.050333587656512,0.0847353461682378,0.004538311018256,0.0794494121408912,0.0341251340852661,0.0146516643017408,0.3763406184080825,0.4689837462757485,0.5125720569821683,189.2121147029332
Combined,2099,Presage_KP,0.3,3,0.0363166639353906,0.0889668728864982,0.0042698756583269,0.0845669496682203,0.0353845730088704,0.0165974720664217,0.2652108279740213,0.5071916764576714,0.5246740129100471,1272.7553223393495
test_seen,2343,Presage+,0.1,3,-0.0032378055677934,0.0142581698533362,0.0042008009969453,0.0813738433116145,0.0454237653740649,1.6381916034835016e-05,0.2584867097873736,0.5103079960408826,0.4987461351530773,2076.5456843311104
test_unseen,319,Presage+,0.1,3,-0.0018866392190829,0.0171337324108997,0.0045145565525585,0.0794348235103899,0.0488999411867221,0.0014961558358715,0.2481438809880265,0.4676277214472604,0.5084012774795343,281.8625052915548
Combined,2662,Presage+,0.1,3,-0.0030867340648479,0.0146015389973539,0.0042383998031964,0.0811414814346083,0.0458403318970692,0.0001937101956846,0.2570039965678867,0.5051934176804899,0.4999031563409585,2358.8332783356927
test_seen,1040,Presage_KPDP,0.5,3,0.0251785595312521,0.0812847310927815,0.0040865445536249,0.088193185139863,0.0425866187727412,0.0190678826298104,0.2179987281321059,0.5161847173445112,0.5267311940636683,688.2953201139956
test_unseen,319,Presage_KPDP,0.5,3,0.0146749670232088,0.0744227043419302,0.0044922124939786,0.0795770774909891,0.048577573810727,0.0206345707403992,0.2319716256643643,0.4781603039690491,0.5382200451521462,226.66046862394776
Combined,1359,Presage_KPDP,0.5,3,0.0228275577904096,0.0800067829172549,0.0041817675653782,0.0861707139551751,0.0439928841569336,0.0194356335549597,0.2216477013730142,0.5072591927920663,0.5294279883956952,913.0131780357826
test_seen,775,Presage_KP,0.5,1,0.0599474996297937,0.0952180314701285,0.0040790409157026,0.0997114785313424,0.049969539326227,0.0259588585504709,0.3714215988630496,0.5200684613599443,0.5387352053840798,474.1108812511848
test_unseen,338,Presage_KP,0.5,1,0.0800418097359735,0.1112163660609421,0.0043790860059375,0.0749215479429468,0.0486690673632855,0.0323922411814948,0.3307914237613334,0.490083968328296,0.5259673917670598,203.83481913570657
Combined,1113,Presage_KP,0.5,1,0.0662582935780214,0.1002991149130265,0.0041701597301675,0.0921831797542735,0.0495746071398171,0.0279125722335671,0.3599043838735867,0.5109626584446728,0.5348578280232956,678.4544450913247
test_seen,1350,Presage_KP,0.5,2,0.0363665896654202,0.0645031166731087,0.0043264524395734,0.0896563353470801,0.0503444879158226,0.0175525597230317,0.3057044199384255,0.5115443661183843,0.5148291372943941,984.749159448743
test_unseen,306,Presage_KP,0.5,2,0.0455045667519627,0.0652524573276689,0.0042850028364544,0.0585484675416451,0.0499921167765108,0.0192532887853882,0.3515508085724529,0.4923977647453745,0.5214165827458879,224.155534307854
Combined,1656,Presage_KP,0.5,2,0.0383507610624814,0.0645788075430492,0.0043187932737797,0.0839081423830324,0.0502793758574715,0.0178668248758585,0.3159466982502827,0.5080064071690238,0.5160463826495614,1209.3406285472572
test_seen,1655,Presage_KP,0.3,2,0.0448471882219672,0.0984204144082821,0.004308248777575,0.0869010378680928,0.0387379860157837,0.0162755921570639,0.2566777179316539,0.5093368888340835,0.5251492077193415,927.9018994010372
test_unseen,306,Presage_KP,0.3,2,0.0510583070754627,0.0963295587700239,0.0043063717083869,0.0593410358341533,0.0406756703792908,0.0193063464816757,0.2714816721143187,0.4887905162064825,0.5270141389889289,171.95958582607804
Combined,1961,Presage_KP,0.3,2,0.0461804417084494,0.0981241812295628,0.0043079558743768,0.0826004970101706,0.0390403477777588,0.016748519654938,0.259610576779163,0.5061307745943864,0.5254402168822654,1099.9753965567838
test_seen,2343,Presage_KPDP,0.1,3,-0.032979128981959,0.0383231754601848,0.0042237066693003,0.0813024837953327,0.0190019769766894,0.0380916153372664,0.036209683375905,0.5127320010848919,0.5008933035196592,1912.130308304548
test_unseen,319,Presage_KPDP,0.1,3,-0.0534970454052225,0.0214016752199591,0.0045315906282469,0.0794883677587434,0.0212038827444979,0.034247417696038,-0.0292170218525536,0.4683746063833923,0.4989108909724701,279.97606591922727
Combined,2662,Presage_KPDP,0.1,3,-0.0356281901198962,0.0363827591544779,0.0042606018544633,0.0810850897248323,0.0192658417174599,0.0376309470248878,0.0268303305284686,0.507416445521489,0.5006557416854919,2191.3841069817145
test_seen,2454,Presage_KP,0.1,2,-0.0005676319312115,0.0164577598320067,0.0042087453635696,0.0854065864125589,0.0473652665779258,0.0008740437676969,0.2633420823564855,0.5081320878281437,0.4987018848885459,2154.583164113788
test_unseen,306,Presage_KP,0.1,2,-0.0037394092828967,0.0169574367457418,0.0042954364041783,0.0591091959380505,0.0457778958340026,0.0013486085667143,0.224748591973658,0.4830181438287529,0.5043103141945434,268.5529570267367
Combined,2760,Presage_KP,0.1,2,-0.0010431877442065,0.016493828638647,0.0042183567615501,0.0824910061642982,0.0471892754737082,0.0009266585606314,0.2579924896301529,0.5053477157760373,0.4993236890072542,2423.5549228491
test_seen,1801,Presage+,0.3,1,0.018074130926754,0.0258219485481853,0.0042203081117803,0.0852838422532222,0.0492310236511113,0.0096050575069466,0.3547032416267097,0.5119907919360879,0.5060500636534427,1579.299825808728
test_unseen,338,Presage+,0.3,1,0.0153419361376721,0.0216112861459535,0.0043945351458203,0.0751259977687958,0.0397460188078306,0.0017216864909164,0.2723104107997331,0.4904115996258186,0.4686470793364368,296.3037161359098
Combined,2139,Presage+,0.3,1,0.0176167055946573,0.0251228079658565,0.0042478390783561,0.0836787223674176,0.0477322243818131,0.0083593448358768,0.3416938472856082,0.5085808961900051,0.5001397276557111,1876.2143797594288
test_seen,1040,Presage_KP,0.5,3,0.0234353506820575,0.0460083209961837,0.0041274487967424,0.0872019391584586,0.0489901054795451,0.0077489521472199,0.3275428241016808,0.5194021185000566,0.4985364506627392,819.3279327557611
test_unseen,319,Presage_KP,0.5,3,0.0317137490743196,0.0473558202557771,0.0045192255973508,0.0782342882577952,0.0520211007218864,0.0114937573440918,0.4019737857682053,0.4783426669313624,0.5050230608353609,250.871608389039
Combined,1359,Presage_KP,0.5,3,0.02546252257759,0.0462837134317679,0.0042194111215357,0.0850969497270299,0.0497015752972838,0.0086279755893113,0.3469802089954866,0.5097641751222689,0.5000590618805952,1070.6012469984994
test_seen,2421,GEARS,0.1,1,-0.0502174871644868,0.1684906116949008,0.0076846939053188,0.0866656586451608,0.0057080534600018,-0.0005844822465505,0.0095069353496378,0.5101816382457222,0.4987362811320693,145.62270070947713
test_unseen,338,GEARS,0.1,1,-0.0136462239376566,0.1790371697469804,0.0080348006720394,0.0787071513809928,0.0057308752280012,-0.0001960767232843,0.0494211391588512,0.4872624447009452,0.4937910586094889,21.064568950845818
Combined,2759,GEARS,0.1,1,-0.0452303183863894,0.1698373410303469,0.0077275848394078,0.0856906766026495,0.0057108493126962,-0.0005368994024534,0.0144618020294022,0.5073738501275147,0.4981304510441272,166.86154959047815
test_seen,1350,GEARS,0.5,2,-0.059298714310337,0.1761388605823599,0.007968986212283,0.0936992107925953,0.0036080673764925,-0.0004654204730967,0.012071165619439,0.5104701801499385,0.4926409309611726,87.72268501734412
test_unseen,306,GEARS,0.5,2,-0.0473699458024234,0.1662774555850086,0.0079487173369314,0.0652278957543967,0.0039009333713295,-0.0001309638328634,0.1177453759666487,0.4919238591710602,0.5064174713188397,20.8182812433736
Combined,1656,GEARS,0.5,2,-0.0558928633547054,0.1750125508782558,0.0079652408766202,0.0884382069268412,0.0036621839190167,-0.0004036187026188,0.0356792338884965,0.5070431425777544,0.4951865960272633,108.56433827827875
test_seen,1040,GEARS,0.5,3,-0.0671850532859013,0.1807828913687024,0.0075489718540939,0.0920726109447153,0.0051481365932302,-2.8137964083268006e-05,-0.0117207625385786,0.5164983856349836,0.5028088535176164,59.14217893643858
test_unseen,319,GEARS,0.5,3,-0.0603070052234618,0.1789585406965904,0.0082649628900507,0.0825507881274811,0.0038988348016077,-0.0009870501439008,0.0860385020861113,0.4810111680001477,0.4985041620306462,18.47501642350843
Combined,1359,GEARS,0.5,3,-0.0654446978879486,0.1803493717633693,0.0077170374467872,0.0898375399522961,0.0048548862094718,-0.0002532247818623,0.0138087269493977,0.5081684206419648,0.5017984071715211,77.697431245242
test_seen,1655,GEARS,0.3,2,-0.0580275633253226,0.1733281859655319,0.0079625729846785,0.0899942801957861,0.0067332500425013,-0.0008582186507757,0.0485989145241822,0.5102136383254209,0.4952820765768543,128.09095530202066
test_unseen,306,GEARS,0.3,2,-0.0431953865248055,0.1631208110437452,0.007975134321869,0.0647338153614955,0.0071113825298151,-0.0004281406377457,0.1363272786301275,0.4912364945978391,0.5048852874483126,24.43268585303264
Combined,1961,GEARS,0.3,2,-0.0543689160009354,0.1722409547987642,0.0079645330913487,0.0860525656423476,0.0067922549079363,-0.0007911080582275,0.065979062130077,0.5072523910124987,0.4967805888291063,152.51836637419677
test_seen,775,GEARS,0.5,1,-0.0636618467884451,0.1792281944944722,0.0075118690859443,0.1026261583181646,0.0058904880603228,6.060018238688399e-06,0.0374153873564615,0.5177581805523324,0.5016790438616848,45.68685298076673
test_unseen,338,GEARS,0.5,1,-0.0310429407488558,0.1881642364337679,0.0080307785621603,0.078960820350164,0.0049055798147219,-0.0002231177749467,0.040507118329274,0.4844993827423268,0.492505108339364,20.646317268959148
Combined,1113,GEARS,0.5,1,-0.0532314517637844,0.1824627449952804,0.0076694534551815,0.0954393800313864,0.0055913874430604,-6.353755058133589e-05,0.0382917835377312,0.5076580245237773,0.498893068833343,66.55911472496322
test_seen,2454,GEARS,0.1,2,-0.0591751445314036,0.1738288147533874,0.0077232174172811,0.0888637940001057,0.005558866988148,-0.000205335245246,0.0080537405731278,0.5103323405093739,0.4995396262598245,145.7649344558794
test_unseen,306,GEARS,0.1,2,-0.0447376374154808,0.1588797641935982,0.0078881837108467,0.0654089046755409,0.0051877856085131,-0.0004351486515365,0.1156217386900773,0.486129766634212,0.5004951116607087,19.42606163450765
Combined,2760,GEARS,0.1,2,-0.0566068143603905,0.1725656103337489,0.0077415071585242,0.0862633606184692,0.0055177253569276,-0.0002308145576826,0.0229641561536951,0.507649011666693,0.4996455605107922,165.24175533313658
test_seen,2343,GEARS,0.1,3,-0.0589792322913234,0.1704199086401273,0.0077048008052852,0.0856821334380248,0.0054789203137346,-0.0001450324698329,0.0210650258000032,0.5121149728704869,0.4983772334392402,138.23768862992097
test_unseen,319,GEARS,0.1,3,-0.0423329710532504,0.1732993658497856,0.0082748531241271,0.0825286299198351,0.0046651285688545,-0.0007459545951282,0.0949484827477933,0.4721832483368852,0.5003351557796996,18.734489766329723
Combined,2662,GEARS,0.1,3,-0.0566009519564998,0.1707683003520436,0.0077731128600224,0.085304234256093,0.0053813998153812,-0.0002170437988972,0.0316567101876235,0.5073297662115015,0.498611860496568,157.05331558011784
test_seen,1801,GEARS,0.3,1,-0.0651338867465766,0.1746369839557198,0.007711967476697,0.0898063103010664,0.0053807346619587,-0.000547027190382,0.0007964712288813,0.5109989824798509,0.4993226920497863,104.816120701814
test_unseen,338,GEARS,0.3,1,-0.0283242818216556,0.185182921600266,0.0080246243001633,0.0788589132658759,0.0052815244425411,-0.0002309188949081,0.0443330386419547,0.4898234815483142,0.4955759682499266,20.517738677559752
Combined,2139,GEARS,0.3,1,-0.0588307976793707,0.176368699305304,0.0077613728092503,0.0880764270855945,0.0053650576847903,-0.000497076463935,0.0076706660835771,0.5076528771433108,0.4987306431276953,125.5014292237922
test_seen,1780,GEARS,0.3,3,-0.0711909359497716,0.175027165745241,0.0076900458969868,0.0901358792715418,0.0047517813128403,0.0002146879421699,-0.0226101499298811,0.5137343216118079,0.4998066644530371,104.10746868199946
test_unseen,319,GEARS,0.3,3,-0.06219989667611,0.1768422681805705,0.0082838030431961,0.0826987844365743,0.0035637933204809,-0.000778046191252,0.0615886540222741,0.4726280589664436,0.498825572048017,18.62252562452701
Combined,2099,GEARS,0.3,3,-0.0696947596734513,0.1752896834655054,0.007780283405153,0.0890056109283524,0.0045712343049495,6.381505576614798e-05,-0.0079823916161592,0.5074871097090584,0.4996575608431269,122.8272723658374
test_seen,1801,LLM_KNN_KP,0.3,1,0.0625944683990967,0.1866909427762521,0.0050570551855867,0.0848883704290258,0.0225231509625233,0.0110602337759042,0.2075487190257191,0.5147620929854477,0.5267970345962044,233.48757206284017
test_unseen,338,LLM_KNN_KP,0.3,1,0.06760734981346,0.1934499169598099,0.0052212193470866,0.0766505104780816,0.0229371707810144,0.0126123927009534,0.0958617356757204,0.497188103685909,0.5242609085524823,43.90070848347481
Combined,2139,LLM_KNN_KP,0.3,1,0.0634542374980829,0.1879053349369587,0.005082996039531,0.0835866422086335,0.0225885734490357,0.0113055024606479,0.1899139321809825,0.5119850904687371,0.5263962816262288,277.7272840446088
test_seen,775,LLM_KNN_KP,0.5,1,0.0685274713711726,0.2059049112925995,0.0049268646943592,0.0944376604235448,0.0254293944962821,0.0145628624121044,0.209987193880051,0.5234543977721049,0.5366836853098167,81.38873651633092
test_unseen,338,LLM_KNN_KP,0.5,1,0.082263104095486,0.211655049137676,0.0051727345974173,0.0767763918105128,0.0259229553889058,0.0180394466169989,0.1252601233157829,0.4960224128389595,0.5387568643310205,33.53844094474934
Combined,1113,LLM_KNN_KP,0.5,1,0.0735319271443985,0.208821420222429,0.0050015313854946,0.0890742203595693,0.02557928091291,0.0156186444976878,0.1859700715153766,0.5151237500565585,0.5373132760637851,115.32306088137187
